t_start,t_end,t_center,sync
63012,63042,63027.0,0.06165472692498181
63013,63043,63028.0,0.09492601808302664
63014,63044,63029.0,0.09676374343419157
63015,63045,63030.0,0.10885632065675858
63016,63046,63031.0,0.13180793812685532
63017,63047,63032.0,0.14483243465930007
63018,63048,63033.0,0.17249399506745255
63019,63049,63034.0,0.19419231029252998
63020,63050,63035.0,0.20154225494797426
63021,63051,63036.0,0.17964523796894039
63022,63052,63037.0,0.2090525537329072
63023,63053,63038.0,0.25472386412040066
63024,63054,63039.0,0.3305221740367675
63025,63055,63040.0,0.349720209727768
63026,63056,63041.0,0.31604215744071523
63027,63057,63042.0,0.31569051649053365
63028,63058,63043.0,0.3235251031720134
63029,63059,63044.0,0.3375731940173999
63030,63060,63045.0,0.3608502944290953
63031,63061,63046.0,0.44107556311040097
63032,63062,63047.0,0.4735366996500776
63033,63063,63048.0,0.41754140643646603
63034,63064,63049.0,0.2863665692984665
63035,63065,63050.0,0.04886970456514681
63036,63066,63051.0,-0.02378496791781275
63037,63067,63052.0,0.03543657715680202
63038,63068,63053.0,-0.046326583405025636
63039,63069,63054.0,-0.04375279313655228
63040,63070,63055.0,-0.002476885216882532
63041,63071,63056.0,-0.018691836229533527
63042,63072,63057.0,-0.06556682850115472
63043,63073,63058.0,-0.07466983107147375
63044,63074,63059.0,-0.07287860405900759
63045,63075,63060.0,-0.05970111724343608
63046,63076,63061.0,-0.08433486251741569
63047,63077,63062.0,-0.04232697180140263
63048,63078,63063.0,-0.08428022900583648
63049,63079,63064.0,-0.12500823621691817
63050,63080,63065.0,-0.09230730444782818
63051,63081,63066.0,-0.03201940995639971
63052,63082,63067.0,-0.020570326327070253
63053,63083,63068.0,-0.02182231749302528
63054,63084,63069.0,-0.019802874498844148
63055,63085,63070.0,-0.00342075118670443
63056,63086,63071.0,-0.013962606248528818
63057,63087,63072.0,-0.016483159768174698
63058,63088,63073.0,0.01521286445736282
63059,63089,63074.0,0.020300953929088258
63060,63090,63075.0,0.03234592967210971
63061,63091,63076.0,0.017689521830043426
63062,63092,63077.0,0.02123687942978848
63063,63093,63078.0,0.010627224356287752
63064,63094,63079.0,0.031730836489177065
63065,63095,63080.0,-0.0013781937338251868
63066,63096,63081.0,-0.0005276003154511313
63067,63097,63082.0,0.0392201361097246
63068,63098,63083.0,0.036602080142528144
63069,63099,63084.0,0.06854587983353572
63070,63100,63085.0,0.018231722066581888
63071,63101,63086.0,0.08301094319229246
63072,63102,63087.0,0.07787032791659068
63073,63103,63088.0,0.04800769070101307
63074,63104,63089.0,0.07906372645950319
63075,63105,63090.0,0.09717899467561898
63076,63106,63091.0,0.1280453374140636
63077,63107,63092.0,0.06468797652064125
63078,63108,63093.0,0.03860575580273449
63079,63109,63094.0,-0.01266344913385048
63080,63110,63095.0,-0.045930746805495644
63081,63111,63096.0,-0.014787345890178969
63082,63112,63097.0,0.004994437125210986
63083,63113,63098.0,0.050237679859286094
63084,63114,63099.0,0.11655198311114215
63085,63115,63100.0,0.21256149957691453
63086,63116,63101.0,0.27144841550848986
63087,63117,63102.0,0.2915817047603707
63088,63118,63103.0,0.3118749189206544
63089,63119,63104.0,0.2959494000264968
63090,63120,63105.0,0.2716882304618602
63091,63121,63106.0,0.2621739690061106
63092,63122,63107.0,0.21969576052653195
63093,63123,63108.0,0.24366655079946734
63094,63124,63109.0,0.26856044846060523
63095,63125,63110.0,0.2768338429718583
63096,63126,63111.0,0.3768637993729051
63097,63127,63112.0,0.3482616538550392
63098,63128,63113.0,0.28343281916633983
63099,63129,63114.0,0.20762363162523867
63100,63130,63115.0,0.12118139662734222
63101,63131,63116.0,0.07010937773983643
63102,63132,63117.0,0.08116911256172311
63103,63133,63118.0,0.09484288037019815
63104,63134,63119.0,0.08984499813945446
63105,63135,63120.0,0.050805284567365896
63106,63136,63121.0,0.04622565567407836
63107,63137,63122.0,0.018572896915960337
63108,63138,63123.0,0.014653035274816088
63109,63139,63124.0,0.020181557537442326
63110,63140,63125.0,-9.339654797261032e-05
63111,63141,63126.0,-0.017208165790720195
63112,63142,63127.0,-0.01707529906818281
63113,63143,63128.0,-0.028771226085869527
63114,63144,63129.0,-0.010946523375911989
63115,63145,63130.0,0.030083844331054863
63116,63146,63131.0,0.00947730515005235
63117,63147,63132.0,-0.005484354835778121
63118,63148,63133.0,0.007614313826641898
63119,63149,63134.0,0.01877414618806253
63120,63150,63135.0,-0.0463313370720026
63121,63151,63136.0,-0.0058918474456809
63122,63152,63137.0,-0.028309422058360866
63123,63153,63138.0,0.041568074650445146
63124,63154,63139.0,0.08563995781725385
63125,63155,63140.0,0.100341165086817
63126,63156,63141.0,0.036873347774035496
63127,63157,63142.0,-0.06266574281730716
63128,63158,63143.0,-0.04021169065662509
63129,63159,63144.0,0.09274316796234124
63130,63160,63145.0,0.1258818382297312
63131,63161,63146.0,0.15653629479274622
63132,63162,63147.0,0.08582495468191072
63133,63163,63148.0,0.059717569066338405
63134,63164,63149.0,0.05727720507592765
63135,63165,63150.0,0.04039088314364839
63136,63166,63151.0,0.046354330126443515
63137,63167,63152.0,-0.003185023710216612
63138,63168,63153.0,-0.0070817935338279734
63139,63169,63154.0,0.010106940721758917
63140,63170,63155.0,0.046632497721677865
63141,63171,63156.0,0.08958456916428424
63142,63172,63157.0,0.05023512657911455
63143,63173,63158.0,0.021763799208183374
63144,63174,63159.0,-0.024417011591335983
63145,63175,63160.0,-0.007760516909313177
63146,63176,63161.0,-0.038714751591507536
63147,63177,63162.0,-0.09868636877339103
63148,63178,63163.0,-0.09060060882467756
63149,63179,63164.0,-0.08241154934728417
63150,63180,63165.0,-0.06533721573201118
63151,63181,63166.0,-0.04614394538935301
63152,63182,63167.0,-0.05007029865714369
63153,63183,63168.0,-0.06685707756724832
63154,63184,63169.0,-0.059971223825768305
63155,63185,63170.0,-0.05173609269010592
63156,63186,63171.0,-0.050212852019101493
63157,63187,63172.0,-0.05807823783063227
63158,63188,63173.0,-0.06743014677336162
63159,63189,63174.0,-0.07124360721030043
63160,63190,63175.0,-0.07140646586646009
63161,63191,63176.0,-0.04613058169934689
63162,63192,63177.0,0.003886572485035287
63163,63193,63178.0,0.05268382512729556
63164,63194,63179.0,0.008208220218695031
63165,63195,63180.0,-0.049354515074384826
63166,63196,63181.0,-0.08737870709793413
63167,63197,63182.0,-0.08563730843697374
63168,63198,63183.0,-0.08471486602670933
63169,63199,63184.0,-0.11897761755065518
63170,63200,63185.0,-0.13605859479766294
63171,63201,63186.0,-0.1856275366476669
63172,63202,63187.0,-0.1447723254553079
63173,63203,63188.0,-0.14143406364218702
63174,63204,63189.0,-0.15157036033723414
63175,63205,63190.0,-0.14545878670326606
63176,63206,63191.0,-0.10252992032898543
63177,63207,63192.0,-0.16584246840504813
63178,63208,63193.0,-0.23056382028671765
63179,63209,63194.0,-0.1501632349453258
63180,63210,63195.0,-0.03395019144840827
63181,63211,63196.0,-0.08676943778349043
63182,63212,63197.0,-0.1654855765559774
63183,63213,63198.0,-0.19033620079285846
63184,63214,63199.0,-0.1484310574860124
63185,63215,63200.0,-0.041484139594218414
63186,63216,63201.0,-0.04320275033444058
63187,63217,63202.0,-0.06721754831776439
63188,63218,63203.0,-0.06772649331712012
63189,63219,63204.0,-0.07388846720779192
63190,63220,63205.0,-0.086437336583346
63191,63221,63206.0,-0.12657385778129457
63192,63222,63207.0,-0.15521507458613326
63193,63223,63208.0,-0.15333529792690162
63194,63224,63209.0,-0.11809594438903956
63195,63225,63210.0,-0.1334199012291431
63196,63226,63211.0,-0.09450962911597754
63197,63227,63212.0,-0.13185955402022198
63198,63228,63213.0,-0.08499549665313451
63199,63229,63214.0,-0.06535979591836605
63200,63230,63215.0,-0.06305704797167014
63201,63231,63216.0,-0.09175746551386912
63202,63232,63217.0,-0.06218932603542573
63203,63233,63218.0,-0.03710055390389309
63204,63234,63219.0,-0.013549349889027947
63205,63235,63220.0,0.0066090977024456194
63206,63236,63221.0,0.010371032246379374
63207,63237,63222.0,-0.023127993387356566
63208,63238,63223.0,-0.03399240622444508
63209,63239,63224.0,-0.003774821968532976
63210,63240,63225.0,-0.025591490234937314
63211,63241,63226.0,-0.08042155920998342
63212,63242,63227.0,-0.06530875751530792
63213,63243,63228.0,-0.033500932659059644
63214,63244,63229.0,0.0022828113318381525
63215,63245,63230.0,0.023756572308394248
63216,63246,63231.0,0.000333901088599159
63217,63247,63232.0,0.00043636440878352343
63218,63248,63233.0,0.027541177842123083
63219,63249,63234.0,-0.058766969725807354
63220,63250,63235.0,-0.069847849811624
63221,63251,63236.0,-0.030004792486822647
63222,63252,63237.0,-0.04425973492188457
63223,63253,63238.0,-0.03493300729149129
63224,63254,63239.0,-0.015290657033858089
63225,63255,63240.0,0.07570762444078515
63226,63256,63241.0,-0.04102561946467036
63227,63257,63242.0,-0.030100676839688312
63228,63258,63243.0,-0.015346139538696716
63229,63259,63244.0,-0.016118362870464528
63230,63260,63245.0,-0.0023773117898303327
63231,63261,63246.0,0.017820505526806158
63232,63262,63247.0,0.04345207880844959
63233,63263,63248.0,0.05754717038682408
63234,63264,63249.0,0.008124113797525756
63235,63265,63250.0,-0.05077893437525458
63236,63266,63251.0,-0.03904122868117886
63237,63267,63252.0,-0.035505816945243455
63238,63268,63253.0,0.025195646248248296
63239,63269,63254.0,0.03312156271060461
63240,63270,63255.0,0.033176735706324026
63241,63271,63256.0,0.08188261129020119
63242,63272,63257.0,0.016593827445089387
63243,63273,63258.0,0.07477897787487219
63244,63274,63259.0,0.007350795739352476
63245,63275,63260.0,-0.08957674757145068
63246,63276,63261.0,-0.06528759545871873
63247,63277,63262.0,-0.08980110861556266
63248,63278,63263.0,-0.12668273604909677
63249,63279,63264.0,-0.1396590966729316
63250,63280,63265.0,-0.13201785923247913
63251,63281,63266.0,-0.11178689631078816
63252,63282,63267.0,-0.04795090279725873
63253,63283,63268.0,-0.07889064278092547
63254,63284,63269.0,-0.13639390159526757
63255,63285,63270.0,-0.07807384896088353
63256,63286,63271.0,0.01907669157834948
63257,63287,63272.0,0.028762381096536505
63258,63288,63273.0,0.022587029018668596
63259,63289,63274.0,0.012061654093192774
63260,63290,63275.0,0.025185299074723066
63261,63291,63276.0,-0.006937090150880532
63262,63292,63277.0,-0.041950848030306014
63263,63293,63278.0,-0.07983120701759293
63264,63294,63279.0,-0.09620305114892609
63265,63295,63280.0,-0.06434952451621545
63266,63296,63281.0,0.0092357303756457
63267,63297,63282.0,-0.03523473321948699
63268,63298,63283.0,-0.05001246949713147
63269,63299,63284.0,-0.05233344860580877
63270,63300,63285.0,-0.07993449572258005
63271,63301,63286.0,-0.10673745667752334
63272,63302,63287.0,-0.1012351949161903
63273,63303,63288.0,-0.09030582873119915
63274,63304,63289.0,-0.07727150796550103
63275,63305,63290.0,-0.05473843071129212
63276,63306,63291.0,-0.02680240495999331
63277,63307,63292.0,-0.05215319664783213
63278,63308,63293.0,-0.03182245846226893
63279,63309,63294.0,0.09298948942626173
63280,63310,63295.0,0.011433369480235931
63281,63311,63296.0,-0.032779284024991334
63282,63312,63297.0,0.01820303760120071
63283,63313,63298.0,0.044609812195051536
63284,63314,63299.0,-0.01807094237234865
63285,63315,63300.0,-0.018715454225592457
63286,63316,63301.0,-0.01390375563662854
63287,63317,63302.0,-0.02031742790596463
63288,63318,63303.0,-0.013188492205725509
63289,63319,63304.0,0.05329633140224935
63290,63320,63305.0,0.08353455661489535
63291,63321,63306.0,0.1222744891259729
63292,63322,63307.0,0.14151370602610897
63293,63323,63308.0,0.19358986130923905
63294,63324,63309.0,0.22058162564271716
63295,63325,63310.0,0.1984338764977415
63296,63326,63311.0,0.22385548958262752
63297,63327,63312.0,0.1715244981381656
63298,63328,63313.0,0.17613876534174455
63299,63329,63314.0,0.073672434801802
63300,63330,63315.0,0.016954698117498945
63301,63331,63316.0,-0.04780731249116149
63302,63332,63317.0,-0.05120112868973779
63303,63333,63318.0,0.03040952538494025
63304,63334,63319.0,0.034686322088525054
63305,63335,63320.0,0.046351906568802906
63306,63336,63321.0,0.05066746852975382
63307,63337,63322.0,0.0795677913102851
63308,63338,63323.0,0.09358523399794053
63309,63339,63324.0,0.11942487180899142
63310,63340,63325.0,0.08392062039198767
63311,63341,63326.0,0.06704403385350774
63312,63342,63327.0,-0.02310584067797407
63313,63343,63328.0,-0.08298132666784282
63314,63344,63329.0,-0.06071045803204866
63315,63345,63330.0,-0.08345912056464123
63316,63346,63331.0,-0.09563153596302669
63317,63347,63332.0,-0.036595609228303246
63318,63348,63333.0,0.03150860959247848
63319,63349,63334.0,0.032190459110502175
63320,63350,63335.0,0.04817178105576336
63321,63351,63336.0,0.04713005167539567
63322,63352,63337.0,0.026097097378002965
63323,63353,63338.0,0.01282634437279395
63324,63354,63339.0,0.017490526729991573
63325,63355,63340.0,-0.03516790842831004
63326,63356,63341.0,0.03129449911855269
63327,63357,63342.0,0.056562651739559815
63328,63358,63343.0,0.04151597694884791
63329,63359,63344.0,0.06490553405215681
63330,63360,63345.0,0.08390820958696757
63331,63361,63346.0,0.07635237393629483
63332,63362,63347.0,0.06429091478083554
63333,63363,63348.0,0.10266587597010826
63334,63364,63349.0,0.1064656929530035
63335,63365,63350.0,0.11868145825481247
63336,63366,63351.0,0.06154207232202926
63337,63367,63352.0,0.0743155802135691
63338,63368,63353.0,0.091228241744507
63339,63369,63354.0,0.05043321465572617
63340,63370,63355.0,0.032287304323351945
63341,63371,63356.0,0.043989728225436016
63342,63372,63357.0,0.003021148702023326
63343,63373,63358.0,0.006533778706142538
63344,63374,63359.0,-0.04565594797128144
63345,63375,63360.0,-0.021418110611947875
63346,63376,63361.0,-0.0924373940065044
63347,63377,63362.0,-0.09276923150486058
63348,63378,63363.0,-0.10709666780771619
63349,63379,63364.0,-0.113128373117869
63350,63380,63365.0,-0.1220218553239772
63351,63381,63366.0,-0.16767134221216906
63352,63382,63367.0,-0.08641949010847716
63353,63383,63368.0,-0.016354160953555966
63354,63384,63369.0,0.08072216904562364
63355,63385,63370.0,0.03985181837312624
63356,63386,63371.0,0.08209802581839
63357,63387,63372.0,0.09804781031183427
63358,63388,63373.0,0.10342451685413442
63359,63389,63374.0,0.010176201539921883
63360,63390,63375.0,0.04801027888286636
63361,63391,63376.0,0.04592123446271911
63362,63392,63377.0,0.017053694282940346
63363,63393,63378.0,-0.013765392214818161
63364,63394,63379.0,-0.008880589835129913
63365,63395,63380.0,0.005452713174542923
63366,63396,63381.0,0.012245535828363087
63367,63397,63382.0,-0.004758409794959125
63368,63398,63383.0,-0.008282234274710684
63369,63399,63384.0,0.0030615799306191803
63370,63400,63385.0,0.011277675697947662
63371,63401,63386.0,0.0031281489392703836
63372,63402,63387.0,-0.008895039438262609
63373,63403,63388.0,-0.07376983562749187
63374,63404,63389.0,-0.08842679074535627
63375,63405,63390.0,-0.09078635568883446
63376,63406,63391.0,-0.08405392348895388
63377,63407,63392.0,-0.04593718666690055
63378,63408,63393.0,-0.04457865906139794
63379,63409,63394.0,-0.013225721421416656
63380,63410,63395.0,0.016954203383366152
63381,63411,63396.0,0.052001257064568575
63382,63412,63397.0,0.08993303567569756
63383,63413,63398.0,0.08746375689032232
63384,63414,63399.0,0.05079295608048579
63385,63415,63400.0,0.08643490076710289
63386,63416,63401.0,0.1010504441679652
63387,63417,63402.0,0.09354661559120678
63388,63418,63403.0,0.07317276094722576
63389,63419,63404.0,0.07718881801745629
63390,63420,63405.0,0.06898775230554806
63391,63421,63406.0,0.026738096636226852
63392,63422,63407.0,0.05167909788337071
63393,63423,63408.0,0.0889142782855304
63394,63424,63409.0,0.0534849477002974
63395,63425,63410.0,0.03832303862094573
63396,63426,63411.0,0.011689057684070055
63397,63427,63412.0,-0.016247345285536435
63398,63428,63413.0,-0.030216792892845117
63399,63429,63414.0,-0.01775397541418968
63400,63430,63415.0,0.007880283273244264
63401,63431,63416.0,0.025359829620115064
63402,63432,63417.0,-0.06884292690870601
63403,63433,63418.0,-0.10795571116059258
63404,63434,63419.0,-0.06913478094552063
63405,63435,63420.0,-0.04654946136094585
63406,63436,63421.0,-0.062375884534478204
63407,63437,63422.0,-0.06636235330414673
63408,63438,63423.0,-0.04768003980138978
63409,63439,63424.0,-0.0016594541560525631
63410,63440,63425.0,-0.03173267398083857
63411,63441,63426.0,-0.06012969972888176
63412,63442,63427.0,-0.006341005328588114
63413,63443,63428.0,0.005558029910517165
63414,63444,63429.0,-0.02984979220531741
63415,63445,63430.0,-0.04605796420139775
63416,63446,63431.0,-0.054149986131872115
63417,63447,63432.0,-0.02357922426289062
63418,63448,63433.0,0.06456815945896975
63419,63449,63434.0,0.054462291423008916
63420,63450,63435.0,0.021175199258333628
63421,63451,63436.0,0.059697243063130886
63422,63452,63437.0,0.024865003607394846
63423,63453,63438.0,0.10716376689923965
63424,63454,63439.0,0.1566636469571661
63425,63455,63440.0,0.09755336352057838
63426,63456,63441.0,0.18139113052624284
63427,63457,63442.0,0.1884847089337453
63428,63458,63443.0,0.1454978022083569
63429,63459,63444.0,0.13252656189758927
63430,63460,63445.0,0.13432197136192398
63431,63461,63446.0,0.05479873928302479
63432,63462,63447.0,0.05145058680080222
63433,63463,63448.0,0.04412973863148937
63434,63464,63449.0,0.044935996276564256
63435,63465,63450.0,0.06329478690531234
63436,63466,63451.0,0.13868663026920322
63437,63467,63452.0,0.08723524883510979
63438,63468,63453.0,-0.00455768976675967
63439,63469,63454.0,0.059897595040054
63440,63470,63455.0,0.05549118637047026
63441,63471,63456.0,-0.004350560452157807
63442,63472,63457.0,-0.04006516302843018
63443,63473,63458.0,-0.02931059900915019
63444,63474,63459.0,0.006597920650687754
63445,63475,63460.0,0.028576951341698253
63446,63476,63461.0,0.058676651664704524
63447,63477,63462.0,0.0013482698711947054
63448,63478,63463.0,0.04524028722838408
63449,63479,63464.0,0.052436679892830636
63450,63480,63465.0,0.012113563696218466
63451,63481,63466.0,-0.0041591650617961475
63452,63482,63467.0,-0.03266903653410393
63453,63483,63468.0,0.09403402643883603
63454,63484,63469.0,0.12591967219761588
63455,63485,63470.0,0.131781569103832
63456,63486,63471.0,0.11972364350979464
63457,63487,63472.0,0.04585402534112234
63458,63488,63473.0,0.0034544533473456146
63459,63489,63474.0,0.02320076666030118
63460,63490,63475.0,0.0051111560628722555
63461,63491,63476.0,0.07289573061440904
63462,63492,63477.0,0.02511350564486884
63463,63493,63478.0,-0.0016241608163130841
63464,63494,63479.0,-0.003578099903426264
63465,63495,63480.0,0.01493759570356881
63466,63496,63481.0,0.037311563931308654
63467,63497,63482.0,0.045145294716360834
63468,63498,63483.0,0.00806523488571882
63469,63499,63484.0,0.011840940227803834
63470,63500,63485.0,0.015304004147229374
63471,63501,63486.0,0.012495829422862086
63472,63502,63487.0,-0.028540967074546442
63473,63503,63488.0,-0.05683618745079158
63474,63504,63489.0,0.016480458103693665
63475,63505,63490.0,-0.021211660576182043
63476,63506,63491.0,-0.021939834544497303
63477,63507,63492.0,-0.048439840890945995
63478,63508,63493.0,-0.07763779375979066
63479,63509,63494.0,-0.07129591222425816
63480,63510,63495.0,-0.06569180866512031
63481,63511,63496.0,-0.02333911770172014
63482,63512,63497.0,-0.05940408298301837
63483,63513,63498.0,-0.04229777118638615
63484,63514,63499.0,-0.09763278487738992
63485,63515,63500.0,-0.13355063640521825
63486,63516,63501.0,-0.17538569224413775
63487,63517,63502.0,-0.18286728854256676
63488,63518,63503.0,-0.1449006209663772
63489,63519,63504.0,-0.1964494713797365
63490,63520,63505.0,-0.18344684966251937
63491,63521,63506.0,-0.1813820940294692
63492,63522,63507.0,-0.19229671224357642
63493,63523,63508.0,-0.17639363275005587
63494,63524,63509.0,-0.16797748153625108
63495,63525,63510.0,-0.15864245488828313
63496,63526,63511.0,-0.16589337659009729
63497,63527,63512.0,-0.18127643009848385
63498,63528,63513.0,-0.17646617907129294
63499,63529,63514.0,-0.12646282453916147
63500,63530,63515.0,-0.05741591556727654
63501,63531,63516.0,-0.054820709479038
63502,63532,63517.0,-0.0035364965498856913
63503,63533,63518.0,0.01148501689521334
63504,63534,63519.0,0.0185446977802923
63505,63535,63520.0,0.001597570952922856
63506,63536,63521.0,-0.0071082185020272986
63507,63537,63522.0,0.02172302442330991
63508,63538,63523.0,0.08145557765991475
63509,63539,63524.0,0.08255205972285329
63510,63540,63525.0,0.031288512786659346
63511,63541,63526.0,-0.0014312263117859157
63512,63542,63527.0,0.007969014799319548
63513,63543,63528.0,0.02720024042416318
63514,63544,63529.0,0.017413046536677242
63515,63545,63530.0,0.01883216135174465
63516,63546,63531.0,-0.0362467076797819
63517,63547,63532.0,0.06618906513707878
63518,63548,63533.0,0.059066901950036874
63519,63549,63534.0,0.04449256859832572
63520,63550,63535.0,0.021776730868227717
63521,63551,63536.0,-0.012036197821098172
63522,63552,63537.0,-0.002556940948509426
63523,63553,63538.0,0.08187635667708229
63524,63554,63539.0,0.13216606164136865
63525,63555,63540.0,0.07699698543174067
63526,63556,63541.0,0.03339996800149542
63527,63557,63542.0,-0.025553152889918426
63528,63558,63543.0,-0.05824611956541064
63529,63559,63544.0,-0.002901720522317674
63530,63560,63545.0,-0.05748476440453361
63531,63561,63546.0,-0.10399892530206539
63532,63562,63547.0,-0.08556527782870699
63533,63563,63548.0,-0.048984722801752055
63534,63564,63549.0,0.01537403343574132
63535,63565,63550.0,0.04435323396287142
63536,63566,63551.0,0.04849764663164351
63537,63567,63552.0,0.020735560927333724
63538,63568,63553.0,-0.025374641108716085
63539,63569,63554.0,-0.06293466009789651
63540,63570,63555.0,-0.03344823722247374
63541,63571,63556.0,0.016799459009499102
63542,63572,63557.0,0.0021349962642260097
63543,63573,63558.0,-0.0072696766295906046
63544,63574,63559.0,0.0002277476956241294
63545,63575,63560.0,0.00858729876488198
63546,63576,63561.0,0.00115373098331408
63547,63577,63562.0,-0.028203454965119102
63548,63578,63563.0,-0.009104505590008603
63549,63579,63564.0,-0.10379076146168495
63550,63580,63565.0,-0.1477731217768148
63551,63581,63566.0,-0.13695099992873616
63552,63582,63567.0,-0.06872836653590392
63553,63583,63568.0,-0.08242784190709354
63554,63584,63569.0,-0.043860553551930886
63555,63585,63570.0,-0.013869247376027379
63556,63586,63571.0,-0.006077846781113409
63557,63587,63572.0,-0.05093094867638172
63558,63588,63573.0,-0.07974138894752922
63559,63589,63574.0,-0.053811085284047926
63560,63590,63575.0,-0.09290121301165895
63561,63591,63576.0,-0.07710358647900428
63562,63592,63577.0,-0.061700076224657854
63563,63593,63578.0,-0.05788850761770983
63564,63594,63579.0,-0.04072399274955558
63565,63595,63580.0,-0.009214283812344974
63566,63596,63581.0,-0.03413821120481304
63567,63597,63582.0,-0.029310505963973003
63568,63598,63583.0,-0.029270629818050738
63569,63599,63584.0,-0.11974399812734099
63570,63600,63585.0,-0.1580918942094039
63571,63601,63586.0,-0.06599073208685623
63572,63602,63587.0,-0.07838360897403103
63573,63603,63588.0,-0.03042675694373472
63574,63604,63589.0,0.029402303160081956
63575,63605,63590.0,0.044911837080959686
63576,63606,63591.0,0.031167694353770085
63577,63607,63592.0,-0.06712674066002473
63578,63608,63593.0,-0.12346283071186352
63579,63609,63594.0,-0.14206189627854854
63580,63610,63595.0,-0.15056810491294276
63581,63611,63596.0,-0.1347798418340521
63582,63612,63597.0,-0.10551960700651167
63583,63613,63598.0,-0.113802370119967
63584,63614,63599.0,-0.11896698461439556
63585,63615,63600.0,-0.14529379258855488
63586,63616,63601.0,-0.16603215440429414
63587,63617,63602.0,-0.14825579830807473
63588,63618,63603.0,-0.10338727862095347
63589,63619,63604.0,-0.06959682974695078
63590,63620,63605.0,-0.06570683709592397
63591,63621,63606.0,-0.06831071353651211
63592,63622,63607.0,-0.0786259332352046
63593,63623,63608.0,-0.0771194864478075
63594,63624,63609.0,-0.08298879039699647
63595,63625,63610.0,-0.09723795276632875
63596,63626,63611.0,-0.04335052428451746
63597,63627,63612.0,-0.03124979730305528
63598,63628,63613.0,-0.01592464125989401
63599,63629,63614.0,0.0036356943663482517
63600,63630,63615.0,-0.02138415962999214
63601,63631,63616.0,0.03995484319207201
63602,63632,63617.0,0.04246181742869868
63603,63633,63618.0,0.09728035271106872
63604,63634,63619.0,0.12479164322189956
63605,63635,63620.0,0.09778341933636518
63606,63636,63621.0,0.149233515522178
63607,63637,63622.0,0.13916547669969703
63608,63638,63623.0,0.12097624290848952
63609,63639,63624.0,0.09920795731310013
63610,63640,63625.0,0.061371854222788874
63611,63641,63626.0,0.03957420528333682
63612,63642,63627.0,0.0011078010980412369
63613,63643,63628.0,-0.01021329618521218
63614,63644,63629.0,0.022674724204413105
63615,63645,63630.0,0.011697938875827228
63616,63646,63631.0,0.0264613312505095
63617,63647,63632.0,0.10582279682386997
63618,63648,63633.0,0.20825024610783496
63619,63649,63634.0,0.24602727755053755
63620,63650,63635.0,0.26389537542624497
63621,63651,63636.0,0.22297040152108877
63622,63652,63637.0,0.14459843477489656
63623,63653,63638.0,0.053666650819678856
63624,63654,63639.0,0.020852863071302893
63625,63655,63640.0,0.1316250663790816
63626,63656,63641.0,0.20329763131855422
63627,63657,63642.0,0.21958226376835596
63628,63658,63643.0,0.1467404788988078
63629,63659,63644.0,0.007553527626717588
63630,63660,63645.0,0.0007588714926684612
63631,63661,63646.0,0.009539447102398336
63632,63662,63647.0,0.05130715395633585
63633,63663,63648.0,0.08396954273581894
63634,63664,63649.0,0.015212555858927754
63635,63665,63650.0,-0.05508182409068143
63636,63666,63651.0,-0.0692291182716695
63637,63667,63652.0,-0.028012381007721802
63638,63668,63653.0,0.036551166390072144
63639,63669,63654.0,0.052828314423046654
63640,63670,63655.0,0.022935993404341642
63641,63671,63656.0,0.07881298388581133
63642,63672,63657.0,0.15318759461137993
63643,63673,63658.0,0.17845392999392892
63644,63674,63659.0,0.2174602859263975
63645,63675,63660.0,0.1942477065001868
63646,63676,63661.0,0.16572004240177596
63647,63677,63662.0,0.1522151623305812
63648,63678,63663.0,0.1654486900373952
63649,63679,63664.0,0.1705516543962084
63650,63680,63665.0,0.1519278525929629
63651,63681,63666.0,0.0923999250276164
63652,63682,63667.0,0.07525844339355683
63653,63683,63668.0,0.07766758519923049
63654,63684,63669.0,0.01256618528747215
63655,63685,63670.0,0.08148954641972754
63656,63686,63671.0,0.15237054013524595
63657,63687,63672.0,0.14371732493054712
63658,63688,63673.0,0.03306748589178818
63659,63689,63674.0,0.04051146229222827
63660,63690,63675.0,0.009655336432375384
63661,63691,63676.0,0.04302769962526626
63662,63692,63677.0,0.0932127701509808
63663,63693,63678.0,0.13939358776457278
63664,63694,63679.0,0.1824286555695956
63665,63695,63680.0,0.09397649891234318
63666,63696,63681.0,0.15213969287778173
63667,63697,63682.0,0.17006283832290722
63668,63698,63683.0,0.17162893140546592
63669,63699,63684.0,0.17935681902964384
63670,63700,63685.0,0.2297317277632088
63671,63701,63686.0,0.2185507479030228
63672,63702,63687.0,0.19909629126201212
63673,63703,63688.0,0.2222875219161577
63674,63704,63689.0,0.17814756008942714
63675,63705,63690.0,0.16186472268130417
63676,63706,63691.0,0.1314453669843295
63677,63707,63692.0,0.08836643964877236
63678,63708,63693.0,0.0675193012796262
63679,63709,63694.0,0.048016366935736916
63680,63710,63695.0,-0.016500586080937355
63681,63711,63696.0,-0.00039674027120449227
63682,63712,63697.0,-0.00309519718607635
63683,63713,63698.0,-0.02356545221181793
63684,63714,63699.0,-0.015272238877123511
63685,63715,63700.0,0.010309910805414732
63686,63716,63701.0,0.09671033209854749
63687,63717,63702.0,0.16461618787926896
63688,63718,63703.0,0.08013471508072097
63689,63719,63704.0,0.07195930361604161
63690,63720,63705.0,0.027664187106110332
63691,63721,63706.0,-0.02739779681821884
63692,63722,63707.0,-0.021291392132774072
63693,63723,63708.0,-0.015377023290679769
63694,63724,63709.0,0.0022613526732366113
63695,63725,63710.0,0.015584181978215627
63696,63726,63711.0,0.006723825021857674
63697,63727,63712.0,0.01836123193279145
63698,63728,63713.0,0.025690528092081825
63699,63729,63714.0,7.589175062738055e-05
63700,63730,63715.0,-0.015596841359718425
63701,63731,63716.0,-0.15584151345392505
63702,63732,63717.0,-0.18965034271017583
63703,63733,63718.0,-0.19600983086014304
63704,63734,63719.0,-0.2384815236581877
63705,63735,63720.0,-0.23399845154029392
63706,63736,63721.0,-0.23638178301804577
63707,63737,63722.0,-0.15967514641721797
63708,63738,63723.0,-0.15199792511149393
63709,63739,63724.0,-0.1358821800614687
63710,63740,63725.0,-0.13940406123704005
63711,63741,63726.0,-0.15407630933901317
63712,63742,63727.0,-0.1892682980568013
63713,63743,63728.0,-0.1762472045947589
63714,63744,63729.0,-0.22840709841586465
63715,63745,63730.0,-0.16631866086133526
63716,63746,63731.0,-0.1106003662107136
63717,63747,63732.0,-0.05814430856738095
63718,63748,63733.0,0.032128106672212275
63719,63749,63734.0,0.1809162350455744
63720,63750,63735.0,0.24084400545333645
63721,63751,63736.0,0.27679104012407235
63722,63752,63737.0,0.24417511080502027
63723,63753,63738.0,0.22469017143468498
63724,63754,63739.0,0.21354040375131134
63725,63755,63740.0,0.1984432375137002
63726,63756,63741.0,0.19262074702465404
63727,63757,63742.0,0.23827994646479475
63728,63758,63743.0,0.2733258750524607
63729,63759,63744.0,0.27879592239830114
63730,63760,63745.0,0.2416062882561269
63731,63761,63746.0,0.23335241216551883
63732,63762,63747.0,0.18122790282271925
63733,63763,63748.0,0.19968649842530076
63734,63764,63749.0,0.20197717076575095
63735,63765,63750.0,0.191137754111571
63736,63766,63751.0,0.19052788331988374
63737,63767,63752.0,0.17486232380043282
63738,63768,63753.0,0.15470902854381888
63739,63769,63754.0,0.18278009902595038
63740,63770,63755.0,0.14250384159279317
63741,63771,63756.0,0.12038644694827226
63742,63772,63757.0,0.08658877949477918
63743,63773,63758.0,0.08024913362630166
63744,63774,63759.0,0.07652718206379513
63745,63775,63760.0,0.07125132071514695
63746,63776,63761.0,0.059782589171137136
63747,63777,63762.0,0.0068971526197806575
63748,63778,63763.0,-0.06464888268769979
63749,63779,63764.0,-0.10155936361188134
63750,63780,63765.0,-0.1518459486261503
63751,63781,63766.0,-0.16274279710904513
63752,63782,63767.0,-0.1616193284517974
63753,63783,63768.0,-0.11779649767757618
63754,63784,63769.0,-0.13254278806901978
63755,63785,63770.0,-0.12443446968701136
63756,63786,63771.0,-0.09445857515424501
63757,63787,63772.0,-0.10858539640864213
63758,63788,63773.0,-0.04127359180809446
63759,63789,63774.0,-0.001463876873860138
63760,63790,63775.0,-0.067436527923076
63761,63791,63776.0,-0.01108327793606628
63762,63792,63777.0,-0.01959970709377665
63763,63793,63778.0,-0.06991411940451212
63764,63794,63779.0,-0.06334476624723588
63765,63795,63780.0,-0.05756970836999054
63766,63796,63781.0,-0.010576007029762705
63767,63797,63782.0,0.0025610773862931773
63768,63798,63783.0,0.027429147769155244
63769,63799,63784.0,0.011973008213591745
63770,63800,63785.0,0.00973077701092659
63771,63801,63786.0,0.05457680285867227
63772,63802,63787.0,0.0849793444496107
63773,63803,63788.0,0.04744734296861624
63774,63804,63789.0,0.04034263548791641
63775,63805,63790.0,0.06883074280160813
63776,63806,63791.0,0.07250915466047708
63777,63807,63792.0,0.0006613965375784684
63778,63808,63793.0,0.008346796172947103
63779,63809,63794.0,0.008498600553733445
63780,63810,63795.0,0.04047352777926676
63781,63811,63796.0,0.08085907291357242
63782,63812,63797.0,0.10574450895223339
63783,63813,63798.0,0.11843797516163226
63784,63814,63799.0,0.11613197400083648
63785,63815,63800.0,0.09879200757089243
63786,63816,63801.0,0.035439677525722066
63787,63817,63802.0,0.0034756093309310093
63788,63818,63803.0,-0.030092923232141834
63789,63819,63804.0,-0.04054345963735764
63790,63820,63805.0,-0.1024499410173939
63791,63821,63806.0,-0.09025338792101517
63792,63822,63807.0,-0.05586687190442975
63793,63823,63808.0,-0.08340209662996968
63794,63824,63809.0,0.0010163253129281174
63795,63825,63810.0,0.04408938938010127
63796,63826,63811.0,0.06355237491958776
63797,63827,63812.0,0.06674854972592559
63798,63828,63813.0,0.08381533515100163
63799,63829,63814.0,0.05811333352680001
63800,63830,63815.0,0.060503647932135037
63801,63831,63816.0,0.04566544313902506
63802,63832,63817.0,0.04413023353640704
63803,63833,63818.0,-0.04929837531655146
63804,63834,63819.0,-0.055291231474773266
63805,63835,63820.0,-0.05771289050245436
63806,63836,63821.0,-0.04617083307059623
63807,63837,63822.0,-0.07020698072083932
63808,63838,63823.0,-0.08868576766573281
63809,63839,63824.0,-0.045213314169606326
63810,63840,63825.0,0.04501626115672652
63811,63841,63826.0,0.13845699374366385
63812,63842,63827.0,0.17486522384115583
63813,63843,63828.0,0.19692558945746716
63814,63844,63829.0,0.16193467672225617
63815,63845,63830.0,0.12053232325410257
63816,63846,63831.0,0.07852590785629755
63817,63847,63832.0,0.04325893988579684
63818,63848,63833.0,0.009239465057627785
63819,63849,63834.0,0.007047229412628843
63820,63850,63835.0,-0.02990743363687162
63821,63851,63836.0,0.012167970088548908
63822,63852,63837.0,0.057816695768565164
63823,63853,63838.0,0.011310672847511659
63824,63854,63839.0,0.024628524835586477
63825,63855,63840.0,0.04884561171116694
63826,63856,63841.0,0.12109081881796112
63827,63857,63842.0,0.06105692098016337
63828,63858,63843.0,0.021515210406029786
63829,63859,63844.0,-0.06237072702198829
63830,63860,63845.0,-0.02544487753591266
63831,63861,63846.0,0.042365740137155314
63832,63862,63847.0,0.12583002531869925
63833,63863,63848.0,0.09439525394360794
63834,63864,63849.0,0.02277477534853422
63835,63865,63850.0,0.022621460196261788
63836,63866,63851.0,-0.034751066420779096
63837,63867,63852.0,-0.01956996880602001
63838,63868,63853.0,-0.037196842952690524
63839,63869,63854.0,-0.04308425361401232
63840,63870,63855.0,-0.056830067998661735
63841,63871,63856.0,-0.127920074628751
63842,63872,63857.0,-0.10854083918879703
63843,63873,63858.0,-0.07697347434893606
63844,63874,63859.0,-0.054970979015598526
63845,63875,63860.0,-0.06713759857515457
63846,63876,63861.0,-0.08210121043490459
63847,63877,63862.0,-0.09257663621606216
63848,63878,63863.0,-0.11570997179274263
63849,63879,63864.0,-0.09268107226430118
63850,63880,63865.0,-0.09324870421879719
63851,63881,63866.0,-0.12734085494370775
63852,63882,63867.0,-0.10936628358683498
63853,63883,63868.0,-0.19398812664274873
63854,63884,63869.0,-0.15792267386838038
63855,63885,63870.0,-0.13089302135422248
63856,63886,63871.0,-0.10301502365764162
63857,63887,63872.0,-0.03782650927725818
63858,63888,63873.0,-0.023581010952166654
63859,63889,63874.0,-0.04951940649098913
63860,63890,63875.0,-0.05743813582056196
63861,63891,63876.0,-0.030865159834880588
63862,63892,63877.0,-0.10946263948631758
63863,63893,63878.0,-0.12418437052000683
63864,63894,63879.0,-0.14909448227532965
63865,63895,63880.0,-0.1278721427353091
63866,63896,63881.0,-0.08073124056493214
63867,63897,63882.0,-0.006711530442867642
63868,63898,63883.0,0.04599424490073163
63869,63899,63884.0,0.057554520227699545
63870,63900,63885.0,0.05142400245768352
63871,63901,63886.0,-0.021877717213920123
63872,63902,63887.0,-0.009661190346764902
63873,63903,63888.0,0.026244682421777462
63874,63904,63889.0,-0.01473926270485491
63875,63905,63890.0,-0.046669317331579314
63876,63906,63891.0,-0.04706450970501197
63877,63907,63892.0,-0.04561452257995023
63878,63908,63893.0,-0.04104306373213688
63879,63909,63894.0,-0.01782716850758405
63880,63910,63895.0,-0.027534407016357162
63881,63911,63896.0,-0.07613457416525646
63882,63912,63897.0,-0.008096201926729083
63883,63913,63898.0,0.009396150515935574
63884,63914,63899.0,-0.02580641969218686
63885,63915,63900.0,-0.12090243171557165
63886,63916,63901.0,-0.06500829677918839
63887,63917,63902.0,-0.06233012202608705
63888,63918,63903.0,-0.12230009858767356
63889,63919,63904.0,-0.0666799037177732
63890,63920,63905.0,0.006438421641428062
63891,63921,63906.0,-0.08117683227583763
63892,63922,63907.0,-0.1082078657977598
63893,63923,63908.0,-0.09717358087217913
63894,63924,63909.0,-0.06186412979283826
63895,63925,63910.0,0.011908578712745884
63896,63926,63911.0,-0.04248920751506356
63897,63927,63912.0,-0.014702306035613687
63898,63928,63913.0,0.028711935161509647
63899,63929,63914.0,0.04583524853058937
63900,63930,63915.0,0.10097779746798355
63901,63931,63916.0,0.1847328815725248
63902,63932,63917.0,0.21190972340001935
63903,63933,63918.0,0.28440959250105785
63904,63934,63919.0,0.20904322601306527
63905,63935,63920.0,0.10551730486650164
63906,63936,63921.0,0.06496255721794973
63907,63937,63922.0,0.11053300264671592
63908,63938,63923.0,0.14610701513951735
63909,63939,63924.0,0.15027634053891714
63910,63940,63925.0,0.15208249572676508
63911,63941,63926.0,0.1467784582069793
63912,63942,63927.0,0.10765695169105999
63913,63943,63928.0,0.07197491943222702
63914,63944,63929.0,0.038105079882999805
63915,63945,63930.0,0.09690493718094757
63916,63946,63931.0,0.11151287362102923
