t_sec,EmotiBit_1,EmotiBit_2,EmotiBit_3,EmotiBit_4,EmotiBit_5,EmotiBit_6,EmotiBit_7
62864,65.39869860919505,69.78200272167786,145.1890085727398,66.46400417179042,81.66452423776185,65.2161897555019,65.3117706069001
62865,65.45852027571895,69.60297161899351,144.08223887549423,67.82222217423225,82.07087946835125,65.32155660630605,66.9641725633105
62866,65.79991993191436,69.6147017115913,142.53276129935043,68.97414562465244,82.63977679117639,66.12675343281353,67.82734763930696
62867,64.63961447024222,69.19683509603,139.87651402596111,70.7846376773032,83.61502934459092,66.76016776012052,67.4547533287879
62868,63.06562557689318,68.84106266891541,134.3097817353318,71.50526598755766,84.91536608247698,67.25039585568706,66.21426306032737
62869,62.53665143238275,67.82354635855481,125.83256442746249,71.3315309883561,86.54078700483454,67.8786296221993,65.2697644855535
62870,62.51842205486082,67.80378378462667,115.3302778601496,69.54934895917309,87.1022491966482,68.61993090193343,63.25548239018966
62871,62.36949352934353,68.14368530963874,102.8029220333932,67.65501157023775,86.5641614438155,69.73051635466464,62.427911411574144
62872,63.59546116815501,68.60189250398165,90.07587238352204,66.52408239283503,88.11540300237168,71.69123718797084,62.994244064823306
62873,65.96451725412098,68.82835558209733,80.03380459087862,68.55059627064499,87.96736011670869,73.05037734006771,63.57763318534039
62874,67.54201246707552,68.72868240158246,72.8239254021911,70.81795627286868,86.1200327868265,73.31611038055182,63.836196448330384
62875,68.12843808018462,68.77191962151205,68.08026421144818,72.09540830251004,83.63737974326901,73.11523516292768,64.38721450035834
62876,67.85844967679611,67.77612168430464,66.55764229992266,72.54248797726943,80.5549922001387,72.41531948763692,64.40654405470815
62877,66.97832427248451,67.72747144571485,66.42617046450812,71.82298173982204,77.26942388385304,70.98792406426524,63.92469973678163
62878,66.20913379903612,67.07435159700466,67.26610095686851,70.23642816630056,76.9811864885161,69.76735772559941,64.34760043634746
62879,66.29979943307899,67.17925994178674,69.26703093003034,69.30528638779192,76.71208317441872,69.50162468504608,66.58699904966868
62880,67.33481603663145,65.44917589755394,70.27370877596357,68.68705037100437,79.12616186637804,69.80688782560273,67.24350756006704
62881,69.61074887673631,63.439704734865494,70.13596338985951,68.0392855895084,84.09740780458124,70.21088322670428,66.05989704517535
62882,73.41123120937102,62.9222772727206,69.51555831000901,67.4747211587993,86.1729217161656,70.82359523949647,64.95396045108114
62883,75.23207118575449,65.34267592934643,68.20627066112704,66.5197095553457,86.16589227285449,71.349309323796,63.32950408532806
62884,74.99079642010203,71.02768964500065,66.19187646308228,66.05078531322508,87.7218334955686,71.88225299903938,61.09526932097606
62885,74.10725253547953,80.58501960558434,65.16270401570036,66.2648064682241,88.60320555227817,72.67854048492889,60.19903842803707
62886,73.36453451824069,87.19655543296214,65.7482178685742,66.3490992980589,88.21682773830416,72.80023392120161,62.08417917687181
62887,71.09457177035239,87.85898112382021,67.29116825019067,66.86593859709899,89.00837057533442,72.21144339892976,65.00559646413085
62888,69.84786233821457,86.09365833295787,69.55791936327181,67.85174469452166,88.364656235287,71.71838314482754,68.04010808635122
62889,69.96183709192647,81.77071879326623,72.22789128819429,67.0287287827729,86.39500549637145,71.93797640849883,70.10240273398043
62890,70.98516578902161,73.69249484763618,74.65229597781294,66.2744981209024,82.86604129435801,72.29941709173588,70.43143257698026
62891,72.33036095888085,69.41177971261246,75.59701870607066,66.44712807394883,78.92147065720911,72.49739662971459,68.39014217937776
62892,72.42916287737316,68.92857338819505,75.06205947296748,67.66376486491143,74.51992164369945,72.81921675020537,65.72302332766036
62893,72.8661566515032,68.72151421958465,73.04741827850336,68.41114991833867,71.86678965606389,73.67370591989138,64.77572211872719
62894,72.54801194306266,67.04806970041086,69.88952940516643,72.11089461672631,70.75682713648,74.56754706482096,64.06195902174139
62895,71.1506565551684,68.59889007521406,67.67880863949311,74.24552184136557,71.61726999463062,74.52945642754958,63.712383779651134
62896,68.36128362163636,67.44977099716564,67.15049664297199,75.06735897780872,74.18690702367604,74.09250595919347,63.15210114994293
62897,66.28175229893371,68.02312261685324,68.9154062181557,74.09062868030672,77.83404890085174,73.6617181110527,62.66015122349031
62898,65.0038614375595,67.54745120669078,72.0831530688566,73.41001692676706,83.58997001137678,72.7646069336797,61.13069153346739
62899,63.90710896449379,67.9942200372551,75.14771197374333,73.08212193821514,90.88327995365243,70.6459690462964,59.240951169280414
62900,63.274051754647374,66.34368746009307,76.67047707550223,73.27990999322601,95.45155190987784,66.42413813441158,59.092163113538206
62901,63.53235776702888,67.28213069102557,76.07841637761676,75.16219106885993,97.13148552342196,64.91994401337338,61.177025232401945
62902,65.42122125739859,66.38713957946504,73.61097200039549,76.65258798222564,96.01793782699689,66.04938873011619,62.88367494434091
62903,67.72144226835832,66.4302078529975,69.93475084406022,77.84150521525211,91.26233025101118,68.06321968494503,63.36546697282777
62904,69.61342938322693,66.52775761161959,66.46022159567917,76.65029483618727,84.86723544382419,69.79710887505914,63.46331294445501
62905,69.7677251757118,66.20654791635314,64.28012506190205,75.48058926157202,80.17964130906213,73.39792090188149,63.44085713786709
62906,69.24439619488597,65.97187934795508,63.84732364634508,73.53488942906772,76.71048250282995,74.75822686734753,63.29824410447027
62907,67.24387707742699,65.82375190642544,64.57825003818061,72.92414277733526,76.80419631986584,74.89857809602589,63.17786713005414
62908,63.72716465755428,66.02172623044831,66.70026348600254,71.67904265781519,79.37490004352017,74.69752704143269,63.69704940207248
62909,61.53161033483025,66.47926119315528,71.55645257772434,70.04654148331278,82.4200210254337,75.15417948426094,64.08194787810625
62910,60.766360822797424,67.19635679454633,74.39804037988965,69.75305798772663,86.23463124154073,75.73826475279884,64.17828561413802
62911,60.37134957238279,68.17301303462148,74.60995582391021,70.4632589934952,90.61490681114566,76.37118162590583,64.93842050317387
62912,61.48013370626545,68.47104607486105,73.03367639592007,69.97036131517316,92.04047133327455,77.74250270662105,65.46079528425298
62913,62.95036546260269,70.32098179789446,71.3692124047302,68.84811355652059,91.59720752457712,80.29776819839103,65.00909501987773
62914,64.35820747486233,73.7228202037217,66.4350521865587,68.07246663713809,89.2851153850533,83.15986409639345,64.40140035789739
62915,65.00328710396222,75.22013027094417,63.88875934476114,67.99441425489061,85.97481844606834,84.49569344191772,63.970930618363525
62916,66.04975090518643,74.81291199956188,64.24085268953723,67.61280331059697,82.35920593221294,85.00771515182468,62.37967137695854
62917,66.29227581193396,75.75196019463449,65.62176274997424,67.77466015442948,79.61421694972282,83.49440554914561,60.98055186726974
62918,65.60124286431932,75.5471883348485,67.4166580002644,68.21561287376244,77.33832130502044,81.32319566699145,60.13135295504262
62919,66.00679527650591,74.1985964202039,68.64963605805164,69.52858157699796,76.55310852413223,79.20846867680487,59.62777697956285
62920,66.9326933438221,75.16261547209929,69.23387967523736,71.6218125180818,76.14940461020569,79.57544711101848,58.64661319156912
62921,67.21479051098383,78.4392454905347,68.75038790378468,74.21934102616407,76.33951735843722,80.99918712903941,56.79807660773798
62922,67.7244180852354,78.13367106531886,67.96056511643872,74.5602501705927,76.46526501422366,82.73813453183558,57.054157141269286
62923,69.70431190517809,76.98238572083456,65.77565067756817,74.04508150424724,77.60903120940914,83.79086889614737,59.358411456907575
62924,71.82638203981529,74.94521690589501,65.39302356544951,72.6322438856876,78.61998051483083,84.48534327746202,63.3322308790674
62925,72.43740496608379,72.02216462050022,66.35697005013135,69.94711478244876,79.89372035388593,84.47816306336608,66.28536740313427
62926,71.51135804440837,68.21322886465023,68.90944404720715,67.58055117009539,80.4872273534986,82.6119595497468,68.36144051205058
62927,70.23791955555126,67.33117154874,70.69271781324596,69.17659974260008,80.54771706097225,80.01161960437065,68.80101403144997
62928,69.45885600718124,67.03270655809118,71.5042528354255,70.77444589902737,80.08942485797057,77.94644443844092,68.58553808085968
62929,68.83521285253842,67.18309256120857,71.90450274710099,71.33546390537771,78.76159530325965,75.48789142092134,66.72882810001337
62930,68.37816066998018,67.00875220446169,70.6454064846854,71.12755988316896,76.76772634693877,72.66129859272296,65.17155447972547
62931,68.14747120164311,67.22559696588026,67.85873380057257,70.13429317214027,75.09306774076333,71.46036598091408,63.71069719453838
62932,68.37617108518518,66.64900635397562,66.1388671890121,69.19992353040483,74.68469527363727,71.31924548220259,62.629745510191505
62933,67.32411692713109,66.01854104527368,65.68834516282627,68.92485451857404,74.68467552514406,71.33646151479792,62.07238192118778
62934,64.94014312053393,65.2636752678291,65.32278282038301,68.92856326124752,76.8289210274173,72.44426623903439,63.458036306111765
62935,63.35711978443385,64.78828113273491,65.65911675890858,69.1496455643692,79.75599820311352,73.28883896569873,65.86641786067045
62936,62.934968299846105,64.31340361091671,66.23210544825278,68.93777853603001,83.21137287835677,73.5095040804816,68.08676978307888
62937,63.067212861854,64.86313148856239,66.80509413759698,67.38733131226077,86.7589354715428,73.1126688932925,69.51504087310754
62938,63.51074678663849,64.99681885872262,68.6698334696566,67.59814717116974,90.49577132894652,72.41486859101101,70.9276054802859
62939,62.90722607409592,75.33927323299311,68.41375808784309,68.47004934428155,91.47514079094849,71.26435787260638,71.34726728689873
62940,63.96626077159864,96.26019985391132,67.95536713640095,68.91876388174208,90.35531372437252,70.75362307715714,70.18097958690294
62941,64.70773001081221,110.18606567820372,68.69725989810104,68.61045435120542,89.54417623986441,70.76814637476882,69.3329555525183
62942,64.52176058005692,117.04684494442724,69.53225961158408,67.81617853259635,86.76987548923043,71.0744942931663,68.77851818630043
62943,64.43307658876847,117.15041547330104,68.76882354091599,66.3573524586782,83.00057336607628,71.77377355915695,67.21320913045152
62944,65.53100597037756,107.09687431073635,69.81951704268526,66.40896968996832,80.25753486789348,71.84194097348234,65.16451190104485
62945,65.07856431428915,86.50640257057412,70.76584097264745,66.35604440397907,78.45862318459584,71.51610133395039,65.74686932650675
62946,65.22762797727505,72.51557684713259,70.20519604803167,66.73733294714798,75.79707854863004,71.02630364661552,68.9123968040977
62947,65.4728478355253,65.12439714041179,68.89383223336932,66.93088194381485,74.63243905469933,70.48277322232886,71.88407387920121
62948,65.48242922535675,65.54779895839197,67.8297104405761,67.49423127391375,74.5973348563451,69.6853392116328,73.28090790454304
62949,64.63665890414534,65.51329794521689,67.12169815560875,68.88458676527561,76.0354038635632,69.28334096398186,72.7639534422999
62950,64.37429545814324,65.50854189975173,66.5949070464264,70.61517193327941,78.99959560976842,68.85044569038084,70.1651327017023
62951,64.75740899529099,65.08071008847203,66.97402838413942,71.00694826986577,82.36212516578864,68.54475244713798,65.7763373930778
62952,64.94116514280668,64.98715975792064,68.60998896557564,71.08406624487748,85.63056955744351,68.51211982571621,61.92646919660878
62953,65.67030322033398,65.51659028939166,70.90461997203809,70.0698196000919,87.84655019265406,68.81088015104058,59.42755015070155
62954,67.06694370320415,65.99247662762787,71.90169043807967,67.37482885697773,88.65814834520457,69.49854648625008,58.64183153574892
62955,68.82266205411347,66.35468832843343,72.0686407024962,66.19923224436324,87.31782769929545,70.50795459929353,59.365349260075675
62956,70.46509959335212,67.34380056891624,71.36794185453554,68.6936880909806,84.82012777821458,70.93444382752446,62.069383114105264
62957,70.59223775696901,68.19509300447422,69.64150840234467,73.49696968583216,82.01751079691901,71.03734514903324,65.91599013250062
62958,69.44100783793974,67.75584824833429,67.66599660259797,77.46930645873803,78.58687722950192,70.90737053752716,69.73315259104125
62959,68.61355275390947,67.99561080873033,67.28876993478578,79.27091214604904,72.64580456016591,70.34142408399862,72.39915088075665
62960,66.98065218737662,68.86668221715192,68.21727639215314,78.9933996931718,66.86829462489352,69.57519846975447,73.18448031076296
62961,65.07479741887417,68.6879180121928,69.76435361434184,75.98388878204678,65.76111383343746,69.18078870446372,71.6284038589239
62962,65.27693055902031,68.73224572286185,71.60946839848253,71.5240081839365,68.87653769851148,69.56514821369832,67.91488397845232
62963,65.72566936644812,67.85683618405741,73.03975631082633,68.94127290822739,73.91045296960601,70.34224422358287,63.50049783630719
62964,67.51697494292031,66.76501239607546,73.13864004955724,69.36163604687383,81.94046834186736,70.55207185790941,60.210511159401776
62965,69.35070474165731,65.45677435891594,72.1420772282082,70.31139413721363,90.22769166319536,70.74579458879975,58.48072683089174
62966,69.74966495431349,65.32551209040176,70.55717740659948,70.72311016405533,93.28168667340782,71.45941067584867,57.956608950236635
62967,70.07200207573018,65.10566115958322,69.02623320794233,69.91436099064303,91.23561369217651,72.41046347523049,58.83411034869899
62968,71.31514979156539,65.58913322906064,67.59136515760186,68.24021260788717,86.81957024098658,71.92161162461323,62.197522963328744
62969,70.24607642626984,66.71489046121499,68.02381907361504,65.26022837192716,81.82297644686294,71.67362440244183,66.96951041126897
62970,68.84271474958113,67.32291667495096,68.71228813708593,63.22266268351202,77.75747043744639,71.7298102725691,70.80031455099027
62971,70.31865344534894,67.40785329157897,70.55558088789455,62.43664565930118,75.13884112595834,72.04310751322477,72.63414454827118
62972,70.63973952379536,66.84048457314951,71.82589239103812,63.40193338362813,73.83392819272693,72.42362103114898,72.39600807481321
62973,70.04694302045024,67.30032855164043,72.79581910811791,65.83917735918966,74.16319269182665,72.88627231652045,69.70402499878867
62974,69.72625580615292,66.51995190442781,72.03865806646394,70.6046079442481,75.5923473165915,73.3615782600633,65.56617898943546
62975,71.49570974642606,65.58157538931411,71.75483494156148,73.93200510745773,78.89319831371549,73.97991448528623,61.897847791302944
62976,70.46513092894455,65.94905551090326,69.68459937248063,75.6803216748928,82.22250269359742,75.60566119118752,59.57978412695089
62977,70.00199987059493,66.39811075429546,68.27960044689539,75.63787092323489,85.51030540633563,75.88778143546315,58.884846548914425
62978,70.18371954780741,66.06988164054815,66.87878925012527,73.79630645243033,88.41714845389156,75.83207695828179,59.0879470654563
62979,70.35103691463051,65.2685034732954,67.00488944137132,70.70771964637922,89.37487196317868,76.19102392420689,59.56139099226533
62980,68.98425083546809,65.19578802511536,67.8328245505113,69.51357285136132,87.87469250033679,76.47647062491042,60.273297755681824
62981,67.81509501181517,64.39323737009364,70.21642683877478,68.93934540796002,85.04801654933233,75.3070359619588,61.437462564116856
62982,66.79964689841903,64.2143487610796,70.6490846937356,68.39462430253305,81.64801599565126,74.48468165504976,64.05769860691814
62983,66.1168528110605,63.83846364503795,72.6323357882048,67.57062181849973,78.5810610629372,74.39776233825987,67.25689764040547
62984,66.36743799875602,64.8064130817226,72.88496745308248,66.36144328426924,76.34078866009172,74.31084302146999,70.06360704125419
62985,65.84953422619992,65.20445453061762,71.39167409646328,65.38196484727155,75.66414912081393,73.92102592663754,71.15837636538836
62986,66.92018180220558,65.25162326898376,68.73664070093263,66.33659914355347,77.26297895073859,72.51737579300678,70.5512644364209
62987,67.43916698356806,65.7548626811197,68.13397866716609,67.3626763268077,80.45406131428138,70.09989262057772,67.68533763698892
62988,66.63995372843138,66.02403353452927,65.59456053783371,67.95871264185483,84.42533425568223,66.94350272759392,63.54508597706136
62989,65.22749063648736,65.73681605477063,64.58893159059244,69.3446881480341,87.94668442217929,65.16571288202051,59.41414209177363
62990,64.43319934815142,65.56804272880899,63.866540280149614,68.0748948305049,89.69072325069779,65.06942086190007,56.58409065311506
62991,62.46370172593366,65.67059307293763,64.91597957088554,66.14601916622014,89.65745074123777,68.75737091187234,54.27318158269783
62992,61.52211413812697,65.23752370285784,65.77684950045303,66.28243228781511,87.70723344632574,75.30109890733772,54.1272616774743
62993,61.40820063053186,64.95897385106578,67.74015639292652,68.2359896025698,83.86708641452246,81.91144312764777,54.82445768686117
62994,61.277284766429624,64.93744508856223,68.7623992384498,68.29497592705427,80.85883820068577,87.28772170433092,56.46815736024597
62995,61.355250066838366,65.28783111961265,69.98110988681111,68.88750122299959,78.7036387087265,91.35353377472909,59.863792271657
62996,62.01222579071009,65.75358861167658,68.89647017071354,68.67623772080677,77.88374888500337,93.61110655279896,64.61658091175252
62997,62.23139020026092,65.6248799510283,67.73151683890191,67.31273261961283,78.53880217698985,94.09334410709444,67.63690060611283
62998,61.81440783859206,65.85183010137428,66.00049048519799,66.81316808809399,80.88693326628027,93.53546169815,69.86833263671592
62999,61.98785928053347,65.96358358680529,64.6068703081489,68.87688211733867,83.73847520584026,91.66730609226616,70.38004099056107
63000,61.93856523082639,65.95732868807825,63.68776085231161,69.85783349093809,85.4053766487996,91.48833350726366,70.33818501490549
63001,61.52411718845852,65.63782274482716,63.643864566575765,72.2186258028096,87.07227809175896,89.61540273957932,69.26236717883836
