window_start,window_end,window_mid,mean_pairwise_corr,median_pairwise_corr,segment,cluster_467_mean_corr
1.4297016131531564,31.429701613153156,16.429701613153156,-0.015918603827083638,-0.03147108455923875,pre_meditation,0.049956479394710686
6.429701613153156,36.429701613153156,21.429701613153156,0.009739615902244082,-0.011641970061429776,pre_meditation,0.0022920503656913053
11.429701613153156,41.429701613153156,26.429701613153156,-0.012013263162726271,0.011791944099951995,pre_meditation,0.09251906078962452
16.429701613153156,46.429701613153156,31.429701613153156,-0.05914452762478795,0.006609325161740448,pre_meditation,-0.05080444817543939
21.429701613153156,51.429701613153156,36.429701613153156,-0.05666695327410865,0.008301072170384751,pre_meditation,-0.05422228122727087
26.429701613153156,56.429701613153156,41.429701613153156,-0.05221085946826646,-0.02433124907064121,pre_meditation,-0.05040583685603173
31.429701613153156,61.429701613153156,46.429701613153156,-0.0724212276211518,-0.04097499666600424,pre_meditation,-0.0534103401660557
36.429701613153156,66.42970161315316,51.429701613153156,-0.0792426525602708,-0.023147623022941172,pre_meditation,-0.09007951280395783
41.429701613153156,71.42970161315316,56.429701613153156,-0.09525924414979163,-0.08796296917733805,pre_meditation,-0.2851213080378692
46.429701613153156,76.42970161315316,61.429701613153156,-0.04764135670436725,-0.021593250969319536,pre_meditation,-0.18078588980781532
51.429701613153156,81.42970161315316,66.42970161315316,-0.06537012805892034,-0.07247786051259517,pre_meditation,-0.20235506094731195
56.429701613153156,86.42970161315316,71.42970161315316,-0.06931301576235635,-0.055315618489832956,pre_meditation,-0.18666878635958106
61.429701613153156,91.42970161315316,76.42970161315316,-0.05300482279293808,-0.03932275079705371,pre_meditation,-0.1724635934750227
66.42970161315316,96.42970161315316,81.42970161315316,-0.02056885374224918,-0.09447915015067723,pre_meditation,-0.03487107524981101
71.42970161315316,101.42970161315316,86.42970161315316,0.00019929603919768095,-0.009263232388938045,pre_meditation,0.03463463416675964
76.42970161315316,106.42970161315316,91.42970161315316,-0.031589793638747914,0.03081951741156903,pre_meditation,0.003922137063984634
81.42970161315316,111.42970161315316,96.42970161315316,-0.04183083948283628,-0.034622010102752315,pre_meditation,-0.0675208191873794
86.42970161315316,116.42970161315316,101.42970161315316,-0.03194681367068155,-0.03386665789015262,pre_meditation,-0.15916007855923212
91.42970161315316,121.42970161315316,106.42970161315316,-0.04526231819716252,-0.05715236497586855,pre_meditation,-0.16522007660621446
96.42970161315316,126.42970161315316,111.42970161315316,-0.11162095944437181,-0.13122709543345035,pre_meditation,-0.25359215998009965
101.42970161315316,131.42970161315316,116.42970161315316,-0.03975132804384944,-0.05691326904232399,pre_meditation,-0.21847747285323124
106.42970161315316,136.42970161315316,121.42970161315316,0.155548587801701,0.18089005396249078,pre_meditation,-0.07748992129181846
111.42970161315316,141.42970161315316,126.42970161315316,0.15326695466519472,0.20892247221544913,pre_meditation,-0.07103586702923563
116.42970161315316,146.42970161315316,131.42970161315316,0.08940312109025775,0.0826118404116965,pre_meditation,-0.03032025287113267
121.42970161315316,151.42970161315316,136.42970161315316,0.05658497547735034,-0.0012516625273230658,pre_meditation,0.12834804599638502
126.42970161315316,156.42970161315316,141.42970161315316,0.049852015926874854,0.0547541893986433,pre_meditation,0.09007819366519809
131.42970161315316,161.42970161315316,146.42970161315316,0.053354118827281576,0.13271076818612065,pre_meditation,0.12208034322156285
136.42970161315316,166.42970161315316,151.42970161315316,-0.04647150630346662,-0.06383720510283203,pre_meditation,-0.022773292790207494
141.42970161315316,171.42970161315316,156.42970161315316,-0.041626017691859016,-0.05019774064045776,pre_meditation,-0.02786569788790726
146.42970161315316,176.42970161315316,161.42970161315316,0.010481925044363658,0.001338286205907583,pre_meditation,-0.022437201980231847
151.42970161315316,181.42970161315316,166.42970161315316,0.0004503459771266464,-0.02413983853396457,pre_meditation,-0.12511520043896865
156.42970161315316,186.42970161315316,171.42970161315316,0.011265244676435604,-0.017554647828400095,pre_meditation,-0.04186139844622131
161.42970161315316,191.42970161315316,176.42970161315316,-0.002727068526343627,0.006880032308745735,pre_meditation,-0.04879120970787156
166.42970161315316,196.42970161315316,181.42970161315316,-0.002436718995343538,-0.013905587224638244,pre_meditation,-0.027059445039111913
171.42970161315316,201.42970161315316,186.42970161315316,0.03129377540819756,0.09565736623996833,pre_meditation,0.08032535109915669
176.42970161315316,206.42970161315316,191.42970161315316,-0.013272071536601739,-0.038852566807941954,pre_meditation,0.05872751634518337
181.42970161315316,211.42970161315316,196.42970161315316,-0.049115808461188286,-0.054275067309908116,pre_meditation,-0.11094225372324606
186.42970161315316,216.42970161315316,201.42970161315316,-0.043647746659052446,-0.07562744168440363,pre_meditation,-0.057134394090496164
191.42970161315316,221.42970161315316,206.42970161315316,-0.046279476998982515,-0.07643796723085393,pre_meditation,-0.05342773004618645
196.42970161315316,226.42970161315316,211.42970161315316,0.025547458678611502,-0.009109534837385372,pre_meditation,-0.006068744038979006
201.42970161315316,231.42970161315316,216.42970161315316,0.028857388182886575,0.02728065201267401,pre_meditation,0.06868616050979492
206.42970161315316,236.42970161315316,221.42970161315316,0.037833462078449044,-0.011534509443262446,pre_meditation,0.017918903702913738
211.42970161315316,241.42970161315316,226.42970161315316,0.09333295814774932,0.10205360644265915,pre_meditation,0.1489893906306347
1.694946547948348,31.694946547948348,16.694946547948348,0.053177954882968885,-0.012382284308356228,main_meditation,0.20639750096032805
6.694946547948348,36.69494654794835,21.694946547948348,0.011674858160876728,-0.10663530502809698,main_meditation,0.09532982022898902
11.694946547948348,41.69494654794835,26.694946547948348,0.005383826334029296,-0.03125023748888776,main_meditation,-0.16623857631359565
16.694946547948348,46.69494654794835,31.694946547948348,0.025543604845126276,0.11941393647640279,main_meditation,-0.008457586813923149
21.694946547948348,51.69494654794835,36.69494654794835,-0.005105388642538215,-0.08938179647998189,main_meditation,-0.07661254019459678
26.694946547948348,56.69494654794835,41.69494654794835,0.003779195759425476,0.02385647984989092,main_meditation,-0.05601206074415382
31.694946547948348,61.69494654794835,46.69494654794835,0.020016427997470283,0.06444593017782876,main_meditation,0.1670028700031528
36.69494654794835,66.69494654794835,51.69494654794835,0.022301131756721125,0.1462708678442872,main_meditation,0.24616192055443256
41.69494654794835,71.69494654794835,56.69494654794835,-0.0173114208482373,-0.019737229737532058,main_meditation,0.20369548894348347
46.69494654794835,76.69494654794835,61.69494654794835,-0.04901330303969263,-0.0027023272096328432,main_meditation,0.07111621668541211
51.69494654794835,81.69494654794835,66.69494654794835,-0.05979236400366947,-0.09429767443920141,main_meditation,0.11186999903662687
56.69494654794835,86.69494654794835,71.69494654794835,-0.03002466606688329,-0.0691960146192098,main_meditation,0.13843842446366592
61.69494654794835,91.69494654794835,76.69494654794835,-0.06900373165297588,0.021935935784653443,main_meditation,0.01889695748866722
66.69494654794835,96.69494654794835,81.69494654794835,-0.10778324194890374,-0.11861380920944481,main_meditation,-0.18434724769645514
71.69494654794835,101.69494654794835,86.69494654794835,-0.0765836640972492,-0.0772894226815854,main_meditation,-0.15973951572215847
76.69494654794835,106.69494654794835,91.69494654794835,-0.014742745609641218,0.022745720943375663,main_meditation,-0.1711433381892706
81.69494654794835,111.69494654794835,96.69494654794835,-0.04489035426863759,-0.03200699027673518,main_meditation,-0.18587993180226514
86.69494654794835,116.69494654794835,101.69494654794835,-0.037389987591458305,-0.04803174535113787,main_meditation,-0.23768213049533338
91.69494654794835,121.69494654794835,106.69494654794835,-0.06144682327521692,0.027283444459729654,main_meditation,-0.24621833957562544
96.69494654794835,126.69494654794835,111.69494654794835,-0.030340030694058454,-0.018268013386127477,main_meditation,-0.009496756240605678
101.69494654794835,131.69494654794835,116.69494654794835,0.009107842224667196,0.08425595594982156,main_meditation,0.21391204019018076
106.69494654794835,136.69494654794835,121.69494654794835,0.024675629836592737,0.027348212239838444,main_meditation,0.20249704845927272
111.69494654794835,141.69494654794835,126.69494654794835,0.005149244352380511,-0.058378355314520354,main_meditation,0.21149345548778176
116.69494654794835,146.69494654794835,131.69494654794835,0.05196179046764877,0.03723806018388141,main_meditation,0.35207642071161965
121.69494654794835,151.69494654794835,136.69494654794835,0.0576712654278589,0.04886038421391948,main_meditation,0.3750886070733341
126.69494654794835,156.69494654794835,141.69494654794835,0.053079636639146596,0.041662946116368595,main_meditation,0.3434733205601832
131.69494654794835,161.69494654794835,146.69494654794835,-0.00608562928056997,-0.04113687439860989,main_meditation,0.11498313330955277
136.69494654794835,166.69494654794835,151.69494654794835,0.02284203693778483,0.004384607790170912,main_meditation,0.21049205839695076
141.69494654794835,171.69494654794835,156.69494654794835,0.13416188139824417,0.061975523645022346,main_meditation,0.162264246661766
146.69494654794835,176.69494654794835,161.69494654794835,0.10339438009726834,0.05714699464487308,main_meditation,0.07529150679398054
151.69494654794835,181.69494654794835,166.69494654794835,0.05871372183937539,0.07706648119974491,main_meditation,0.039153728424680324
156.69494654794835,186.69494654794835,171.69494654794835,0.06533254834512853,0.09210934849569974,main_meditation,0.035261471502012295
161.69494654794835,191.69494654794835,176.69494654794835,0.07346303189280438,0.07944090065749941,main_meditation,0.029437266513277955
166.69494654794835,196.69494654794835,181.69494654794835,0.05171847377931386,0.08340178186567256,main_meditation,-0.127201452133797
171.69494654794835,201.69494654794835,186.69494654794835,-0.026413715987890347,-0.09636988375833512,main_meditation,-0.15402435683459956
176.69494654794835,206.69494654794835,191.69494654794835,-0.019067014359095653,-0.03226993928674799,main_meditation,-0.050356617730201725
181.69494654794835,211.69494654794835,196.69494654794835,-0.005646641555667116,-0.03413019891835979,main_meditation,-0.05451116581444876
186.69494654794835,216.69494654794835,201.69494654794835,-0.0015623297211784515,-0.005068946782351582,main_meditation,-0.12621641400365077
191.69494654794835,221.69494654794835,206.69494654794835,0.02115751455834799,0.08265311890586576,main_meditation,-0.12109160652517093
196.69494654794835,226.69494654794835,211.69494654794835,-0.009349267954941797,0.021823026618915654,main_meditation,-0.1983737823630434
201.69494654794835,231.69494654794835,216.69494654794835,-0.01313560307103368,-0.03270649389456412,main_meditation,-0.19352118007900468
206.69494654794835,236.69494654794835,221.69494654794835,-0.0013839903754158777,0.03484327226027155,main_meditation,-0.19916537286544034
211.69494654794835,241.69494654794835,226.69494654794835,0.03286046039876335,0.07575180278335907,main_meditation,-0.19990743498376282
216.69494654794835,246.69494654794835,231.69494654794835,0.030677295579177033,0.07061844971829459,main_meditation,-0.13617296695284134
221.69494654794835,251.69494654794835,236.69494654794835,0.004477610756629633,0.02552215130485386,main_meditation,-0.0018235924261496006
226.69494654794835,256.69494654794835,241.69494654794835,-0.0002395243983973061,0.05239421291354917,main_meditation,0.10085368034752035
231.69494654794835,261.69494654794835,246.69494654794835,-0.049701164351777,-0.02271710390429307,main_meditation,-0.03143257432781345
236.69494654794835,266.69494654794835,251.69494654794835,-0.07165134567440662,-0.07479034694448489,main_meditation,-0.0840419668822942
241.69494654794835,271.69494654794835,256.69494654794835,-0.07011932378873491,-0.10049183857595072,main_meditation,-0.12898656914331946
246.69494654794835,276.69494654794835,261.69494654794835,-0.06885087982459952,-0.09633954036690917,main_meditation,-0.27468743540508594
251.69494654794835,281.69494654794835,266.69494654794835,-0.06513537510120919,-0.09833518830655122,main_meditation,-0.23209407903185916
256.69494654794835,286.69494654794835,271.69494654794835,-0.06936034237586419,-0.06443781113813025,main_meditation,-0.2371580003059497
261.69494654794835,291.69494654794835,276.69494654794835,-0.08489320333382039,-0.16951882103710889,main_meditation,-0.15142413217956763
266.69494654794835,296.69494654794835,281.69494654794835,-0.08621574798531505,-0.1331365221071328,main_meditation,-0.1909290803305392
271.69494654794835,301.69494654794835,286.69494654794835,-0.09781528549819249,-0.11626411313718767,main_meditation,-0.08416407240855317
276.69494654794835,306.69494654794835,291.69494654794835,-0.05762093995871165,-0.10948271401891516,main_meditation,0.17118552549824417
281.69494654794835,311.69494654794835,296.69494654794835,-0.03659283514651966,-0.012603901457895897,main_meditation,0.21170203678152213
286.69494654794835,316.69494654794835,301.69494654794835,-0.022139753398347863,0.0620815949906953,main_meditation,0.25212343626341704
291.69494654794835,321.69494654794835,306.69494654794835,-0.033495912969061806,-0.011653389137151523,main_meditation,0.17612572448025066
296.69494654794835,326.69494654794835,311.69494654794835,-0.04184214714492569,-0.06630724599463325,main_meditation,0.1461932958687175
301.69494654794835,331.69494654794835,316.69494654794835,-0.048074703784686444,-0.03045340725018237,main_meditation,0.11357113031758874
306.69494654794835,336.69494654794835,321.69494654794835,-0.032543149780745746,-0.03317922184647643,main_meditation,0.007493126871078598
311.69494654794835,341.69494654794835,326.69494654794835,-0.02159947785559461,-0.029259848024430716,main_meditation,-0.08473822139282129
316.69494654794835,346.69494654794835,331.69494654794835,0.027809293617814885,0.04831672684572404,main_meditation,0.027880260375026833
321.69494654794835,351.69494654794835,336.69494654794835,0.031498281823864896,0.10363789087073359,main_meditation,0.011924517082822958
326.69494654794835,356.69494654794835,341.69494654794835,0.028962125814413677,0.05038605275063761,main_meditation,0.04826214206284022
331.69494654794835,361.69494654794835,346.69494654794835,0.02084069346784209,-0.0038314279349237848,main_meditation,-0.00745965884725337
336.69494654794835,366.69494654794835,351.69494654794835,-0.02322522645695852,-0.06064249534071533,main_meditation,-0.07190792323995042
341.69494654794835,371.69494654794835,356.69494654794835,-0.039160849120953384,0.010460511899737453,main_meditation,-0.07354459961128046
346.69494654794835,376.69494654794835,361.69494654794835,-0.052130395770021654,-0.044670314242588834,main_meditation,-0.04640048403490287
351.69494654794835,381.69494654794835,366.69494654794835,0.022074518129892258,0.021220143091278936,main_meditation,0.04017293734942136
356.69494654794835,386.69494654794835,371.69494654794835,-0.0008414660402013978,-0.05131745378704801,main_meditation,0.010531048637139467
361.69494654794835,391.69494654794835,376.69494654794835,0.04196845141365553,0.029983611371166334,main_meditation,0.02417631450646703
366.69494654794835,396.69494654794835,381.69494654794835,0.021205022214505893,-0.01135371102701591,main_meditation,0.013253829873574763
371.69494654794835,401.69494654794835,386.69494654794835,-0.00914038672683164,0.0007107283919756552,main_meditation,-0.06858784773232873
376.69494654794835,406.69494654794835,391.69494654794835,-0.023185870019583624,-0.08528170757033643,main_meditation,-0.09874637383560476
381.69494654794835,411.69494654794835,396.69494654794835,-0.08420060809373457,-0.0661400016669146,main_meditation,-0.19812313341346344
386.69494654794835,416.69494654794835,401.69494654794835,-0.08503324522733598,-0.06548096076604785,main_meditation,-0.17282439405897265
391.69494654794835,421.69494654794835,406.69494654794835,-0.08231816885611515,-0.0635420549502498,main_meditation,-0.17537600543470377
396.69494654794835,426.69494654794835,411.69494654794835,-0.014323768381280874,-0.049385267647674015,main_meditation,-0.11418442128213664
401.69494654794835,431.69494654794835,416.69494654794835,0.08494091770253046,0.08459405454921597,main_meditation,-0.011935543606795078
406.69494654794835,436.69494654794835,421.69494654794835,0.09602872423982362,0.08255206870540499,main_meditation,-0.06331450068890132
411.69494654794835,441.69494654794835,426.69494654794835,0.10220527991031515,0.12201483484954098,main_meditation,-0.0362947078308481
416.69494654794835,446.69494654794835,431.69494654794835,0.08252063538215104,0.10507226460831806,main_meditation,-0.1341067638621356
421.69494654794835,451.69494654794835,436.69494654794835,0.08569319367801641,0.12777224685212246,main_meditation,-0.09593001629474712
426.69494654794835,456.69494654794835,441.69494654794835,0.029378979514710284,0.09518859807505306,main_meditation,-0.10740073332521692
431.69494654794835,461.69494654794835,446.69494654794835,-0.037979861797429515,-0.022846782406227315,main_meditation,-0.09570489786232096
436.69494654794835,466.69494654794835,451.69494654794835,-0.04282925581454045,-0.032022079930849996,main_meditation,-0.09813739839005457
441.69494654794835,471.69494654794835,456.69494654794835,-0.05819326553716687,-0.13838491114029855,main_meditation,-0.11407914878787899
446.69494654794835,476.69494654794835,461.69494654794835,-0.044771257586986746,-0.07823067804571059,main_meditation,-0.034015804097961434
451.69494654794835,481.69494654794835,466.69494654794835,-0.04955057039672619,-0.03251178280587688,main_meditation,0.08691139125072894
456.69494654794835,486.69494654794835,471.69494654794835,-0.015768317569076384,-0.06270886629232944,main_meditation,0.3083855354016743
461.69494654794835,491.69494654794835,476.69494654794835,-0.007092073375525166,-0.0410230174581316,main_meditation,0.1610020371052189
466.69494654794835,496.69494654794835,481.69494654794835,-0.0503680225042287,-0.13510964118328414,main_meditation,0.06046681927725761
471.69494654794835,501.69494654794835,486.69494654794835,0.008599743230628726,-0.06305911232534564,main_meditation,0.060388653846402546
476.69494654794835,506.69494654794835,491.69494654794835,0.0022010454352326347,-0.023634769405809424,main_meditation,-0.030406652576489807
481.69494654794835,511.69494654794835,496.69494654794835,-0.07313530095202543,-0.12481964610649142,main_meditation,0.040390938291603416
486.69494654794835,516.6949465479483,501.69494654794835,-0.06650183272359839,-0.11020592858663852,main_meditation,0.09215550340099378
491.69494654794835,521.6949465479483,506.69494654794835,-0.04376160766144343,-0.07805829382991768,main_meditation,0.007330358195787516
496.69494654794835,526.6949465479483,511.69494654794835,-0.01748107318256038,-0.047154805335094245,main_meditation,-0.009029061136633099
501.69494654794835,531.6949465479483,516.6949465479483,0.012858006695428276,0.05149153163601512,main_meditation,0.07325464458907628
506.69494654794835,536.6949465479483,521.6949465479483,-0.002340889791738952,-0.028408040613180925,main_meditation,0.07816543452284434
511.69494654794835,541.6949465479483,526.6949465479483,0.04627555565259032,-0.016421429878528244,main_meditation,0.053554358275655405
516.6949465479483,546.6949465479483,531.6949465479483,0.06304991468880702,0.049193649264954245,main_meditation,0.13955550561550803
521.6949465479483,551.6949465479483,536.6949465479483,-0.01816232626060825,-0.07783756427189571,main_meditation,0.11487555432663545
526.6949465479483,556.6949465479483,541.6949465479483,0.003133116542072356,-0.03404878482754421,main_meditation,0.05810195855685867
531.6949465479483,561.6949465479483,546.6949465479483,-0.020854883301824684,-0.11572614875528872,main_meditation,0.04939495706905794
536.6949465479483,566.6949465479483,551.6949465479483,-0.008421963406709336,0.024084072268600827,main_meditation,0.24735410162816227
541.6949465479483,571.6949465479483,556.6949465479483,-0.01333850937856231,-0.012796542485040238,main_meditation,0.23401697934360577
546.6949465479483,576.6949465479483,561.6949465479483,-0.02944869512237434,0.0013545084561326635,main_meditation,0.1066114510878538
551.6949465479483,581.6949465479483,566.6949465479483,-0.02454493918052362,0.09728542369416798,main_meditation,0.07654141231946802
556.6949465479483,586.6949465479483,571.6949465479483,-0.0644248186420012,-0.09826187174097972,main_meditation,0.11975096552786067
561.6949465479483,591.6949465479483,576.6949465479483,-0.059656387247497174,-0.058895390785356244,main_meditation,0.06872633864260641
566.6949465479483,596.6949465479483,581.6949465479483,0.031069931164189275,0.013519776532899201,main_meditation,-0.011807577316521675
571.6949465479483,601.6949465479483,586.6949465479483,0.029074746896963828,0.01903537487840401,main_meditation,0.3476196545257532
576.6949465479483,606.6949465479483,591.6949465479483,0.02857267117581178,0.056311505307576774,main_meditation,0.2717994199365333
581.6949465479483,611.6949465479483,596.6949465479483,-0.005983335488156823,-0.003954289677917731,main_meditation,0.07963511057075795
586.6949465479483,616.6949465479483,601.6949465479483,-0.05348009364995392,-0.05724551562972931,main_meditation,0.00611439819596551
591.6949465479483,621.6949465479483,606.6949465479483,-0.03371506259571074,-0.058638642726919765,main_meditation,0.0960109182248291
596.6949465479483,626.6949465479483,611.6949465479483,-0.04752225178888736,-0.03242658737801198,main_meditation,0.13097541291329387
601.6949465479483,631.6949465479483,616.6949465479483,-0.03735275812436364,-0.03407566559474863,main_meditation,0.09245181564840001
606.6949465479483,636.6949465479483,621.6949465479483,-0.025085167552905078,-0.06679449989923046,main_meditation,-0.015163984957223273
611.6949465479483,641.6949465479483,626.6949465479483,0.01595798081534484,0.08179484382516235,main_meditation,0.11797724767039407
616.6949465479483,646.6949465479483,631.6949465479483,0.07076612959031868,0.09818831358072694,main_meditation,0.20523689893543687
621.6949465479483,651.6949465479483,636.6949465479483,0.03378204384210502,0.08299033123551541,main_meditation,0.14555051506020153
626.6949465479483,656.6949465479483,641.6949465479483,0.05927089215670763,0.0402809195640831,main_meditation,0.21853967939777932
631.6949465479483,661.6949465479483,646.6949465479483,0.04886696964793769,0.1260015211418793,main_meditation,0.22131975460243244
636.6949465479483,666.6949465479483,651.6949465479483,0.034857205246514256,0.04031175407599187,main_meditation,0.07654404305485774
641.6949465479483,671.6949465479483,656.6949465479483,-0.0641383663456277,-0.09030843338627145,main_meditation,-0.12238712138128532
646.6949465479483,676.6949465479483,661.6949465479483,-0.0832115493449275,-0.24672429725216927,main_meditation,-0.24239398214593355
651.6949465479483,681.6949465479483,666.6949465479483,-0.10458779306418999,-0.15636492655216574,main_meditation,-0.19325170117137302
656.6949465479483,686.6949465479483,671.6949465479483,-0.08512754980807971,-0.08231230432369192,main_meditation,-0.2505515395973088
661.6949465479483,691.6949465479483,676.6949465479483,-0.038780263443651194,-0.013949731912014004,main_meditation,-0.22006129252565568
666.6949465479483,696.6949465479483,681.6949465479483,-0.011755616670815433,-0.025025074423709662,main_meditation,-0.1664850694924152
671.6949465479483,701.6949465479483,686.6949465479483,-0.02685313708753969,0.01458970307991903,main_meditation,-0.10119351946338406
676.6949465479483,706.6949465479483,691.6949465479483,-0.0480624541499259,-0.05364691866797659,main_meditation,-0.1046534824756296
681.6949465479483,711.6949465479483,696.6949465479483,-0.048893399343534046,-0.12266984380150742,main_meditation,-0.1541190855572566
686.6949465479483,716.6949465479483,701.6949465479483,-0.0734375162999918,-0.09449662383874514,main_meditation,-0.15908115551050941
691.6949465479483,721.6949465479483,706.6949465479483,-0.07090932499741351,-0.05752856560523204,main_meditation,-0.12094628230197951
696.6949465479483,726.6949465479483,711.6949465479483,-0.047987529907091216,-0.001525287875050057,main_meditation,-0.06375115000212982
701.6949465479483,731.6949465479483,716.6949465479483,-0.05383949084475597,-0.0009087455146730326,main_meditation,-0.14805722479338942
706.6949465479483,736.6949465479483,721.6949465479483,-0.01892918462902656,-0.04089421437629574,main_meditation,-0.0672536282857466
711.6949465479483,741.6949465479483,726.6949465479483,-0.03947106109701655,-0.024315196473755532,main_meditation,-0.08253672955481933
716.6949465479483,746.6949465479483,731.6949465479483,-0.015193843253385334,-0.06486632829020435,main_meditation,0.006632632573785009
721.6949465479483,751.6949465479483,736.6949465479483,-0.027415327538973695,-0.05749227796270039,main_meditation,-0.0659897571636665
1.5779519822390284,31.57795198223903,16.57795198223903,-0.05159221476754124,-0.10888740948553972,recovery,-0.17027365697024452
6.577951982239028,36.57795198223903,21.57795198223903,-0.04081119256544163,0.017331340344553373,recovery,-0.004641574337081784
11.577951982239028,41.57795198223903,26.57795198223903,-0.02845133748447105,-0.07811900590822461,recovery,0.005505405743115134
16.57795198223903,46.57795198223903,31.57795198223903,-0.008324931131762936,-0.010992310057906678,recovery,-0.022001072210550005
21.57795198223903,51.57795198223903,36.57795198223903,0.009973203488940317,-0.03320407897442321,recovery,-0.07549975319942824
26.57795198223903,56.57795198223903,41.57795198223903,0.002546583774454015,-0.011817527945817743,recovery,-0.1140618225087499
31.57795198223903,61.57795198223903,46.57795198223903,0.007214851376483559,0.05034162445482858,recovery,-0.051397554275896186
36.57795198223903,66.57795198223903,51.57795198223903,0.08653961839803989,0.0407200932214694,recovery,-0.10981382918977005
41.57795198223903,71.57795198223903,56.57795198223903,-0.020173083451090538,-0.04316868534425958,recovery,-0.16677966231787347
46.57795198223903,76.57795198223903,61.57795198223903,0.017936871018005392,-0.01903480774943312,recovery,-0.2040302921287099
51.57795198223903,81.57795198223903,66.57795198223903,0.06354152122191681,0.120686137663546,recovery,-0.152764471091177
56.57795198223903,86.57795198223903,71.57795198223903,0.12846095483473252,0.1021540405026378,recovery,-0.15769451533150214
61.57795198223903,91.57795198223903,76.57795198223903,0.06990155833226765,0.07682034885836647,recovery,-0.19415961050858963
