segment,window_index,window_start_sec,window_end_sec,whole_rho_mean,cluster467_rho_mean
pre_meditation,0,0,30,0.45653028796144757,0.6547072877668753
pre_meditation,1,5,35,0.40520483217537506,0.47294224541859836
pre_meditation,2,10,40,0.422256137879352,0.5503140950843055
pre_meditation,3,15,45,0.3751805530908648,0.47399042700102184
pre_meditation,4,20,50,0.45649441909638444,0.49346768231212956
pre_meditation,5,25,55,0.45950670851044556,0.5816982580856728
pre_meditation,6,30,60,0.3487807550699423,0.5991527507176753
pre_meditation,7,35,65,0.4640209333209104,0.6013028480179065
pre_meditation,8,40,70,0.33859460023203347,0.6212006485447422
pre_meditation,9,45,75,0.4499758385389029,0.49002732122361525
pre_meditation,10,50,80,0.49412451325314155,0.5076459699283018
pre_meditation,11,55,85,0.5446003529771851,0.5647277198547321
pre_meditation,12,60,90,0.5125066787037558,0.5679892812541681
pre_meditation,13,65,95,0.37821124272923434,0.5754157014052694
pre_meditation,14,70,100,0.470628993014114,0.6081689005138785
pre_meditation,15,75,105,0.5262294176624985,0.5565732768349504
pre_meditation,16,80,110,0.5127365650348422,0.6132433769251663
pre_meditation,17,85,115,0.5698187787105639,0.57474852028388
pre_meditation,18,90,120,0.4853098273228469,0.5652731886472377
pre_meditation,19,95,125,0.3957976689098173,0.49362807785570406
pre_meditation,20,100,130,0.4696724341801834,0.47622799792107645
pre_meditation,21,105,135,0.48483517670136517,0.49323207437301353
pre_meditation,22,110,140,0.5051431370841111,0.45227416846848245
pre_meditation,23,115,145,0.4851039344593795,0.5094726262656256
pre_meditation,24,120,150,0.48311405500828436,0.6239634275853951
pre_meditation,25,125,155,0.48746111951821924,0.6009965821155261
pre_meditation,26,130,160,0.4846506247033578,0.6409540705009165
pre_meditation,27,135,165,0.3918835535374682,0.5998514285175643
pre_meditation,28,140,170,0.42257293921602146,0.6347939762750467
pre_meditation,29,145,175,0.4186000185364368,0.6350918099452011
pre_meditation,30,150,180,0.423515148889177,0.6243641585216478
pre_meditation,31,155,185,0.4122787162893502,0.5646831074942398
pre_meditation,32,160,190,0.43985494985945084,0.5840289659053005
pre_meditation,33,165,195,0.45608429185870736,0.582695916418667
pre_meditation,34,170,200,0.5239682895321004,0.6689198789061525
pre_meditation,35,175,205,0.5093713635530394,0.6622694890869414
pre_meditation,36,180,210,0.5247841749216711,0.6132812157879093
pre_meditation,37,185,215,0.4659386195958938,0.604713667858425
pre_meditation,38,190,220,0.41677252983113583,0.6163568358703364
pre_meditation,39,195,225,0.47713964991590097,0.6058177313475086
pre_meditation,40,200,230,0.4950860384245214,0.6155589600282166
pre_meditation,41,205,235,0.5178890783893784,0.610223074005323
pre_meditation,42,210,240,0.5532961210631048,0.6944266123477323
main_meditation,0,0,30,0.537851354325213,0.6882897927259505
main_meditation,1,5,35,0.4545076113029068,0.6569722262581235
main_meditation,2,10,40,0.5075421206383125,0.6347263409184764
main_meditation,3,15,45,0.512685822474712,0.6307909250657476
main_meditation,4,20,50,0.5375237027274911,0.6813886214969513
main_meditation,5,25,55,0.5192473225893245,0.7207964314842847
main_meditation,6,30,60,0.5086413606996759,0.7353198295963439
main_meditation,7,35,65,0.5030272583703749,0.6916570717592972
main_meditation,8,40,70,0.40840435359426236,0.6612393236431722
main_meditation,9,45,75,0.45378722327376353,0.6085336075496759
main_meditation,10,50,80,0.4426639225048657,0.5751424528578272
main_meditation,11,55,85,0.4651195819451457,0.5951034705327578
main_meditation,12,60,90,0.5037530882348106,0.5930457417237063
main_meditation,13,65,95,0.45315171034423185,0.5621681728521798
main_meditation,14,70,100,0.5269905395117231,0.5425090759197719
main_meditation,15,75,105,0.5917379245009673,0.6428566393686442
main_meditation,16,80,110,0.5459057066323264,0.5633627075041283
main_meditation,17,85,115,0.48091510862350667,0.5740270220378354
main_meditation,18,90,120,0.5189078913203052,0.5477526392415111
main_meditation,19,95,125,0.5341759314330531,0.6141396038219283
main_meditation,20,100,130,0.5543894675285501,0.7059390789179335
main_meditation,21,105,135,0.5474151519921595,0.7029831198018078
main_meditation,22,110,140,0.5221080808299413,0.7358213836613767
main_meditation,23,115,145,0.5585521817095996,0.7469822009239443
main_meditation,24,120,150,0.5520440944473662,0.7771790383060307
main_meditation,25,125,155,0.47843694193382974,0.727547744504306
main_meditation,26,130,160,0.4303315973248573,0.5895799477341173
main_meditation,27,135,165,0.5017801855747331,0.6462729230723347
main_meditation,28,140,170,0.48624365241979745,0.6367008225284299
main_meditation,29,145,175,0.4798488935009942,0.5510851225248293
main_meditation,30,150,180,0.41185133194954465,0.5440289822768329
main_meditation,31,155,185,0.5038387475428413,0.5991324719344466
main_meditation,32,160,190,0.4619529043350754,0.5929883838620327
main_meditation,33,165,195,0.4742981948431297,0.5576482544573996
main_meditation,34,170,200,0.43254685503644147,0.5290718839658688
main_meditation,35,175,205,0.44631794540229897,0.6171352263022147
main_meditation,36,180,210,0.41156576175254217,0.5757878405417064
main_meditation,37,185,215,0.41065709607137546,0.5519896997432915
main_meditation,38,190,220,0.4102724443311823,0.5724101994951932
main_meditation,39,195,225,0.4010564723076616,0.6644871403913956
main_meditation,40,200,230,0.44361399591634093,0.6059768431881482
main_meditation,41,205,235,0.4832421790230755,0.6649618419451407
main_meditation,42,210,240,0.5340323318983925,0.6697242804608293
main_meditation,43,215,245,0.5660680798506909,0.6272600258268892
main_meditation,44,220,250,0.5336825121296914,0.5972308245417213
main_meditation,45,225,255,0.47952812614362966,0.5750797302608774
main_meditation,46,230,260,0.47108635984386954,0.5094436456489041
main_meditation,47,235,265,0.39539350525885975,0.5322311700655312
main_meditation,48,240,270,0.3860874528618198,0.504085813895918
main_meditation,49,245,275,0.3817763453272809,0.4462330571840441
main_meditation,50,250,280,0.48499987734848926,0.48252729473293077
main_meditation,51,255,285,0.46398611116171035,0.5449697371657822
main_meditation,52,260,290,0.4540934617698926,0.5129290787930064
main_meditation,53,265,295,0.5101989813330374,0.5602485884566071
main_meditation,54,270,300,0.3938559878289532,0.4949417189786297
main_meditation,55,275,305,0.3672410719493841,0.5867119401260787
main_meditation,56,280,310,0.3804120689856422,0.5661360475659739
main_meditation,57,285,315,0.48257404604596826,0.5788313634769098
main_meditation,58,290,320,0.4520960933432641,0.5933600236891265
main_meditation,59,295,325,0.43664730357403275,0.563958687420371
main_meditation,60,300,330,0.37134490301716794,0.5865610811408873
main_meditation,61,305,335,0.3855401850013703,0.5161140170493399
main_meditation,62,310,340,0.43209087033607857,0.5143629244314122
main_meditation,63,315,345,0.4476152173411336,0.5058963868657063
main_meditation,64,320,350,0.40601283874951116,0.6114607202190723
main_meditation,65,325,355,0.42936496340185376,0.6124108857686522
main_meditation,66,330,360,0.4150711257239571,0.6674973166754583
main_meditation,67,335,365,0.4601964554784745,0.6667820137228737
main_meditation,68,340,370,0.4585015089650634,0.6721307382336013
main_meditation,69,345,375,0.39988866617828417,0.6654000410148284
main_meditation,70,350,380,0.5530004826612044,0.6668761337996847
main_meditation,71,355,385,0.5147351108779697,0.6796014767577901
main_meditation,72,360,390,0.527807292230643,0.6594425926391632
main_meditation,73,365,395,0.4896272339236752,0.5936220951841514
main_meditation,74,370,400,0.47188304589120766,0.5312333203238873
main_meditation,75,375,405,0.4579973860145806,0.5099875955931116
main_meditation,76,380,410,0.4558673570330077,0.45221890850631813
main_meditation,77,385,415,0.4961691356733742,0.43495129600197924
main_meditation,78,390,420,0.46520950847150994,0.5178873626394453
main_meditation,79,395,425,0.47377104878869614,0.43605778036924786
main_meditation,80,400,430,0.5705899614708165,0.5817069121450483
main_meditation,81,405,435,0.5246917857955142,0.47642937932305235
main_meditation,82,410,440,0.5267083775049312,0.5551922703540204
main_meditation,83,415,445,0.4970921392311613,0.5330781614803846
main_meditation,84,420,450,0.4954774601350024,0.52907713513883
main_meditation,85,425,455,0.44940000659220203,0.5092281900862319
main_meditation,86,430,460,0.4901795462668715,0.618202435586422
main_meditation,87,435,465,0.44241121953040347,0.6501761933268038
main_meditation,88,440,470,0.46358559764112334,0.6206527634242582
main_meditation,89,445,475,0.4779900751233606,0.676109272999926
main_meditation,90,450,480,0.33252381003449066,0.6697285966372669
main_meditation,91,455,485,0.38700816383155984,0.6369556533959482
main_meditation,92,460,490,0.5034482176930394,0.6332645669633091
main_meditation,93,465,495,0.5289625598058743,0.676715278976695
main_meditation,94,470,500,0.5159944918830384,0.6653007746739924
main_meditation,95,475,505,0.44114353313966703,0.6113035226749409
main_meditation,96,480,510,0.4521016545587421,0.6171760540141756
main_meditation,97,485,515,0.4290809662871377,0.6346159022318829
main_meditation,98,490,520,0.45404940886924633,0.6050601198806603
main_meditation,99,495,525,0.4553313303557289,0.6004961695837735
main_meditation,100,500,530,0.49373001797303184,0.6506155621371542
main_meditation,101,505,535,0.49509476714642014,0.6583155964504732
main_meditation,102,510,540,0.538467299033996,0.6650286259207968
main_meditation,103,515,545,0.6096362587354072,0.7143431628876334
main_meditation,104,520,550,0.6060905623547631,0.7739198189087356
main_meditation,105,525,555,0.6422308536403707,0.7792455822451861
main_meditation,106,530,560,0.6142196825040841,0.7530124103465795
main_meditation,107,535,565,0.6042659212898126,0.7656481684979305
main_meditation,108,540,570,0.5508631364536271,0.733495334033583
main_meditation,109,545,575,0.49211013955432104,0.7020442232142242
main_meditation,110,550,580,0.4662072524531508,0.6436803312964332
main_meditation,111,555,585,0.41662718717109587,0.6795325775297495
main_meditation,112,560,590,0.389146618049444,0.6459599331102572
main_meditation,113,565,595,0.45289276000597933,0.5598717777321887
main_meditation,114,570,600,0.4399144796712721,0.6678595062929361
main_meditation,115,575,605,0.4282478738929539,0.7131255052389304
main_meditation,116,580,610,0.4021752360292516,0.7392412917483925
main_meditation,117,585,615,0.4286794283338194,0.7557927696629889
main_meditation,118,590,620,0.42852069849167335,0.8529525687416507
main_meditation,119,595,625,0.4794407649802485,0.8192039536345274
main_meditation,120,600,630,0.4383720693975667,0.622220073894233
main_meditation,121,605,635,0.3528861377585202,0.5910043513478551
main_meditation,122,610,640,0.40801737854398795,0.6719022716136126
main_meditation,123,615,645,0.5184140074139303,0.7755323817622733
main_meditation,124,620,650,0.570084154425665,0.7496898183784544
main_meditation,125,625,655,0.5495522581159039,0.7881479115238115
main_meditation,126,630,660,0.5603388093159073,0.8001856638467992
main_meditation,127,635,665,0.5433232159633195,0.755000258244113
main_meditation,128,640,670,0.5134525178016449,0.7173255161907269
main_meditation,129,645,675,0.5201232504175357,0.6550702294198438
main_meditation,130,650,680,0.5104453597058034,0.7025656336984347
main_meditation,131,655,685,0.5269366303452403,0.7118695830554239
main_meditation,132,660,690,0.485732377009357,0.6653882661340301
main_meditation,133,665,695,0.5065062392760686,0.6372404840892615
main_meditation,134,670,700,0.4733773381158304,0.6694662147925814
main_meditation,135,675,705,0.4742526768007696,0.6264639345298904
main_meditation,136,680,710,0.41291556373372446,0.5867187999163884
main_meditation,137,685,715,0.44082572259123753,0.5476571265353882
main_meditation,138,690,720,0.501571079125714,0.6179972116719671
main_meditation,139,695,725,0.38029902971837604,0.6140003899933444
main_meditation,140,700,730,0.46666500340505707,0.6032936181230035
main_meditation,141,705,735,0.45681826010987536,0.6315187129523354
main_meditation,142,710,740,0.46593349726731714,0.6572468740347794
main_meditation,143,715,745,0.40005666494139264,0.6007350168300188
main_meditation,144,720,750,0.3841702328322318,0.5410364702388246
recovery,0,0,30,0.4152119699730801,0.547192303751531
recovery,1,5,35,0.4008788626538798,0.5424565463849703
recovery,2,10,40,0.42679834080467827,0.5428033801499011
recovery,3,15,45,0.48891205483814865,0.5552094452436579
recovery,4,20,50,0.46681623029440955,0.4985387500212662
recovery,5,25,55,0.47167080585132,0.5410500298120926
recovery,6,30,60,0.4587467569804852,0.559027646072549
recovery,7,35,65,0.5637952875560326,0.584443882117245
recovery,8,40,70,0.46159233829352064,0.4894988325284756
recovery,9,45,75,0.5597449645205617,0.5715353857098499
recovery,10,50,80,0.5563154345768913,0.5744150445257415
recovery,11,55,85,0.6414824634128041,0.7399427462909148
recovery,12,60,90,0.6361958049781303,0.8365881205783023
