emotibit_id,segment,channel,fs_estimated,n_samples,nan_fraction,outlier_fraction,clipping_fraction,iqr,diff_std,pulse_band_ratio,autocorr_peak_strength
EmotiBit_1,pre_meditation,PPG_1,99.49605679515615,24288,0.0,0.2033102766798419,8.234519104084322e-05,698.0,25.095681894611246,0.3186720618270854,0.9631719244706952
EmotiBit_1,pre_meditation,PPG_2,99.49605679515615,24288,0.0,0.0,8.234519104084322e-05,180.0,23.539243420291932,0.15168557621305057,0.9628710416516011
EmotiBit_1,pre_meditation,PPG_3,99.49605679515615,24288,0.0,0.0,8.234519104084322e-05,51.0,22.07341095491992,0.4750248142235303,0.7060740836534948
EmotiBit_1,main_meditation,PPG_1,99.49605679515615,74968,0.0,0.0,2.6678049301035108e-05,1193.0,25.26577201628377,0.22210794850492038,0.9644567704036355
EmotiBit_1,main_meditation,PPG_2,99.49605679515615,74968,0.0,0.0,2.6678049301035108e-05,289.0,23.6732969219493,0.18927189378208129,0.9618019935190483
EmotiBit_1,main_meditation,PPG_3,99.49605679515615,74968,0.0,0.004561946430477004,2.6678049301035108e-05,36.0,22.34270663459168,0.41411145042865505,0.7277944106944556
EmotiBit_1,recovery,PPG_1,99.49605679515615,9430,0.0,0.11739130434782609,0.0003181336161187699,96.0,25.33333343278783,0.22223294774172248,0.9472478583635882
EmotiBit_1,recovery,PPG_2,99.49605679515615,9430,0.0,0.10265111346765642,0.00021208907741251324,134.0,23.527667019114766,0.05762530104146325,0.9509602970183367
EmotiBit_1,recovery,PPG_3,99.49605679515615,9430,0.0,0.05715800636267232,0.00021208907741251324,27.0,22.472485821972793,0.4175417328463093,0.8260996142117822
EmotiBit_2,pre_meditation,PPG_1,100.0208705440392,24416,0.0,0.0,8.1913499344692e-05,210.0,25.280214966889158,0.4256806710565387,0.8825965885348388
EmotiBit_2,pre_meditation,PPG_2,100.0208705440392,24416,0.0,0.0,8.1913499344692e-05,77.0,23.279296953011755,0.22584096936195722,0.26542483944999645
EmotiBit_2,pre_meditation,PPG_3,100.0208705440392,24416,0.0,0.0,8.1913499344692e-05,39.0,22.88308428231178,0.23276973820076136,0.13580644254755334
EmotiBit_2,main_meditation,PPG_1,100.0208705440392,75362,0.0,0.0,3.980786072556461e-05,2203.75,26.213058520414286,0.76306504309161,0.950321064468819
EmotiBit_2,main_meditation,PPG_2,100.0208705440392,75362,0.0,1.3269286908521536e-05,2.653857381704307e-05,427.0,463.69840717348325,0.2890508080097852,0.009299407726833981
EmotiBit_2,main_meditation,PPG_3,100.0208705440392,75362,0.0,0.0,2.653857381704307e-05,61.0,23.034608350777017,0.23821193829736195,0.24160398630659674
EmotiBit_2,recovery,PPG_1,100.0208705440392,9480,0.0,0.0,0.0002109704641350211,307.0,26.180212182747706,0.714765281096626,0.8104498717080668
EmotiBit_2,recovery,PPG_2,100.0208705440392,9480,0.0,0.0,0.0002109704641350211,54.0,23.261044506962758,0.3075287610095834,0.17170976921202427
EmotiBit_2,recovery,PPG_3,100.0208705440392,9480,0.0,0.0,0.00031645569620253165,21.0,22.937849671391675,0.2123742061661169,0.0983394770159227
EmotiBit_3,pre_meditation,PPG_1,98.92014707272136,24147,0.0,0.0013252163829875346,8.282602393672091e-05,310.0,25.760486920745567,0.4172648891574026,0.6050190210330588
EmotiBit_3,pre_meditation,PPG_2,98.92014707272136,24147,0.0,0.0011181513231457323,0.00016565204787344183,232.0,24.29533581820736,0.29292499760657137,0.07415172937620965
EmotiBit_3,pre_meditation,PPG_3,98.92014707272136,24147,0.0,0.0004141301196836046,8.282602393672091e-05,34.0,21.369130314683858,0.5282157748859518,0.31307742434142505
EmotiBit_3,main_meditation,PPG_1,98.92014707272136,74534,0.0,0.0,2.683339147234819e-05,3224.0,26.06607730300687,0.446720920694171,0.9842568821846923
EmotiBit_3,main_meditation,PPG_2,98.92014707272136,74534,0.0,2.683339147234819e-05,2.683339147234819e-05,1889.75,679.003076955326,0.2969321640332778,0.32418154858139087
EmotiBit_3,main_meditation,PPG_3,98.92014707272136,74534,0.0,0.0,2.683339147234819e-05,168.0,21.52298485812195,0.6310776809852253,0.7176005536028038
EmotiBit_3,recovery,PPG_1,98.92014707272136,9375,0.0,0.18794666666666668,0.00021333333333333333,200.5,28.28964588754415,0.11851154001541626,0.9714354314509657
EmotiBit_3,recovery,PPG_2,98.92014707272136,9375,0.0,0.19946666666666665,0.00021333333333333333,88.0,381.5557434785193,0.21769296372381203,0.6429193965555161
EmotiBit_3,recovery,PPG_3,98.92014707272136,9375,0.0,0.0,0.00021333333333333333,115.0,21.753070037114096,0.2748698716949236,0.7893257467133087
EmotiBit_4,pre_meditation,PPG_1,99.07004871917749,24184,0.0,0.0,8.269930532583527e-05,282.0,26.591643061564966,0.728547564877356,0.966547445030721
EmotiBit_4,pre_meditation,PPG_2,99.07004871917749,24184,0.0,4.1349652662917634e-05,8.269930532583527e-05,228.0,616.9040250663558,0.2934382967160429,0.006505048025603744
EmotiBit_4,pre_meditation,PPG_3,99.07004871917749,24184,0.0,0.0,8.269930532583527e-05,94.0,21.792209579101645,0.6036347621424009,0.8419375009382751
EmotiBit_4,main_meditation,PPG_1,99.07004871917749,74646,0.0,0.0,2.6793130241406102e-05,448.0,28.850684318105284,0.8127231209810442,0.9500313740510143
EmotiBit_4,main_meditation,PPG_2,99.07004871917749,74646,0.0,0.0,2.6793130241406102e-05,1617.0,23.489360099337237,0.7276061360424687,0.971211322628445
EmotiBit_4,main_meditation,PPG_3,99.07004871917749,74646,0.0,0.0,2.6793130241406102e-05,101.0,22.10421787626755,0.7692016324439163,0.9161433161123388
EmotiBit_4,recovery,PPG_1,99.07004871917749,9390,0.0,0.0,0.00021299254526091586,411.0,31.483594165723694,0.7458830732044707,0.8535637103625466
EmotiBit_4,recovery,PPG_2,99.07004871917749,9390,0.0,0.00010649627263045793,0.00021299254526091586,162.75,1252.6877720456193,0.2995271643436039,0.009275055408785003
EmotiBit_4,recovery,PPG_3,99.07004871917749,9390,0.0,0.0,0.00021299254526091586,111.0,21.8709824213172,0.680400988432039,0.8860620734578425
EmotiBit_5,pre_meditation,PPG_1,99.01184452184796,24170,0.0,0.0,8.274720728175425e-05,1962.5,27.41274487120682,0.39930559283263917,0.9348804958383377
EmotiBit_5,pre_meditation,PPG_2,99.01184452184796,24170,0.0,0.0,8.274720728175425e-05,1383.75,25.706062391951516,0.43118290307120927,0.8853519724923398
EmotiBit_5,pre_meditation,PPG_3,99.01184452184796,24170,0.0,0.001323955316508068,8.274720728175425e-05,356.0,22.473276220020523,0.2217807890555822,0.8115291194339963
EmotiBit_5,main_meditation,PPG_1,99.01184452184796,74602,0.0,0.0,2.6808932736387765e-05,3350.0,28.751273482975183,0.09975676763355433,0.936722786205206
EmotiBit_5,main_meditation,PPG_2,99.01184452184796,74602,0.0,4.021339910458165e-05,2.6808932736387765e-05,3979.0,953.8028815047278,0.22036463882010693,0.7033668998037685
EmotiBit_5,main_meditation,PPG_3,99.01184452184796,74602,0.0,0.005294764215436583,5.361786547277553e-05,1473.0,23.77688859734554,0.04942319237225953,0.9291967095287913
EmotiBit_5,recovery,PPG_1,99.01184452184796,9385,0.0,0.022269579115610016,0.0002131060202450719,617.0,39.8280645892893,0.09573406619165548,0.6826260078381865
EmotiBit_5,recovery,PPG_2,99.01184452184796,9385,0.0,0.032605221097496,0.0002131060202450719,664.0,30.530466574605285,0.11404290699960595,0.7052475899144395
EmotiBit_5,recovery,PPG_3,99.01184452184796,9385,0.0,0.14427277570591368,0.0002131060202450719,507.0,23.91775816157508,0.09739481242206953,0.6429967183650581
EmotiBit_6,pre_meditation,PPG_1,99.11816997508183,24195,0.0,0.006902252531514776,8.266170696424881e-05,839.0,36.45337918476397,0.17480600007718933,0.6958107574112519
EmotiBit_6,pre_meditation,PPG_2,99.11816997508183,24195,0.0,0.0,8.266170696424881e-05,1393.0,25.373035785647772,0.1571647412064916,0.7443094457206268
EmotiBit_6,pre_meditation,PPG_3,99.11816997508183,24195,0.0,0.0,8.266170696424881e-05,275.0,23.040118937071163,0.26733504692195953,0.9013312300602715
EmotiBit_6,main_meditation,PPG_1,99.11816997508183,74683,0.0,0.0,2.6779856192172247e-05,1151.0,30.563795684059645,0.6491918155389238,0.9292912396457835
EmotiBit_6,main_meditation,PPG_2,99.11816997508183,74683,0.0,0.0,2.6779856192172247e-05,1487.0,24.35457482178294,0.6342126048902756,0.9189162424119312
EmotiBit_6,main_meditation,PPG_3,99.11816997508183,74683,0.0,0.0,2.6779856192172247e-05,317.0,23.012410724811883,0.6567163291207269,0.9120367700189094
EmotiBit_6,recovery,PPG_1,99.11816997508183,9394,0.0,0.011283798169044072,0.00021290185224611454,2027.5,44.71326468786666,0.1329471632130903,0.849525264620794
EmotiBit_6,recovery,PPG_2,99.11816997508183,9394,0.0,0.00936768149882904,0.0003193527783691718,665.0,27.457741176837217,0.14284341338575854,0.8177442682728796
EmotiBit_6,recovery,PPG_3,99.11816997508183,9394,0.0,0.0,0.0003193527783691718,526.75,23.583520190650102,0.12967442931755857,0.8802838216352578
EmotiBit_7,pre_meditation,PPG_1,99.9723082249774,24404,0.0,0.0,8.195377806916898e-05,981.0,29.335137064305627,0.6603933362447991,0.895571144645147
EmotiBit_7,pre_meditation,PPG_2,99.9723082249774,24404,0.0,0.0,8.195377806916898e-05,1746.25,25.55614897678253,0.3743208740969037,0.9129915799055772
EmotiBit_7,pre_meditation,PPG_3,99.9723082249774,24404,0.0,0.010981806261268644,8.195377806916898e-05,302.0,23.581564926641047,0.3346926587075988,0.7668063906762091
EmotiBit_7,main_meditation,PPG_1,99.9723082249774,75326,0.0,0.0,2.6551257202028515e-05,1673.0,29.104382721236743,0.5496764827602884,0.9725991222672661
EmotiBit_7,main_meditation,PPG_2,99.9723082249774,75326,0.0,2.6551257202028515e-05,2.6551257202028515e-05,1107.0,786.2424182448958,0.3083802500504435,0.25981592669158976
EmotiBit_7,main_meditation,PPG_3,99.9723082249774,75326,0.0,0.003026843321031251,2.6551257202028515e-05,455.0,23.87180855867013,0.38734065521128724,0.8274097428981274
EmotiBit_7,recovery,PPG_1,99.9723082249774,9476,0.0,0.0,0.00021105951878429716,1011.0,28.763895159562708,0.7802964002347513,0.9320241475105157
EmotiBit_7,recovery,PPG_2,99.9723082249774,9476,0.0,0.005276487969607429,0.00021105951878429716,161.0,25.63574216958378,0.6037363746462255,0.8017668084280611
EmotiBit_7,recovery,PPG_3,99.9723082249774,9476,0.0,0.0297593921485859,0.00021105951878429716,268.0,23.93807110960619,0.6136925864325544,0.7788485914900715
