emotibit_id,segment,channel,n,n_nan,mean,std,min,max,range,diff_std,outlier_frac_abs_z_gt_5
EmotiBit_1,pre_meditation,PPG_1,24288,0,128952.21718544138,358.8208654895299,128428.0,130031.0,1603.0,25.095681894611246,0.2033102766798419
EmotiBit_1,pre_meditation,PPG_2,24288,0,76159.51778656126,135.81895323001595,75817.0,76417.0,600.0,23.539243420291932,0.0
EmotiBit_1,pre_meditation,PPG_3,24288,0,4729.161437747036,32.39115883580012,4627.0,4839.0,212.0,22.07341095491992,0.0
EmotiBit_1,main_meditation,PPG_1,74968,0,127208.64756962971,669.9023093632691,125260.0,128736.0,3476.0,25.26577201628377,0.0
EmotiBit_1,main_meditation,PPG_2,74968,0,76381.22097428236,235.4462261310869,75977.0,77022.0,1045.0,23.6732969219493,0.0
EmotiBit_1,main_meditation,PPG_3,74968,0,4752.664510191014,30.025865467164557,4557.0,4854.0,297.0,22.34270663459168,0.004561946430477004
EmotiBit_1,recovery,PPG_1,9430,0,126502.44867444327,311.8956504705416,124980.0,126946.0,1966.0,25.33333343278783,0.11739130434782609
EmotiBit_1,recovery,PPG_2,9430,0,76866.84528101803,226.79659515572922,76158.0,77163.0,1005.0,23.527667019114766,0.10265111346765642
EmotiBit_1,recovery,PPG_3,9430,0,4763.569247083775,40.9711279787737,4555.0,4848.0,293.0,22.472485821972793,0.05715800636267232
EmotiBit_2,pre_meditation,PPG_1,24416,0,106624.82179718217,146.48205196591928,106315.0,107019.0,704.0,25.280214966889158,0.0
EmotiBit_2,pre_meditation,PPG_2,24416,0,18383.476777522937,48.886049042562114,18265.0,18518.0,253.0,23.279296953011755,0.0
EmotiBit_2,pre_meditation,PPG_3,24416,0,853.620617627785,25.7450710244948,768.0,938.0,170.0,22.88308428231178,0.0
EmotiBit_2,main_meditation,PPG_1,75362,0,108761.34744300842,1199.3889129043464,106819.0,111024.0,4205.0,26.213058520414286,0.0
EmotiBit_2,main_meditation,PPG_2,75362,0,18854.608091611157,402.53473329918256,18427.0,108809.0,90382.0,463.69840717348325,1.3269286908521536e-05
EmotiBit_2,main_meditation,PPG_3,75362,0,741.504644250418,39.355266294934374,632.0,882.0,250.0,23.034608350777017,0.0
EmotiBit_2,recovery,PPG_1,9480,0,111092.7391350211,185.45312903158643,110701.0,111516.0,815.0,26.180212182747706,0.0
EmotiBit_2,recovery,PPG_2,9480,0,19302.950738396623,33.82051782003209,19215.0,19416.0,201.0,23.261044506962758,0.0
EmotiBit_2,recovery,PPG_3,9480,0,691.6266877637131,15.907392358432746,634.0,757.0,123.0,22.937849671391675,0.0
EmotiBit_3,pre_meditation,PPG_1,24147,0,171870.37072928314,229.6996976506896,170165.0,172442.0,2277.0,25.760486920745567,0.0013252163829875346
EmotiBit_3,pre_meditation,PPG_2,24147,0,142912.66356069077,142.43016258541385,140764.0,143218.0,2454.0,24.29533581820736,0.0011181513231457323
EmotiBit_3,pre_meditation,PPG_3,24147,0,13864.215099184165,25.21279690048975,13697.0,13951.0,254.0,21.369130314683858,0.0004141301196836046
EmotiBit_3,main_meditation,PPG_1,74534,0,169307.55488770225,1594.103293102366,166588.0,171617.0,5029.0,26.06607730300687,0.0
EmotiBit_3,main_meditation,PPG_2,74534,0,141953.24027960395,1066.8843050422638,13665.0,167418.0,153753.0,679.003076955326,2.683339147234819e-05
EmotiBit_3,main_meditation,PPG_3,74534,0,13673.208468618348,115.80864632367285,13355.0,13919.0,564.0,21.52298485812195,0.0
EmotiBit_3,recovery,PPG_1,9375,0,166924.83317333335,757.3864976937886,164771.0,167460.0,2689.0,28.28964588754415,0.18794666666666668
EmotiBit_3,recovery,PPG_2,9375,0,141023.00757333334,522.3947716392058,138980.0,167275.0,28295.0,381.5557434785193,0.19946666666666665
EmotiBit_3,recovery,PPG_3,9375,0,13367.43776,72.19482488042847,13127.0,13500.0,373.0,21.753070037114096,0.0
EmotiBit_4,pre_meditation,PPG_1,24184,0,154533.72026959973,278.9536433826606,153756.0,155498.0,1742.0,26.591643061564966,0.0
EmotiBit_4,pre_meditation,PPG_2,24184,0,86774.68652828316,454.3597297294179,86470.0,154657.0,68187.0,616.9040250663558,4.1349652662917634e-05
EmotiBit_4,pre_meditation,PPG_3,24184,0,3964.027745616937,59.39032803791652,3805.0,4127.0,322.0,21.792209579101645,0.0
EmotiBit_4,main_meditation,PPG_1,74646,0,154610.99470835677,331.9954223562849,153600.0,155441.0,1841.0,28.850684318105284,0.0
EmotiBit_4,main_meditation,PPG_2,74646,0,88241.92551509793,825.7337757322047,86861.0,89605.0,2744.0,23.489360099337237,0.0
EmotiBit_4,main_meditation,PPG_3,74646,0,3844.960935616108,88.63746888711489,3570.0,4169.0,599.0,22.10421787626755,0.0
EmotiBit_4,recovery,PPG_1,9390,0,154898.8703940362,281.41905796194715,154236.0,155659.0,1423.0,31.483594165723694,0.0
EmotiBit_4,recovery,PPG_2,9390,0,89651.50287539935,892.8512968446324,3731.0,89935.0,86204.0,1252.6877720456193,0.00010649627263045793
EmotiBit_4,recovery,PPG_3,9390,0,3829.3673056443026,79.6017444345386,3634.0,4042.0,408.0,21.8709824213172,0.0
EmotiBit_5,pre_meditation,PPG_1,24170,0,168558.6489035995,1367.5346804441403,166195.0,171475.0,5280.0,27.41274487120682,0.0
EmotiBit_5,pre_meditation,PPG_2,24170,0,149282.42854778652,928.8209669395283,147449.0,151434.0,3985.0,25.706062391951516,0.0
EmotiBit_5,pre_meditation,PPG_3,24170,0,18359.45771617708,303.0125556922598,16732.0,18912.0,2180.0,22.473276220020523,0.001323955316508068
EmotiBit_5,main_meditation,PPG_1,74602,0,164312.30926784806,1947.8851156927412,155895.0,169519.0,13624.0,28.751273482975183,0.0
EmotiBit_5,main_meditation,PPG_2,74602,0,145451.06877831693,2018.6637664424575,15729.0,163006.0,147277.0,953.8028815047278,4.021339910458165e-05
EmotiBit_5,main_meditation,PPG_3,74602,0,16294.847229296802,911.9566175283361,6557.0,18216.0,11659.0,23.77688859734554,0.005294764215436583
EmotiBit_5,recovery,PPG_1,9385,0,161041.66798082046,617.3895376300864,158070.0,165807.0,7737.0,39.8280645892893,0.022269579115610016
EmotiBit_5,recovery,PPG_2,9385,0,143071.5135855088,510.22574636674096,140407.0,145135.0,4728.0,30.530466574605285,0.032605221097496
EmotiBit_5,recovery,PPG_3,9385,0,15817.928609483219,427.61790513686924,12805.0,16191.0,3386.0,23.91775816157508,0.14427277570591368
EmotiBit_6,pre_meditation,PPG_1,24195,0,165615.9499070056,891.0026568668592,156883.0,167963.0,11080.0,36.45337918476397,0.006902252531514776
EmotiBit_6,pre_meditation,PPG_2,24195,0,91524.40632362058,806.860638393328,88661.0,92788.0,4127.0,25.373035785647772,0.0
EmotiBit_6,pre_meditation,PPG_3,24195,0,5197.083818970862,241.36264677518574,4208.0,5970.0,1762.0,23.040118937071163,0.0
EmotiBit_6,main_meditation,PPG_1,74683,0,168346.36517011904,749.2670775519325,165919.0,170235.0,4316.0,30.563795684059645,0.0
EmotiBit_6,main_meditation,PPG_2,74683,0,94358.01223839428,839.9067016010617,92551.0,95812.0,3261.0,24.35457482178294,0.0
EmotiBit_6,main_meditation,PPG_3,74683,0,5296.3124673620505,211.52526701059415,4669.0,5858.0,1189.0,23.012410724811883,0.0
EmotiBit_6,recovery,PPG_1,9394,0,166824.22908239302,1776.2443738053812,157391.0,169467.0,12076.0,44.71326468786666,0.011283798169044072
EmotiBit_6,recovery,PPG_2,9394,0,94861.3965296998,574.5518531974757,91611.0,95716.0,4105.0,27.457741176837217,0.00936768149882904
EmotiBit_6,recovery,PPG_3,9394,0,4810.427400468384,369.8501144987134,3786.0,5511.0,1725.0,23.583520190650102,0.0
EmotiBit_7,pre_meditation,PPG_1,24404,0,184649.40493361745,611.0671013848928,183556.0,186097.0,2541.0,29.335137064305627,0.0
EmotiBit_7,pre_meditation,PPG_2,24404,0,157798.45631863628,1060.0991153378511,155557.0,159495.0,3938.0,25.55614897678253,0.0
EmotiBit_7,pre_meditation,PPG_3,24404,0,10754.762784789378,283.30367489300545,10084.0,12374.0,2290.0,23.581564926641047,0.010981806261268644
EmotiBit_7,main_meditation,PPG_1,75326,0,187007.61444919417,900.2206719883432,185433.0,189247.0,3814.0,29.104382721236743,0.0
EmotiBit_7,main_meditation,PPG_2,75326,0,161218.03121100285,939.6907375176396,11766.0,187932.0,176166.0,786.2424182448958,2.6551257202028515e-05
EmotiBit_7,main_meditation,PPG_3,75326,0,11265.876390622096,382.5766519522988,10475.0,13015.0,2540.0,23.87180855867013,0.003026843321031251
EmotiBit_7,recovery,PPG_1,9476,0,187099.13043478262,722.672512292734,186182.0,188998.0,2816.0,28.763895159562708,0.0
EmotiBit_7,recovery,PPG_2,9476,0,161801.62758547912,170.73344771222546,161506.0,162414.0,908.0,25.63574216958378,0.005276487969607429
EmotiBit_7,recovery,PPG_3,9476,0,11416.243351625159,282.7353240930301,10958.0,12695.0,1737.0,23.93807110960619,0.0297593921485859
