LocalTimestamp,EmotiBitTimestamp,PacketNumber,DataLength,TypeTag,ProtocolVersion,DataReliability,EM
1759437219.492157,147602,20963,4,EM,1,100,RS,RB,2025-10-02_16-33-39-199329.csv,PS
1759437219.693161,147803,20982,4,EM,1,100,RS,RB,2025-10-02_16-33-39-199329.csv,PS
1759437219.894166,148004,21013,4,EM,1,100,RS,RB,2025-10-02_16-33-39-199329.csv,PS
1759437220.095170,148205,21047,4,EM,1,100,RS,RB,2025-10-02_16-33-39-199329.csv,PS
1759437220.296174,148406,21077,4,EM,1,100,RS,RB,2025-10-02_16-33-39-199329.csv,PS
1759437220.497178,148607,21110,4,EM,1,100,RS,RB,2025-10-02_16-33-39-199329.csv,PS
1759437220.698182,148808,21141,4,EM,1,100,RS,RB,2025-10-02_16-33-39-199329.csv,PS
1759437220.899186,149009,21174,4,EM,1,100,RS,RB,2025-10-02_16-33-39-199329.csv,PS
1759437221.100190,149210,21205,4,EM,1,100,RS,RB,2025-10-02_16-33-39-199329.csv,PS
1759437221.303194,149413,21237,4,EM,1,100,RS,RB,2025-10-02_16-33-39-199329.csv,PS
1759437221.504198,149614,21267,4,EM,1,100,RS,RB,2025-10-02_16-33-39-199329.csv,PS
1759437221.705202,149815,21301,4,EM,1,100,RS,RB,2025-10-02_16-33-39-199329.csv,PS
1759437221.906207,150016,21331,4,EM,1,100,RS,RB,2025-10-02_16-33-39-199329.csv,PS
1759437222.107211,150217,21363,4,EM,1,100,RS,RB,2025-10-02_16-33-39-199329.csv,PS
1759437222.308215,150418,21394,4,EM,1,100,RS,RB,2025-10-02_16-33-39-199329.csv,PS
1759437222.509219,150619,21425,4,EM,1,100,RS,RB,2025-10-02_16-33-39-199329.csv,PS
1759437222.710223,150820,21458,4,EM,1,100,RS,RB,2025-10-02_16-33-39-199329.csv,PS
1759437222.911227,151021,21489,4,EM,1,100,RS,RB,2025-10-02_16-33-39-199329.csv,PS
1759437223.112231,151222,21520,4,EM,1,100,RS,RB,2025-10-02_16-33-39-199329.csv,PS
1759437223.313235,151423,21552,4,EM,1,100,RS,RB,2025-10-02_16-33-39-199329.csv,PS
1759437223.516239,151626,21582,4,EM,1,100,RS,RB,2025-10-02_16-33-39-199329.csv,PS
1759437223.717243,151827,21614,4,EM,1,100,RS,RB,2025-10-02_16-33-39-199329.csv,PS
1759437223.918248,152028,21646,4,EM,1,100,RS,RB,2025-10-02_16-33-39-199329.csv,PS
1759437224.119252,152229,21678,4,EM,1,100,RS,RB,2025-10-02_16-33-39-199329.csv,PS
1759437224.320256,152430,21709,4,EM,1,100,RS,RB,2025-10-02_16-33-39-199329.csv,PS
1759437224.521260,152631,21740,4,EM,1,100,RS,RB,2025-10-02_16-33-39-199329.csv,PS
1759437224.722264,152832,21772,4,EM,1,100,RS,RB,2025-10-02_16-33-39-199329.csv,PS
1759437224.923268,153033,21802,4,EM,1,100,RS,RB,2025-10-02_16-33-39-199329.csv,PS
1759437225.124272,153234,21834,4,EM,1,100,RS,RB,2025-10-02_16-33-39-199329.csv,PS
1759437225.512280,153622,21865,4,EM,1,100,RS,RB,2025-10-02_16-33-39-199329.csv,PS
1759437225.712284,153822,21897,4,EM,1,100,RS,RB,2025-10-02_16-33-39-199329.csv,PS
1759437225.913288,154023,21927,4,EM,1,100,RS,RB,2025-10-02_16-33-39-199329.csv,PS
1759437226.117293,154227,21959,4,EM,1,100,RS,RB,2025-10-02_16-33-39-199329.csv,PS
1759437226.318297,154428,21990,4,EM,1,100,RS,RB,2025-10-02_16-33-39-199329.csv,PS
1759437226.519301,154629,22023,4,EM,1,100,RS,RB,2025-10-02_16-33-39-199329.csv,PS
1759437226.721305,154831,22054,4,EM,1,100,RS,RB,2025-10-02_16-33-39-199329.csv,PS
1759437226.922309,155032,22085,4,EM,1,100,RS,RB,2025-10-02_16-33-39-199329.csv,PS
1759437227.123313,155233,22118,4,EM,1,100,RS,RB,2025-10-02_16-33-39-199329.csv,PS
1759437227.324317,155434,22150,4,EM,1,100,RS,RB,2025-10-02_16-33-39-199329.csv,PS
1759437227.525321,155635,22180,4,EM,1,100,RS,RB,2025-10-02_16-33-39-199329.csv,PS
1759437227.726325,155836,22212,4,EM,1,100,RS,RB,2025-10-02_16-33-39-199329.csv,PS
1759437227.929330,156039,22244,4,EM,1,100,RS,RB,2025-10-02_16-33-39-199329.csv,PS
1759437228.130334,156240,22276,4,EM,1,100,RS,RB,2025-10-02_16-33-39-199329.csv,PS
1759437228.331338,156441,22307,4,EM,1,100,RS,RB,2025-10-02_16-33-39-199329.csv,PS
1759437228.532342,156642,22340,4,EM,1,100,RS,RB,2025-10-02_16-33-39-199329.csv,PS
1759437228.733346,156843,22371,4,EM,1,100,RS,RB,2025-10-02_16-33-39-199329.csv,PS
1759437228.935350,157045,22404,4,EM,1,100,RS,RB,2025-10-02_16-33-39-199329.csv,PS
1759437229.135354,157245,22435,4,EM,1,100,RS,RB,2025-10-02_16-33-39-199329.csv,PS
1759437229.350358,157460,22468,4,EM,1,100,RS,RB,2025-10-02_16-33-39-199329.csv,PS
1759437229.550363,157660,22499,4,EM,1,100,RS,RB,2025-10-02_16-33-39-199329.csv,PS
1759437229.751367,157861,22530,4,EM,1,100,RS,RB,2025-10-02_16-33-39-199329.csv,PS
1759437229.956371,158066,22562,4,EM,1,100,RS,RB,2025-10-02_16-33-39-199329.csv,PS
1759437230.157375,158267,22592,4,EM,1,100,RS,RB,2025-10-02_16-33-39-199329.csv,PS
1759437230.371379,158481,22624,4,EM,1,100,RS,RB,2025-10-02_16-33-39-199329.csv,PS
1759437230.572383,158682,22654,4,EM,1,100,RS,RB,2025-10-02_16-33-39-199329.csv,PS
1759437230.773388,158883,22687,4,EM,1,100,RS,RB,2025-10-02_16-33-39-199329.csv,PS
1759437230.974392,159084,22719,4,EM,1,100,RS,RB,2025-10-02_16-33-39-199329.csv,PS
1759437231.175396,159285,22749,4,EM,1,100,RS,RB,2025-10-02_16-33-39-199329.csv,PS
1759437231.376400,159486,22783,4,EM,1,100,RS,RB,2025-10-02_16-33-39-199329.csv,PS
1759437231.577404,159687,22814,4,EM,1,100,RS,RB,2025-10-02_16-33-39-199329.csv,PS
1759437231.778408,159888,22847,4,EM,1,100,RS,RB,2025-10-02_16-33-39-199329.csv,PS
1759437231.979412,160089,22878,4,EM,1,100,RS,RB,2025-10-02_16-33-39-199329.csv,PS
1759437232.182416,160292,22911,4,EM,1,100,RS,RB,2025-10-02_16-33-39-199329.csv,PS
1759437232.383420,160493,22942,4,EM,1,100,RS,RB,2025-10-02_16-33-39-199329.csv,PS
1759437232.584424,160694,22974,4,EM,1,100,RS,RB,2025-10-02_16-33-39-199329.csv,PS
1759437232.789429,160899,23004,4,EM,1,100,RS,RB,2025-10-02_16-33-39-199329.csv,PS
1759437232.991433,161101,23036,4,EM,1,100,RS,RB,2025-10-02_16-33-39-199329.csv,PS
1759437233.197437,161307,23066,4,EM,1,100,RS,RB,2025-10-02_16-33-39-199329.csv,PS
1759437233.399441,161509,23098,4,EM,1,100,RS,RB,2025-10-02_16-33-39-199329.csv,PS
1759437233.601445,161711,23129,4,EM,1,100,RS,RB,2025-10-02_16-33-39-199329.csv,PS
1759437233.804450,161914,23160,4,EM,1,100,RS,RB,2025-10-02_16-33-39-199329.csv,PS
1759437234.005454,162115,23195,4,EM,1,100,RS,RB,2025-10-02_16-33-39-199329.csv,PS
1759437234.213458,162323,23226,4,EM,1,100,RS,RB,2025-10-02_16-33-39-199329.csv,PS
1759437234.414462,162524,23259,4,EM,1,100,RS,RB,2025-10-02_16-33-39-199329.csv,PS
1759437234.615466,162725,23291,4,EM,1,100,RS,RB,2025-10-02_16-33-39-199329.csv,PS
1759437234.817470,162927,23321,4,EM,1,100,RS,RB,2025-10-02_16-33-39-199329.csv,PS
1759437235.017474,163127,23353,4,EM,1,100,RS,RB,2025-10-02_16-33-39-199329.csv,PS
1759437235.224478,163334,23384,4,EM,1,100,RS,RB,2025-10-02_16-33-39-199329.csv,PS
1759437235.426483,163536,23415,4,EM,1,100,RS,RB,2025-10-02_16-33-39-199329.csv,PS
1759437235.628487,163738,23447,4,EM,1,100,RS,RB,2025-10-02_16-33-39-199329.csv,PS
1759437235.829491,163939,23479,4,EM,1,100,RS,RB,2025-10-02_16-33-39-199329.csv,PS
1759437236.031495,164141,23511,4,EM,1,100,RS,RB,2025-10-02_16-33-39-199329.csv,PS
1759437236.236499,164346,23542,4,EM,1,100,RS,RB,2025-10-02_16-33-39-199329.csv,PS
1759437236.439503,164549,23573,4,EM,1,100,RS,RB,2025-10-02_16-33-39-199329.csv,PS
1759437236.641507,164751,23604,4,EM,1,100,RS,RB,2025-10-02_16-33-39-199329.csv,PS
1759437236.842511,164952,23635,4,EM,1,100,RS,RB,2025-10-02_16-33-39-199329.csv,PS
1759437237.045516,165155,23668,4,EM,1,100,RS,RB,2025-10-02_16-33-39-199329.csv,PS
1759437237.249520,165359,23700,4,EM,1,100,RS,RB,2025-10-02_16-33-39-199329.csv,PS
1759437237.453524,165563,23730,4,EM,1,100,RS,RB,2025-10-02_16-33-39-199329.csv,PS
1759437237.655528,165765,23762,4,EM,1,100,RS,RB,2025-10-02_16-33-39-199329.csv,PS
1759437237.857532,165967,23792,4,EM,1,100,RS,RB,2025-10-02_16-33-39-199329.csv,PS
1759437238.062536,166172,23824,4,EM,1,100,RS,RB,2025-10-02_16-33-39-199329.csv,PS
1759437238.263541,166373,23857,4,EM,1,100,RS,RB,2025-10-02_16-33-39-199329.csv,PS
1759437238.465545,166575,23888,4,EM,1,100,RS,RB,2025-10-02_16-33-39-199329.csv,PS
1759437238.667549,166777,23919,4,EM,1,100,RS,RB,2025-10-02_16-33-39-199329.csv,PS
1759437238.870553,166980,23952,4,EM,1,100,RS,RB,2025-10-02_16-33-39-199329.csv,PS
1759437239.071557,167181,23983,4,EM,1,100,RS,RB,2025-10-02_16-33-39-199329.csv,PS
1759437239.276561,167386,24015,4,EM,1,100,RS,RB,2025-10-02_16-33-39-199329.csv,PS
1759437239.479565,167589,24045,4,EM,1,100,RS,RB,2025-10-02_16-33-39-199329.csv,PS
1759437239.680569,167790,24077,4,EM,1,100,RS,RB,2025-10-02_16-33-39-199329.csv,PS
1759437239.883574,167993,24109,4,EM,1,100,RS,RB,2025-10-02_16-33-39-199329.csv,PS
1759437240.083578,168193,24141,4,EM,1,100,RS,RB,2025-10-02_16-33-39-199329.csv,PS
1759437240.290582,168400,24172,4,EM,1,100,RS,RB,2025-10-02_16-33-39-199329.csv,PS
1759437240.491586,168601,24203,4,EM,1,100,RS,RB,2025-10-02_16-33-39-199329.csv,PS
1759437240.692590,168802,24235,4,EM,1,100,RS,RB,2025-10-02_16-33-39-199329.csv,PS
1759437240.894594,169004,24266,4,EM,1,100,RS,RB,2025-10-02_16-33-39-199329.csv,PS
1759437241.108598,169218,24297,4,EM,1,100,RS,RB,2025-10-02_16-33-39-199329.csv,PS
1759437241.309603,169419,24328,4,EM,1,100,RS,RB,2025-10-02_16-33-39-199329.csv,PS
1759437241.510607,169620,24359,4,EM,1,100,RS,RB,2025-10-02_16-33-39-199329.csv,PS
1759437241.711611,169821,24390,4,EM,1,100,RS,RB,2025-10-02_16-33-39-199329.csv,PS
1759437241.915615,170025,24422,4,EM,1,100,RS,RB,2025-10-02_16-33-39-199329.csv,PS
1759437242.116619,170226,24452,4,EM,1,100,RS,RB,2025-10-02_16-33-39-199329.csv,PS
1759437242.317623,170427,24484,4,EM,1,100,RS,RB,2025-10-02_16-33-39-199329.csv,PS
1759437242.519627,170629,24514,4,EM,1,100,RS,RB,2025-10-02_16-33-39-199329.csv,PS
1759437242.720631,170830,24546,4,EM,1,100,RS,RB,2025-10-02_16-33-39-199329.csv,PS
1759437242.923636,171033,24577,4,EM,1,100,RS,RB,2025-10-02_16-33-39-199329.csv,PS
1759437243.132640,171242,24610,4,EM,1,100,RS,RB,2025-10-02_16-33-39-199329.csv,PS
1759437243.333644,171443,24641,4,EM,1,100,RS,RB,2025-10-02_16-33-39-199329.csv,PS
1759437243.534648,171644,24672,4,EM,1,100,RS,RB,2025-10-02_16-33-39-199329.csv,PS
1759437243.736652,171846,24705,4,EM,1,100,RS,RB,2025-10-02_16-33-39-199329.csv,PS
1759437243.943656,172053,24739,4,EM,1,100,RS,RB,2025-10-02_16-33-39-199329.csv,PS
1759437244.144660,172254,24769,4,EM,1,100,RS,RB,2025-10-02_16-33-39-199329.csv,PS
1759437244.345665,172455,24801,4,EM,1,100,RS,RB,2025-10-02_16-33-39-199329.csv,PS
1759437244.549669,172659,24831,4,EM,1,100,RS,RB,2025-10-02_16-33-39-199329.csv,PS
1759437244.749673,172859,24849,4,EM,1,100,RS,RB,2025-10-02_16-33-39-199329.csv,PS
1759437244.950677,173060,24880,4,EM,1,100,RS,RB,2025-10-02_16-33-39-199329.csv,PS
1759437245.151681,173261,24911,4,EM,1,100,RS,RB,2025-10-02_16-33-39-199329.csv,PS
1759437245.355685,173465,24942,4,EM,1,100,RS,RB,2025-10-02_16-33-39-199329.csv,PS
1759437245.556689,173666,24973,4,EM,1,100,RS,RB,2025-10-02_16-33-39-199329.csv,PS
1759437245.757694,173867,25004,4,EM,1,100,RS,RB,2025-10-02_16-33-39-199329.csv,PS
1759437245.958698,174068,25036,4,EM,1,100,RS,RB,2025-10-02_16-33-39-199329.csv,PS
1759437246.159702,174269,25066,4,EM,1,100,RS,RB,2025-10-02_16-33-39-199329.csv,PS
1759437246.360706,174470,25098,4,EM,1,100,RS,RB,2025-10-02_16-33-39-199329.csv,PS
1759437246.561710,174671,25128,4,EM,1,100,RS,RB,2025-10-02_16-33-39-199329.csv,PS
1759437246.762714,174872,25160,4,EM,1,100,RS,RB,2025-10-02_16-33-39-199329.csv,PS
1759437246.963718,175073,25191,4,EM,1,100,RS,RB,2025-10-02_16-33-39-199329.csv,PS
1759437247.164722,175274,25222,4,EM,1,100,RS,RB,2025-10-02_16-33-39-199329.csv,PS
1759437247.367726,175477,25253,4,EM,1,100,RS,RB,2025-10-02_16-33-39-199329.csv,PS
1759437247.568730,175678,25284,4,EM,1,100,RS,RB,2025-10-02_16-33-39-199329.csv,PS
1759437247.769735,175879,25316,4,EM,1,100,RS,RB,2025-10-02_16-33-39-199329.csv,PS
1759437247.970739,176080,25347,4,EM,1,100,RS,RB,2025-10-02_16-33-39-199329.csv,PS
1759437248.172743,176282,25378,4,EM,1,100,RS,RB,2025-10-02_16-33-39-199329.csv,PS
1759437248.372747,176482,25409,4,EM,1,100,RS,RB,2025-10-02_16-33-39-199329.csv,PS
1759437248.576751,176686,25441,4,EM,1,100,RS,RB,2025-10-02_16-33-39-199329.csv,PS
1759437248.781755,176891,25471,4,EM,1,100,RS,RB,2025-10-02_16-33-39-199329.csv,PS
1759437248.984759,177094,25505,4,EM,1,100,RS,RB,2025-10-02_16-33-39-199329.csv,PS
1759437249.184763,177294,25535,4,EM,1,100,RS,RB,2025-10-02_16-33-39-199329.csv,PS
1759437249.385767,177495,25567,4,EM,1,100,RS,RB,2025-10-02_16-33-39-199329.csv,PS
1759437249.589772,177699,25598,4,EM,1,100,RS,RB,2025-10-02_16-33-39-199329.csv,PS
1759437249.794776,177904,25632,4,EM,1,100,RS,RB,2025-10-02_16-33-39-199329.csv,PS
1759437249.997780,178107,25663,4,EM,1,100,RS,RB,2025-10-02_16-33-39-199329.csv,PS
1759437250.198784,178308,25694,4,EM,1,100,RS,RB,2025-10-02_16-33-39-199329.csv,PS
1759437250.403788,178513,25725,4,EM,1,100,RS,RB,2025-10-02_16-33-39-199329.csv,PS
1759437250.608793,178718,25757,4,EM,1,100,RS,RB,2025-10-02_16-33-39-199329.csv,PS
1759437250.809797,178919,25787,4,EM,1,100,RS,RB,2025-10-02_16-33-39-199329.csv,PS
1759437251.010801,179120,25819,4,EM,1,100,RS,RB,2025-10-02_16-33-39-199329.csv,PS
1759437251.211805,179321,25849,4,EM,1,100,RS,RB,2025-10-02_16-33-39-199329.csv,PS
1759437251.421809,179531,25881,4,EM,1,100,RS,RB,2025-10-02_16-33-39-199329.csv,PS
1759437251.622813,179732,25912,4,EM,1,100,RS,RB,2025-10-02_16-33-39-199329.csv,PS
1759437251.823817,179933,25943,4,EM,1,100,RS,RB,2025-10-02_16-33-39-199329.csv,PS
1759437252.024822,180134,25974,4,EM,1,100,RS,RB,2025-10-02_16-33-39-199329.csv,PS
1759437252.225826,180335,26005,4,EM,1,100,RS,RB,2025-10-02_16-33-39-199329.csv,PS
1759437252.430830,180540,26036,4,EM,1,100,RS,RB,2025-10-02_16-33-39-199329.csv,PS
1759437252.636834,180746,26068,4,EM,1,100,RS,RB,2025-10-02_16-33-39-199329.csv,PS
1759437252.836838,180946,26099,4,EM,1,100,RS,RB,2025-10-02_16-33-39-199329.csv,PS
1759437253.037842,181147,26130,4,EM,1,100,RS,RB,2025-10-02_16-33-39-199329.csv,PS
1759437253.238846,181348,26162,4,EM,1,100,RS,RB,2025-10-02_16-33-39-199329.csv,PS
1759437253.450850,181560,26194,4,EM,1,100,RS,RB,2025-10-02_16-33-39-199329.csv,PS
1759437253.651855,181761,26226,4,EM,1,100,RS,RB,2025-10-02_16-33-39-199329.csv,PS
1759437253.852859,181962,26256,4,EM,1,100,RS,RB,2025-10-02_16-33-39-199329.csv,PS
1759437254.053863,182163,26292,4,EM,1,100,RS,RB,2025-10-02_16-33-39-199329.csv,PS
1759437254.260867,182370,26327,4,EM,1,100,RS,RB,2025-10-02_16-33-39-199329.csv,PS
1759437254.461871,182571,26358,4,EM,1,100,RS,RB,2025-10-02_16-33-39-199329.csv,PS
1759437254.662875,182772,26389,4,EM,1,100,RS,RB,2025-10-02_16-33-39-199329.csv,PS
1759437254.864879,182974,26427,4,EM,1,100,RS,RB,2025-10-02_16-33-39-199329.csv,PS
1759437255.066884,183176,26458,4,EM,1,100,RS,RB,2025-10-02_16-33-39-199329.csv,PS
1759437255.266888,183376,26492,4,EM,1,100,RS,RB,2025-10-02_16-33-39-199329.csv,PS
1759437255.474892,183584,26524,4,EM,1,100,RS,RB,2025-10-02_16-33-39-199329.csv,PS
1759437255.675896,183785,26556,4,EM,1,100,RS,RB,2025-10-02_16-33-39-199329.csv,PS
1759437255.878900,183988,26586,4,EM,1,100,RS,RB,2025-10-02_16-33-39-199329.csv,PS
1759437256.079904,184189,26620,4,EM,1,100,RS,RB,2025-10-02_16-33-39-199329.csv,PS
1759437256.282908,184392,26651,4,EM,1,100,RS,RB,2025-10-02_16-33-39-199329.csv,PS
1759437256.483912,184593,26682,4,EM,1,100,RS,RB,2025-10-02_16-33-39-199329.csv,PS
1759437256.687917,184797,26715,4,EM,1,100,RS,RB,2025-10-02_16-33-39-199329.csv,PS
1759437256.890921,185000,26746,4,EM,1,100,RS,RB,2025-10-02_16-33-39-199329.csv,PS
1759437257.091925,185201,26777,4,EM,1,100,RS,RB,2025-10-02_16-33-39-199329.csv,PS
1759437257.388931,185498,26809,4,EM,1,100,RS,RB,2025-10-02_16-33-39-199329.csv,PS
1759437257.588935,185698,26842,4,EM,1,100,RS,RB,2025-10-02_16-33-39-199329.csv,PS
1759437257.789939,185899,26873,4,EM,1,100,RS,RB,2025-10-02_16-33-39-199329.csv,PS
1759437257.994943,186104,26905,4,EM,1,100,RS,RB,2025-10-02_16-33-39-199329.csv,PS
1759437258.195947,186305,26936,4,EM,1,100,RS,RB,2025-10-02_16-33-39-199329.csv,PS
1759437258.396951,186506,26970,4,EM,1,100,RS,RB,2025-10-02_16-33-39-199329.csv,PS
1759437258.597956,186707,27000,4,EM,1,100,RS,RB,2025-10-02_16-33-39-199329.csv,PS
1759437258.798960,186908,27032,4,EM,1,100,RS,RB,2025-10-02_16-33-39-199329.csv,PS
1759437258.999964,187109,27065,4,EM,1,100,RS,RB,2025-10-02_16-33-39-199329.csv,PS
1759437259.200968,187310,27096,4,EM,1,100,RS,RB,2025-10-02_16-33-39-199329.csv,PS
1759437259.401972,187511,27127,4,EM,1,100,RS,RB,2025-10-02_16-33-39-199329.csv,PS
1759437259.602976,187712,27158,4,EM,1,100,RS,RB,2025-10-02_16-33-39-199329.csv,PS
1759437259.803980,187913,27189,4,EM,1,100,RS,RB,2025-10-02_16-33-39-199329.csv,PS
1759437260.006984,188116,27221,4,EM,1,100,RS,RB,2025-10-02_16-33-39-199329.csv,PS
1759437260.207989,188317,27252,4,EM,1,100,RS,RB,2025-10-02_16-33-39-199329.csv,PS
1759437260.408993,188518,27283,4,EM,1,100,RS,RB,2025-10-02_16-33-39-199329.csv,PS
1759437260.609997,188719,27314,4,EM,1,100,RS,RB,2025-10-02_16-33-39-199329.csv,PS
1759437260.811001,188920,27345,4,EM,1,100,RS,RB,2025-10-02_16-33-39-199329.csv,PS
1759437261.012005,189121,27377,4,EM,1,100,RS,RB,2025-10-02_16-33-39-199329.csv,PS
1759437261.213009,189322,27407,4,EM,1,100,RS,RB,2025-10-02_16-33-39-199329.csv,PS
1759437261.414013,189523,27439,4,EM,1,100,RS,RB,2025-10-02_16-33-39-199329.csv,PS
1759437261.615017,189724,27470,4,EM,1,100,RS,RB,2025-10-02_16-33-39-199329.csv,PS
1759437261.816021,189925,27501,4,EM,1,100,RS,RB,2025-10-02_16-33-39-199329.csv,PS
1759437262.017025,190126,27532,4,EM,1,100,RS,RB,2025-10-02_16-33-39-199329.csv,PS
1759437262.221030,190330,27563,4,EM,1,100,RS,RB,2025-10-02_16-33-39-199329.csv,PS
1759437262.422034,190531,27594,4,EM,1,100,RS,RB,2025-10-02_16-33-39-199329.csv,PS
1759437262.623038,190732,27628,4,EM,1,100,RS,RB,2025-10-02_16-33-39-199329.csv,PS
1759437262.824042,190933,27660,4,EM,1,100,RS,RB,2025-10-02_16-33-39-199329.csv,PS
1759437263.025046,191134,27692,4,EM,1,100,RS,RB,2025-10-02_16-33-39-199329.csv,PS
1759437263.226050,191335,27722,4,EM,1,100,RS,RB,2025-10-02_16-33-39-199329.csv,PS
1759437263.530056,191639,27754,4,EM,1,100,RS,RB,2025-10-02_16-33-39-199329.csv,PS
1759437263.732060,191841,27786,4,EM,1,100,RS,RB,2025-10-02_16-33-39-199329.csv,PS
1759437263.933064,192042,27816,4,EM,1,100,RS,RB,2025-10-02_16-33-39-199329.csv,PS
1759437264.134069,192243,27850,4,EM,1,100,RS,RB,2025-10-02_16-33-39-199329.csv,PS
1759437264.335073,192444,27883,4,EM,1,100,RS,RB,2025-10-02_16-33-39-199329.csv,PS
1759437264.536077,192645,27914,4,EM,1,100,RS,RB,2025-10-02_16-33-39-199329.csv,PS
1759437264.740081,192849,27945,4,EM,1,100,RS,RB,2025-10-02_16-33-39-199329.csv,PS
1759437264.940085,193049,27976,4,EM,1,100,RS,RB,2025-10-02_16-33-39-199329.csv,PS
1759437265.141089,193250,28007,4,EM,1,100,RS,RB,2025-10-02_16-33-39-199329.csv,PS
1759437265.342093,193451,28039,4,EM,1,100,RS,RB,2025-10-02_16-33-39-199329.csv,PS
1759437265.543097,193652,28071,4,EM,1,100,RS,RB,2025-10-02_16-33-39-199329.csv,PS
1759437265.744102,193853,28103,4,EM,1,100,RS,RB,2025-10-02_16-33-39-199329.csv,PS
1759437265.945106,194054,28135,4,EM,1,100,RS,RB,2025-10-02_16-33-39-199329.csv,PS
1759437266.146110,194255,28167,4,EM,1,100,RS,RB,2025-10-02_16-33-39-199329.csv,PS
1759437266.347114,194456,28199,4,EM,1,100,RS,RB,2025-10-02_16-33-39-199329.csv,PS
1759437266.548118,194657,28231,4,EM,1,100,RS,RB,2025-10-02_16-33-39-199329.csv,PS
1759437266.749122,194858,28263,4,EM,1,100,RS,RB,2025-10-02_16-33-39-199329.csv,PS
1759437266.950126,195059,28296,4,EM,1,100,RS,RB,2025-10-02_16-33-39-199329.csv,PS
1759437267.154130,195263,28327,4,EM,1,100,RS,RB,2025-10-02_16-33-39-199329.csv,PS
1759437267.355134,195464,28358,4,EM,1,100,RS,RB,2025-10-02_16-33-39-199329.csv,PS
1759437267.556139,195665,28391,4,EM,1,100,RS,RB,2025-10-02_16-33-39-199329.csv,PS
1759437267.757143,195866,28422,4,EM,1,100,RS,RB,2025-10-02_16-33-39-199329.csv,PS
1759437267.958147,196067,28454,4,EM,1,100,RS,RB,2025-10-02_16-33-39-199329.csv,PS
1759437268.159151,196268,28484,4,EM,1,100,RS,RB,2025-10-02_16-33-39-199329.csv,PS
1759437268.360155,196469,28516,4,EM,1,100,RS,RB,2025-10-02_16-33-39-199329.csv,PS
1759437268.561159,196670,28546,4,EM,1,100,RS,RB,2025-10-02_16-33-39-199329.csv,PS
1759437268.762163,196871,28578,4,EM,1,100,RS,RB,2025-10-02_16-33-39-199329.csv,PS
1759437268.963167,197072,28613,4,EM,1,100,RS,RB,2025-10-02_16-33-39-199329.csv,PS
1759437269.167171,197276,28644,4,EM,1,100,RS,RB,2025-10-02_16-33-39-199329.csv,PS
1759437269.367175,197476,28675,4,EM,1,100,RS,RB,2025-10-02_16-33-39-199329.csv,PS
1759437269.568180,197677,28706,4,EM,1,100,RS,RB,2025-10-02_16-33-39-199329.csv,PS
1759437269.769184,197878,28739,4,EM,1,100,RS,RB,2025-10-02_16-33-39-199329.csv,PS
1759437269.970188,198079,28771,4,EM,1,100,RS,RB,2025-10-02_16-33-39-199329.csv,PS
1759437270.171192,198280,28801,4,EM,1,100,RS,RB,2025-10-02_16-33-39-199329.csv,PS
1759437270.372196,198481,28833,4,EM,1,100,RS,RB,2025-10-02_16-33-39-199329.csv,PS
1759437270.573200,198682,28865,4,EM,1,100,RS,RB,2025-10-02_16-33-39-199329.csv,PS
1759437270.774204,198883,28897,4,EM,1,100,RS,RB,2025-10-02_16-33-39-199329.csv,PS
1759437270.975208,199084,28931,4,EM,1,100,RS,RB,2025-10-02_16-33-39-199329.csv,PS
1759437271.176212,199285,28961,4,EM,1,100,RS,RB,2025-10-02_16-33-39-199329.csv,PS
1759437271.379216,199488,28993,4,EM,1,100,RS,RB,2025-10-02_16-33-39-199329.csv,PS
1759437271.580221,199689,29026,4,EM,1,100,RS,RB,2025-10-02_16-33-39-199329.csv,PS
1759437271.781225,199890,29057,4,EM,1,100,RS,RB,2025-10-02_16-33-39-199329.csv,PS
1759437271.982229,200091,29088,4,EM,1,100,RS,RB,2025-10-02_16-33-39-199329.csv,PS
1759437272.184233,200293,29119,4,EM,1,100,RS,RB,2025-10-02_16-33-39-199329.csv,PS
1759437272.384237,200493,29150,4,EM,1,100,RS,RB,2025-10-02_16-33-39-199329.csv,PS
1759437272.585241,200694,29182,4,EM,1,100,RS,RB,2025-10-02_16-33-39-199329.csv,PS
1759437272.786245,200895,29214,4,EM,1,100,RS,RB,2025-10-02_16-33-39-199329.csv,PS
1759437272.987249,201096,29246,4,EM,1,100,RS,RB,2025-10-02_16-33-39-199329.csv,PS
1759437273.188253,201297,29276,4,EM,1,100,RS,RB,2025-10-02_16-33-39-199329.csv,PS
1759437273.395258,201504,29308,4,EM,1,100,RS,RB,2025-10-02_16-33-39-199329.csv,PS
1759437273.596262,201705,29341,4,EM,1,100,RS,RB,2025-10-02_16-33-39-199329.csv,PS
1759437273.797266,201906,29372,4,EM,1,100,RS,RB,2025-10-02_16-33-39-199329.csv,PS
1759437273.998270,202107,29405,4,EM,1,100,RS,RB,2025-10-02_16-33-39-199329.csv,PS
1759437274.199274,202308,29436,4,EM,1,100,RS,RB,2025-10-02_16-33-39-199329.csv,PS
1759437274.401278,202510,29467,4,EM,1,100,RS,RB,2025-10-02_16-33-39-199329.csv,PS
1759437274.602282,202711,29501,4,EM,1,100,RS,RB,2025-10-02_16-33-39-199329.csv,PS
1759437274.806287,202915,29531,4,EM,1,100,RS,RB,2025-10-02_16-33-39-199329.csv,PS
1759437275.010291,203119,29563,4,EM,1,100,RS,RB,2025-10-02_16-33-39-199329.csv,PS
1759437275.211295,203320,29593,4,EM,1,100,RS,RB,2025-10-02_16-33-39-199329.csv,PS
1759437275.414299,203523,29627,4,EM,1,100,RS,RB,2025-10-02_16-33-39-199329.csv,PS
1759437275.621303,203730,29658,4,EM,1,100,RS,RB,2025-10-02_16-33-39-199329.csv,PS
1759437275.822307,203931,29689,4,EM,1,100,RS,RB,2025-10-02_16-33-39-199329.csv,PS
1759437276.023311,204132,29721,4,EM,1,100,RS,RB,2025-10-02_16-33-39-199329.csv,PS
1759437276.226315,204335,29751,4,EM,1,100,RS,RB,2025-10-02_16-33-39-199329.csv,PS
1759437276.428320,204537,29785,4,EM,1,100,RS,RB,2025-10-02_16-33-39-199329.csv,PS
1759437276.629324,204738,29816,4,EM,1,100,RS,RB,2025-10-02_16-33-39-199329.csv,PS
1759437276.833328,204942,29847,4,EM,1,100,RS,RB,2025-10-02_16-33-39-199329.csv,PS
1759437277.038332,205147,29878,4,EM,1,100,RS,RB,2025-10-02_16-33-39-199329.csv,PS
1759437277.239336,205348,29910,4,EM,1,100,RS,RB,2025-10-02_16-33-39-199329.csv,PS
1759437277.440340,205549,29940,4,EM,1,100,RS,RB,2025-10-02_16-33-39-199329.csv,PS
1759437277.642344,205751,29972,4,EM,1,100,RS,RB,2025-10-02_16-33-39-199329.csv,PS
1759437277.847348,205956,30006,4,EM,1,100,RS,RB,2025-10-02_16-33-39-199329.csv,PS
1759437278.050353,206159,30040,4,EM,1,100,RS,RB,2025-10-02_16-33-39-199329.csv,PS
1759437278.250357,206359,30071,4,EM,1,100,RS,RB,2025-10-02_16-33-39-199329.csv,PS
1759437278.451361,206560,30102,4,EM,1,100,RS,RB,2025-10-02_16-33-39-199329.csv,PS
1759437278.661365,206770,30135,4,EM,1,100,RS,RB,2025-10-02_16-33-39-199329.csv,PS
1759437278.864369,206973,30168,4,EM,1,100,RS,RB,2025-10-02_16-33-39-199329.csv,PS
1759437279.065373,207174,30199,4,EM,1,100,RS,RB,2025-10-02_16-33-39-199329.csv,PS
1759437279.273378,207382,30231,4,EM,1,100,RS,RB,2025-10-02_16-33-39-199329.csv,PS
1759437279.474382,207583,30261,4,EM,1,100,RS,RB,2025-10-02_16-33-39-199329.csv,PS
1759437279.675386,207784,30295,4,EM,1,100,RS,RB,2025-10-02_16-33-39-199329.csv,PS
1759437279.876390,207985,30325,4,EM,1,100,RS,RB,2025-10-02_16-33-39-199329.csv,PS
1759437280.077394,208186,30357,4,EM,1,100,RS,RB,2025-10-02_16-33-39-199329.csv,PS
1759437280.282398,208391,30388,4,EM,1,100,RS,RB,2025-10-02_16-33-39-199329.csv,PS
1759437280.486403,208595,30419,4,EM,1,100,RS,RB,2025-10-02_16-33-39-199329.csv,PS
1759437280.688406,208797,30452,4,EM,1,100,RS,RB,2025-10-02_16-33-39-199329.csv,PS
1759437280.889411,208998,30483,4,EM,1,100,RS,RB,2025-10-02_16-33-39-199329.csv,PS
1759437281.090415,209199,30515,4,EM,1,100,RS,RB,2025-10-02_16-33-39-199329.csv,PS
1759437281.291419,209400,30548,4,EM,1,100,RS,RB,2025-10-02_16-33-39-199329.csv,PS
1759437281.494423,209603,30579,4,EM,1,100,RS,RB,2025-10-02_16-33-39-199329.csv,PS
1759437281.701427,209810,30610,4,EM,1,100,RS,RB,2025-10-02_16-33-39-199329.csv,PS
1759437281.903431,210012,30644,4,EM,1,100,RS,RB,2025-10-02_16-33-39-199329.csv,PS
1759437282.104435,210213,30676,4,EM,1,100,RS,RB,2025-10-02_16-33-39-199329.csv,PS
1759437282.305439,210414,30708,4,EM,1,100,RS,RB,2025-10-02_16-33-39-199329.csv,PS
1759437282.508444,210617,30738,4,EM,1,100,RS,RB,2025-10-02_16-33-39-199329.csv,PS
1759437282.714448,210823,30772,4,EM,1,100,RS,RB,2025-10-02_16-33-39-199329.csv,PS
1759437282.917452,211026,30803,4,EM,1,100,RS,RB,2025-10-02_16-33-39-199329.csv,PS
1759437283.118456,211227,30834,4,EM,1,100,RS,RB,2025-10-02_16-33-39-199329.csv,PS
1759437283.320460,211429,30867,4,EM,1,100,RS,RB,2025-10-02_16-33-39-199329.csv,PS
1759437283.526464,211635,30898,4,EM,1,100,RS,RB,2025-10-02_16-33-39-199329.csv,PS
1759437283.727468,211836,30929,4,EM,1,100,RS,RB,2025-10-02_16-33-39-199329.csv,PS
1759437283.931473,212040,30963,4,EM,1,100,RS,RB,2025-10-02_16-33-39-199329.csv,PS
1759437284.131477,212240,30995,4,EM,1,100,RS,RB,2025-10-02_16-33-39-199329.csv,PS
1759437284.332481,212441,31027,4,EM,1,100,RS,RB,2025-10-02_16-33-39-199329.csv,PS
1759437284.535485,212644,31059,4,EM,1,100,RS,RB,2025-10-02_16-33-39-199329.csv,PS
1759437284.740489,212849,31091,4,EM,1,100,RS,RB,2025-10-02_16-33-39-199329.csv,PS
1759437284.942493,213051,31124,4,EM,1,100,RS,RB,2025-10-02_16-33-39-199329.csv,PS
1759437285.143497,213252,31155,4,EM,1,100,RS,RB,2025-10-02_16-33-39-199329.csv,PS
1759437285.352502,213461,31186,4,EM,1,100,RS,RB,2025-10-02_16-33-39-199329.csv,PS
1759437285.553506,213662,31217,4,EM,1,100,RS,RB,2025-10-02_16-33-39-199329.csv,PS
1759437285.757510,213866,31251,4,EM,1,100,RS,RB,2025-10-02_16-33-39-199329.csv,PS
1759437285.958514,214067,31282,4,EM,1,100,RS,RB,2025-10-02_16-33-39-199329.csv,PS
1759437286.159518,214268,31313,4,EM,1,100,RS,RB,2025-10-02_16-33-39-199329.csv,PS
1759437286.361522,214470,31346,4,EM,1,100,RS,RB,2025-10-02_16-33-39-199329.csv,PS
1759437286.569527,214678,31378,4,EM,1,100,RS,RB,2025-10-02_16-33-39-199329.csv,PS
1759437286.770531,214879,31408,4,EM,1,100,RS,RB,2025-10-02_16-33-39-199329.csv,PS
1759437286.971535,215080,31440,4,EM,1,100,RS,RB,2025-10-02_16-33-39-199329.csv,PS
1759437287.181539,215290,31472,4,EM,1,100,RS,RB,2025-10-02_16-33-39-199329.csv,PS
1759437287.383543,215492,31504,4,EM,1,100,RS,RB,2025-10-02_16-33-39-199329.csv,PS
1759437287.583547,215692,31537,4,EM,1,100,RS,RB,2025-10-02_16-33-39-199329.csv,PS
1759437287.784551,215893,31568,4,EM,1,100,RS,RB,2025-10-02_16-33-39-199329.csv,PS
1759437287.985555,216094,31599,4,EM,1,100,RS,RB,2025-10-02_16-33-39-199329.csv,PS
1759437288.186560,216295,31630,4,EM,1,100,RS,RB,2025-10-02_16-33-39-199329.csv,PS
1759437288.387564,216496,31663,4,EM,1,100,RS,RB,2025-10-02_16-33-39-199329.csv,PS
1759437288.597568,216706,31695,4,EM,1,100,RS,RB,2025-10-02_16-33-39-199329.csv,PS
1759437288.798572,216907,31727,4,EM,1,100,RS,RB,2025-10-02_16-33-39-199329.csv,PS
1759437288.999576,217108,31761,4,EM,1,100,RS,RB,2025-10-02_16-33-39-199329.csv,PS
1759437289.316583,217425,31791,4,EM,1,100,RS,RB,2025-10-02_16-33-39-199329.csv,PS
1759437289.516587,217625,31823,4,EM,1,100,RS,RB,2025-10-02_16-33-39-199329.csv,PS
1759437289.717591,217826,31857,4,EM,1,100,RS,RB,2025-10-02_16-33-39-199329.csv,PS
1759437289.918595,218027,31887,4,EM,1,100,RS,RB,2025-10-02_16-33-39-199329.csv,PS
1759437290.119599,218228,31919,4,EM,1,100,RS,RB,2025-10-02_16-33-39-199329.csv,PS
1759437290.320603,218429,31950,4,EM,1,100,RS,RB,2025-10-02_16-33-39-199329.csv,PS
1759437290.524607,218633,31981,4,EM,1,100,RS,RB,2025-10-02_16-33-39-199329.csv,PS
1759437290.724612,218833,32014,4,EM,1,100,RS,RB,2025-10-02_16-33-39-199329.csv,PS
1759437290.925616,219034,32045,4,EM,1,100,RS,RB,2025-10-02_16-33-39-199329.csv,PS
1759437291.126620,219235,32076,4,EM,1,100,RS,RB,2025-10-02_16-33-39-199329.csv,PS
1759437291.327624,219436,32108,4,EM,1,100,RS,RB,2025-10-02_16-33-39-199329.csv,PS
1759437291.528628,219637,32140,4,EM,1,100,RS,RB,2025-10-02_16-33-39-199329.csv,PS
1759437291.729632,219838,32172,4,EM,1,100,RS,RB,2025-10-02_16-33-39-199329.csv,PS
1759437291.930636,220039,32202,4,EM,1,100,RS,RB,2025-10-02_16-33-39-199329.csv,PS
1759437292.131640,220240,32234,4,EM,1,100,RS,RB,2025-10-02_16-33-39-199329.csv,PS
1759437292.332644,220441,32265,4,EM,1,100,RS,RB,2025-10-02_16-33-39-199329.csv,PS
1759437292.533648,220642,32296,4,EM,1,100,RS,RB,2025-10-02_16-33-39-199329.csv,PS
1759437292.734653,220843,32330,4,EM,1,100,RS,RB,2025-10-02_16-33-39-199329.csv,PS
1759437292.938657,221047,32360,4,EM,1,100,RS,RB,2025-10-02_16-33-39-199329.csv,PS
1759437293.139661,221248,32392,4,EM,1,100,RS,RB,2025-10-02_16-33-39-199329.csv,PS
1759437293.340665,221449,32423,4,EM,1,100,RS,RB,2025-10-02_16-33-39-199329.csv,PS
1759437293.541669,221650,32454,4,EM,1,100,RS,RB,2025-10-02_16-33-39-199329.csv,PS
1759437293.742673,221851,32485,4,EM,1,100,RS,RB,2025-10-02_16-33-39-199329.csv,PS
1759437293.943677,222052,32519,4,EM,1,100,RS,RB,2025-10-02_16-33-39-199329.csv,PS
1759437294.144681,222253,32551,4,EM,1,100,RS,RB,2025-10-02_16-33-39-199329.csv,PS
1759437294.345685,222454,32583,4,EM,1,100,RS,RB,2025-10-02_16-33-39-199329.csv,PS
1759437294.546690,222655,32613,4,EM,1,100,RS,RB,2025-10-02_16-33-39-199329.csv,PS
1759437294.747694,222856,32647,4,EM,1,100,RS,RB,2025-10-02_16-33-39-199329.csv,PS
1759437294.951698,223060,32678,4,EM,1,100,RS,RB,2025-10-02_16-33-39-199329.csv,PS
1759437295.152702,223261,32709,4,EM,1,100,RS,RB,2025-10-02_16-33-39-199329.csv,PS
1759437295.353706,223462,32740,4,EM,1,100,RS,RB,2025-10-02_16-33-39-199329.csv,PS
1759437295.554710,223663,32773,4,EM,1,100,RS,RB,2025-10-02_16-33-39-199329.csv,PS
1759437295.755714,223864,32804,4,EM,1,100,RS,RB,2025-10-02_16-33-39-199329.csv,PS
1759437295.956718,224065,32838,4,EM,1,100,RS,RB,2025-10-02_16-33-39-199329.csv,PS
1759437296.157722,224266,32868,4,EM,1,100,RS,RB,2025-10-02_16-33-39-199329.csv,PS
1759437296.358727,224467,32900,4,EM,1,100,RS,RB,2025-10-02_16-33-39-199329.csv,PS
1759437296.559731,224668,32930,4,EM,1,100,RS,RB,2025-10-02_16-33-39-199329.csv,PS
1759437296.760735,224869,32962,4,EM,1,100,RS,RB,2025-10-02_16-33-39-199329.csv,PS
1759437296.963739,225072,32993,4,EM,1,100,RS,RB,2025-10-02_16-33-39-199329.csv,PS
1759437297.164743,225273,33026,4,EM,1,100,RS,RB,2025-10-02_16-33-39-199329.csv,PS
1759437297.365747,225474,33057,4,EM,1,100,RS,RB,2025-10-02_16-33-39-199329.csv,PS
1759437297.566751,225675,33088,4,EM,1,100,RS,RB,2025-10-02_16-33-39-199329.csv,PS
1759437297.767755,225876,33120,4,EM,1,100,RS,RB,2025-10-02_16-33-39-199329.csv,PS
1759437297.968759,226077,33151,4,EM,1,100,RS,RB,2025-10-02_16-33-39-199329.csv,PS
1759437298.169763,226278,33182,4,EM,1,100,RS,RB,2025-10-02_16-33-39-199329.csv,PS
1759437298.370768,226479,33215,4,EM,1,100,RS,RB,2025-10-02_16-33-39-199329.csv,PS
1759437298.571772,226680,33247,4,EM,1,100,RS,RB,2025-10-02_16-33-39-199329.csv,PS
1759437298.772776,226881,33277,4,EM,1,100,RS,RB,2025-10-02_16-33-39-199329.csv,PS
1759437298.973780,227082,33311,4,EM,1,100,RS,RB,2025-10-02_16-33-39-199329.csv,PS
1759437299.176784,227285,33343,4,EM,1,100,RS,RB,2025-10-02_16-33-39-199329.csv,PS
1759437299.377788,227486,33375,4,EM,1,100,RS,RB,2025-10-02_16-33-39-199329.csv,PS
1759437299.583792,227692,33408,4,EM,1,100,RS,RB,2025-10-02_16-33-39-199329.csv,PS
1759437299.783796,227892,33439,4,EM,1,100,RS,RB,2025-10-02_16-33-39-199329.csv,PS
1759437299.984801,228093,33472,4,EM,1,100,RS,RB,2025-10-02_16-33-39-199329.csv,PS
1759437300.187805,228296,33503,4,EM,1,100,RS,RB,2025-10-02_16-33-39-199329.csv,PS
1759437300.389809,228498,33534,4,EM,1,100,RS,RB,2025-10-02_16-33-39-199329.csv,PS
1759437300.593813,228702,33568,4,EM,1,100,RS,RB,2025-10-02_16-33-39-199329.csv,PS
1759437300.795817,228904,33598,4,EM,1,100,RS,RB,2025-10-02_16-33-39-199329.csv,PS
1759437300.996821,229105,33632,4,EM,1,100,RS,RB,2025-10-02_16-33-39-199329.csv,PS
1759437301.199825,229308,33662,4,EM,1,100,RS,RB,2025-10-02_16-33-39-199329.csv,PS
1759437301.403829,229512,33694,4,EM,1,100,RS,RB,2025-10-02_16-33-39-199329.csv,PS
1759437301.607834,229716,33725,4,EM,1,100,RS,RB,2025-10-02_16-33-39-199329.csv,PS
1759437301.808838,229917,33756,4,EM,1,100,RS,RB,2025-10-02_16-33-39-199329.csv,PS
1759437302.009842,230118,33787,4,EM,1,100,RS,RB,2025-10-02_16-33-39-199329.csv,PS
1759437302.210846,230319,33820,4,EM,1,100,RS,RB,2025-10-02_16-33-39-199329.csv,PS
1759437302.420850,230529,33851,4,EM,1,100,RS,RB,2025-10-02_16-33-39-199329.csv,PS
1759437302.621854,230730,33883,4,EM,1,100,RS,RB,2025-10-02_16-33-39-199329.csv,PS
1759437302.822858,230931,33914,4,EM,1,100,RS,RB,2025-10-02_16-33-39-199329.csv,PS
1759437303.023863,231132,33947,4,EM,1,100,RS,RB,2025-10-02_16-33-39-199329.csv,PS
1759437303.224867,231333,33979,4,EM,1,100,RS,RB,2025-10-02_16-33-39-199329.csv,PS
1759437303.426871,231535,34009,4,EM,1,100,RS,RB,2025-10-02_16-33-39-199329.csv,PS
1759437303.633875,231742,34041,4,EM,1,100,RS,RB,2025-10-02_16-33-39-199329.csv,PS
1759437303.836879,231945,34071,4,EM,1,100,RS,RB,2025-10-02_16-33-39-199329.csv,PS
1759437304.036883,232145,34105,4,EM,1,100,RS,RB,2025-10-02_16-33-39-199329.csv,PS
1759437304.238887,232347,34136,4,EM,1,100,RS,RB,2025-10-02_16-33-39-199329.csv,PS
1759437304.442892,232551,34167,4,EM,1,100,RS,RB,2025-10-02_16-33-39-199329.csv,PS
1759437304.647896,232756,34198,4,EM,1,100,RS,RB,2025-10-02_16-33-39-199329.csv,PS
1759437304.848900,232957,34231,4,EM,1,100,RS,RB,2025-10-02_16-33-39-199329.csv,PS
1759437305.049904,233158,34262,4,EM,1,100,RS,RB,2025-10-02_16-33-39-199329.csv,PS
1759437305.252908,233361,34296,4,EM,1,100,RS,RB,2025-10-02_16-33-39-199329.csv,PS
1759437305.466913,233575,34326,4,EM,1,100,RS,RB,2025-10-02_16-33-39-199329.csv,PS
1759437305.670917,233779,34360,4,EM,1,100,RS,RB,2025-10-02_16-33-39-199329.csv,PS
1759437305.870921,233979,34390,4,EM,1,100,RS,RB,2025-10-02_16-33-39-199329.csv,PS
1759437306.071925,234180,34422,4,EM,1,100,RS,RB,2025-10-02_16-33-39-199329.csv,PS
1759437306.272929,234381,34453,4,EM,1,100,RS,RB,2025-10-02_16-33-39-199329.csv,PS
1759437306.473933,234582,34486,4,EM,1,100,RS,RB,2025-10-02_16-33-39-199329.csv,PS
1759437306.674937,234783,34517,4,EM,1,100,RS,RB,2025-10-02_16-33-39-199329.csv,PS
1759437306.875941,234984,34548,4,EM,1,100,RS,RB,2025-10-02_16-33-39-199329.csv,PS
1759437307.076945,235185,34579,4,EM,1,100,RS,RB,2025-10-02_16-33-39-199329.csv,PS
1759437307.283949,235392,34613,4,EM,1,100,RS,RB,2025-10-02_16-33-39-199329.csv,PS
1759437307.484954,235593,34646,4,EM,1,100,RS,RB,2025-10-02_16-33-39-199329.csv,PS
1759437307.687958,235796,34677,4,EM,1,100,RS,RB,2025-10-02_16-33-39-199329.csv,PS
1759437307.887962,235996,34709,4,EM,1,100,RS,RB,2025-10-02_16-33-39-199329.csv,PS
1759437308.092966,236201,34741,4,EM,1,100,RS,RB,2025-10-02_16-33-39-199329.csv,PS
1759437308.296970,236405,34773,4,EM,1,100,RS,RB,2025-10-02_16-33-39-199329.csv,PS
1759437308.499974,236608,34803,4,EM,1,100,RS,RB,2025-10-02_16-33-39-199329.csv,PS
1759437308.700979,236809,34837,4,EM,1,100,RS,RB,2025-10-02_16-33-39-199329.csv,PS
1759437308.909983,237018,34870,4,EM,1,100,RS,RB,2025-10-02_16-33-39-199329.csv,PS
1759437309.110987,237219,34901,4,EM,1,100,RS,RB,2025-10-02_16-33-39-199329.csv,PS
1759437309.311991,237420,34932,4,EM,1,100,RS,RB,2025-10-02_16-33-39-199329.csv,PS
1759437309.513995,237622,34963,4,EM,1,100,RS,RB,2025-10-02_16-33-39-199329.csv,PS
1759437309.714999,237823,34994,4,EM,1,100,RS,RB,2025-10-02_16-33-39-199329.csv,PS
1759437309.923003,238031,35026,4,EM,1,100,RS,RB,2025-10-02_16-33-39-199329.csv,PS
1759437310.124007,238232,35056,4,EM,1,100,RS,RB,2025-10-02_16-33-39-199329.csv,PS
1759437310.325011,238433,35088,4,EM,1,100,RS,RB,2025-10-02_16-33-39-199329.csv,PS
1759437310.528016,238636,35118,4,EM,1,100,RS,RB,2025-10-02_16-33-39-199329.csv,PS
1759437310.729020,238837,35152,4,EM,1,100,RS,RB,2025-10-02_16-33-39-199329.csv,PS
1759437310.937024,239045,35183,4,EM,1,100,RS,RB,2025-10-02_16-33-39-199329.csv,PS
1759437311.138028,239246,35214,4,EM,1,100,RS,RB,2025-10-02_16-33-39-199329.csv,PS
1759437311.341032,239449,35247,4,EM,1,100,RS,RB,2025-10-02_16-33-39-199329.csv,PS
1759437311.542036,239650,35278,4,EM,1,100,RS,RB,2025-10-02_16-33-39-199329.csv,PS
1759437311.744040,239852,35311,4,EM,1,100,RS,RB,2025-10-02_16-33-39-199329.csv,PS
1759437311.945045,240053,35343,4,EM,1,100,RS,RB,2025-10-02_16-33-39-199329.csv,PS
1759437312.146049,240254,35373,4,EM,1,100,RS,RB,2025-10-02_16-33-39-199329.csv,PS
1759437312.351053,240459,35407,4,EM,1,100,RS,RB,2025-10-02_16-33-39-199329.csv,PS
1759437312.552057,240660,35438,4,EM,1,100,RS,RB,2025-10-02_16-33-39-199329.csv,PS
1759437312.756061,240864,35471,4,EM,1,100,RS,RB,2025-10-02_16-33-39-199329.csv,PS
1759437312.959065,241067,35505,4,EM,1,100,RS,RB,2025-10-02_16-33-39-199329.csv,PS
1759437313.168070,241276,35535,4,EM,1,100,RS,RB,2025-10-02_16-33-39-199329.csv,PS
1759437313.369074,241477,35569,4,EM,1,100,RS,RB,2025-10-02_16-33-39-199329.csv,PS
1759437313.570078,241678,35600,4,EM,1,100,RS,RB,2025-10-02_16-33-39-199329.csv,PS
1759437313.771082,241879,35631,4,EM,1,100,RS,RB,2025-10-02_16-33-39-199329.csv,PS
1759437313.972086,242080,35664,4,EM,1,100,RS,RB,2025-10-02_16-33-39-199329.csv,PS
1759437314.179090,242287,35695,4,EM,1,100,RS,RB,2025-10-02_16-33-39-199329.csv,PS
1759437314.381094,242489,35726,4,EM,1,100,RS,RB,2025-10-02_16-33-39-199329.csv,PS
1759437314.582098,242690,35760,4,EM,1,100,RS,RB,2025-10-02_16-33-39-199329.csv,PS
1759437314.784103,242892,35792,4,EM,1,100,RS,RB,2025-10-02_16-33-39-199329.csv,PS
1759437314.990107,243098,35824,4,EM,1,100,RS,RB,2025-10-02_16-33-39-199329.csv,PS
1759437315.192111,243300,35854,4,EM,1,100,RS,RB,2025-10-02_16-33-39-199329.csv,PS
1759437315.395115,243503,35886,4,EM,1,100,RS,RB,2025-10-02_16-33-39-199329.csv,PS
1759437315.596119,243704,35917,4,EM,1,100,RS,RB,2025-10-02_16-33-39-199329.csv,PS
1759437315.797123,243905,35948,4,EM,1,100,RS,RB,2025-10-02_16-33-39-199329.csv,PS
1759437316.003128,244111,35979,4,EM,1,100,RS,RB,2025-10-02_16-33-39-199329.csv,PS
1759437316.205132,244313,36012,4,EM,1,100,RS,RB,2025-10-02_16-33-39-199329.csv,PS
1759437316.406136,244514,36043,4,EM,1,100,RS,RB,2025-10-02_16-33-39-199329.csv,PS
1759437316.607140,244715,36075,4,EM,1,100,RS,RB,2025-10-02_16-33-39-199329.csv,PS
1759437316.810144,244918,36105,4,EM,1,100,RS,RB,2025-10-02_16-33-39-199329.csv,PS
1759437317.012148,245120,36139,4,EM,1,100,RS,RB,2025-10-02_16-33-39-199329.csv,PS
1759437317.219152,245327,36170,4,EM,1,100,RS,RB,2025-10-02_16-33-39-199329.csv,PS
1759437317.422156,245530,36201,4,EM,1,100,RS,RB,2025-10-02_16-33-39-199329.csv,PS
1759437317.623161,245731,36233,4,EM,1,100,RS,RB,2025-10-02_16-33-39-199329.csv,PS
1759437317.826165,245934,36263,4,EM,1,100,RS,RB,2025-10-02_16-33-39-199329.csv,PS
1759437318.030169,246138,36295,4,EM,1,100,RS,RB,2025-10-02_16-33-39-199329.csv,PS
1759437318.233173,246341,36328,4,EM,1,100,RS,RB,2025-10-02_16-33-39-199329.csv,PS
1759437318.434177,246542,36359,4,EM,1,100,RS,RB,2025-10-02_16-33-39-199329.csv,PS
1759437318.637181,246745,36390,4,EM,1,100,RS,RB,2025-10-02_16-33-39-199329.csv,PS
1759437318.843185,246951,36423,4,EM,1,100,RS,RB,2025-10-02_16-33-39-199329.csv,PS
1759437319.044189,247152,36456,4,EM,1,100,RS,RB,2025-10-02_16-33-39-199329.csv,PS
1759437319.247194,247355,36488,4,EM,1,100,RS,RB,2025-10-02_16-33-39-199329.csv,PS
1759437319.448198,247556,36520,4,EM,1,100,RS,RB,2025-10-02_16-33-39-199329.csv,PS
1759437319.651202,247759,36552,4,EM,1,100,RS,RB,2025-10-02_16-33-39-199329.csv,PS
1759437319.856206,247964,36582,4,EM,1,100,RS,RB,2025-10-02_16-33-39-199329.csv,PS
1759437320.059210,248167,36614,4,EM,1,100,RS,RB,2025-10-02_16-33-39-199329.csv,PS
1759437320.261214,248369,36645,4,EM,1,100,RS,RB,2025-10-02_16-33-39-199329.csv,PS
1759437320.463218,248571,36676,4,EM,1,100,RS,RB,2025-10-02_16-33-39-199329.csv,PS
1759437320.665223,248773,36707,4,EM,1,100,RS,RB,2025-10-02_16-33-39-199329.csv,PS
1759437320.870227,248978,36738,4,EM,1,100,RS,RB,2025-10-02_16-33-39-199329.csv,PS
1759437321.076231,249184,36771,4,EM,1,100,RS,RB,2025-10-02_16-33-39-199329.csv,PS
1759437321.277235,249385,36803,4,EM,1,100,RS,RB,2025-10-02_16-33-39-199329.csv,PS
1759437321.490239,249598,36833,4,EM,1,100,RS,RB,2025-10-02_16-33-39-199329.csv,PS
1759437321.691244,249799,36865,4,EM,1,100,RS,RB,2025-10-02_16-33-39-199329.csv,PS
1759437321.892248,250000,36895,4,EM,1,100,RS,RB,2025-10-02_16-33-39-199329.csv,PS
1759437322.096252,250204,36927,4,EM,1,100,RS,RB,2025-10-02_16-33-39-199329.csv,PS
1759437322.297256,250405,36959,4,EM,1,100,RS,RB,2025-10-02_16-33-39-199329.csv,PS
1759437322.498260,250606,36989,4,EM,1,100,RS,RB,2025-10-02_16-33-39-199329.csv,PS
1759437322.699264,250807,37021,4,EM,1,100,RS,RB,2025-10-02_16-33-39-199329.csv,PS
1759437322.900268,251008,37052,4,EM,1,100,RS,RB,2025-10-02_16-33-39-199329.csv,PS
1759437323.101272,251209,37083,4,EM,1,100,RS,RB,2025-10-02_16-33-39-199329.csv,PS
1759437323.302276,251410,37114,4,EM,1,100,RS,RB,2025-10-02_16-33-39-199329.csv,PS
1759437323.504281,251612,37145,4,EM,1,100,RS,RB,2025-10-02_16-33-39-199329.csv,PS
1759437323.709285,251817,37176,4,EM,1,100,RS,RB,2025-10-02_16-33-39-199329.csv,PS
1759437323.914289,252022,37210,4,EM,1,100,RS,RB,2025-10-02_16-33-39-199329.csv,PS
1759437324.114293,252222,37240,4,EM,1,100,RS,RB,2025-10-02_16-33-39-199329.csv,PS
1759437324.316297,252424,37272,4,EM,1,100,RS,RB,2025-10-02_16-33-39-199329.csv,PS
1759437324.518301,252626,37302,4,EM,1,100,RS,RB,2025-10-02_16-33-39-199329.csv,PS
1759437324.724306,252832,37334,4,EM,1,100,RS,RB,2025-10-02_16-33-39-199329.csv,PS
1759437324.927310,253035,37365,4,EM,1,100,RS,RB,2025-10-02_16-33-39-199329.csv,PS
1759437325.130314,253238,37396,4,EM,1,100,RS,RB,2025-10-02_16-33-39-199329.csv,PS
1759437325.331318,253439,37427,4,EM,1,100,RS,RB,2025-10-02_16-33-39-199329.csv,PS
1759437325.535322,253643,37458,4,EM,1,100,RS,RB,2025-10-02_16-33-39-199329.csv,PS
1759437325.736326,253844,37489,4,EM,1,100,RS,RB,2025-10-02_16-33-39-199329.csv,PS
1759437325.938330,254046,37523,4,EM,1,100,RS,RB,2025-10-02_16-33-39-199329.csv,PS
1759437326.140334,254248,37553,4,EM,1,100,RS,RB,2025-10-02_16-33-39-199329.csv,PS
1759437326.341339,254449,37585,4,EM,1,100,RS,RB,2025-10-02_16-33-39-199329.csv,PS
1759437326.544343,254652,37615,4,EM,1,100,RS,RB,2025-10-02_16-33-39-199329.csv,PS
1759437326.749347,254857,37647,4,EM,1,100,RS,RB,2025-10-02_16-33-39-199329.csv,PS
1759437326.954351,255062,37681,4,EM,1,100,RS,RB,2025-10-02_16-33-39-199329.csv,PS
1759437327.155355,255263,37711,4,EM,1,100,RS,RB,2025-10-02_16-33-39-199329.csv,PS
1759437327.358359,255466,37743,4,EM,1,100,RS,RB,2025-10-02_16-33-39-199329.csv,PS
1759437327.563364,255671,37774,4,EM,1,100,RS,RB,2025-10-02_16-33-39-199329.csv,PS
1759437327.767368,255875,37805,4,EM,1,100,RS,RB,2025-10-02_16-33-39-199329.csv,PS
1759437327.967372,256075,37838,4,EM,1,100,RS,RB,2025-10-02_16-33-39-199329.csv,PS
1759437328.168376,256276,37871,4,EM,1,100,RS,RB,2025-10-02_16-33-39-199329.csv,PS
1759437328.371380,256479,37902,4,EM,1,100,RS,RB,2025-10-02_16-33-39-199329.csv,PS
1759437328.577384,256685,37934,4,EM,1,100,RS,RB,2025-10-02_16-33-39-199329.csv,PS
1759437328.781388,256889,37964,4,EM,1,100,RS,RB,2025-10-02_16-33-39-199329.csv,PS
1759437328.982393,257090,37998,4,EM,1,100,RS,RB,2025-10-02_16-33-39-199329.csv,PS
1759437329.183397,257291,38028,4,EM,1,100,RS,RB,2025-10-02_16-33-39-199329.csv,PS
1759437329.388401,257496,38060,4,EM,1,100,RS,RB,2025-10-02_16-33-39-199329.csv,PS
1759437329.594405,257702,38091,4,EM,1,100,RS,RB,2025-10-02_16-33-39-199329.csv,PS
1759437329.795409,257903,38122,4,EM,1,100,RS,RB,2025-10-02_16-33-39-199329.csv,PS
1759437329.996413,258104,38153,4,EM,1,100,RS,RB,2025-10-02_16-33-39-199329.csv,PS
1759437330.197417,258305,38184,4,EM,1,100,RS,RB,2025-10-02_16-33-39-199329.csv,PS
1759437330.402421,258510,38215,4,EM,1,100,RS,RB,2025-10-02_16-33-39-199329.csv,PS
1759437330.604426,258712,38247,4,EM,1,100,RS,RB,2025-10-02_16-33-39-199329.csv,PS
1759437330.805430,258913,38277,4,EM,1,100,RS,RB,2025-10-02_16-33-39-199329.csv,PS
1759437331.006434,259114,38309,4,EM,1,100,RS,RB,2025-10-02_16-33-39-199329.csv,PS
1759437331.209438,259317,38339,4,EM,1,100,RS,RB,2025-10-02_16-33-39-199329.csv,PS
1759437331.415442,259523,38373,4,EM,1,100,RS,RB,2025-10-02_16-33-39-199329.csv,PS
1759437331.619446,259727,38405,4,EM,1,100,RS,RB,2025-10-02_16-33-39-199329.csv,PS
1759437331.820450,259928,38435,4,EM,1,100,RS,RB,2025-10-02_16-33-39-199329.csv,PS
1759437332.021455,260129,38467,4,EM,1,100,RS,RB,2025-10-02_16-33-39-199329.csv,PS
1759437332.227459,260335,38498,4,EM,1,100,RS,RB,2025-10-02_16-33-39-199329.csv,PS
1759437332.433463,260541,38529,4,EM,1,100,RS,RB,2025-10-02_16-33-39-199329.csv,PS
1759437332.634467,260742,38560,4,EM,1,100,RS,RB,2025-10-02_16-33-39-199329.csv,PS
1759437332.835471,260943,38591,4,EM,1,100,RS,RB,2025-10-02_16-33-39-199329.csv,PS
1759437333.036475,261144,38622,4,EM,1,100,RS,RB,2025-10-02_16-33-39-199329.csv,PS
1759437333.246480,261354,38654,4,EM,1,100,RS,RB,2025-10-02_16-33-39-199329.csv,PS
1759437333.447484,261555,38684,4,EM,1,100,RS,RB,2025-10-02_16-33-39-199329.csv,PS
1759437333.657488,261765,38716,4,EM,1,100,RS,RB,2025-10-02_16-33-39-199329.csv,PS
1759437333.859492,261967,38748,4,EM,1,100,RS,RB,2025-10-02_16-33-39-199329.csv,PS
1759437334.060496,262168,38780,4,EM,1,100,RS,RB,2025-10-02_16-33-39-199329.csv,PS
1759437334.268500,262376,38811,4,EM,1,100,RS,RB,2025-10-02_16-33-39-199329.csv,PS
1759437334.469504,262577,38842,4,EM,1,100,RS,RB,2025-10-02_16-33-39-199329.csv,PS
1759437334.675509,262783,38873,4,EM,1,100,RS,RB,2025-10-02_16-33-39-199329.csv,PS
1759437334.876513,262984,38904,4,EM,1,100,RS,RB,2025-10-02_16-33-39-199329.csv,PS
1759437335.077517,263185,38935,4,EM,1,100,RS,RB,2025-10-02_16-33-39-199329.csv,PS
1759437335.280521,263388,38967,4,EM,1,100,RS,RB,2025-10-02_16-33-39-199329.csv,PS
1759437335.482525,263590,38998,4,EM,1,100,RS,RB,2025-10-02_16-33-39-199329.csv,PS
1759437335.709530,263817,39015,4,EM,1,100,RS,RB,2025-10-02_16-33-39-199329.csv,PS
1759437335.910534,264018,39046,4,EM,1,100,RS,RB,2025-10-02_16-33-39-199329.csv,PS
1759437336.112538,264220,39078,4,EM,1,100,RS,RB,2025-10-02_16-33-39-199329.csv,PS
1759437336.313542,264421,39109,4,EM,1,100,RS,RB,2025-10-02_16-33-39-199329.csv,PS
1759437336.514546,264622,39140,4,EM,1,100,RS,RB,2025-10-02_16-33-39-199329.csv,PS
1759437336.715550,264823,39171,4,EM,1,100,RS,RB,2025-10-02_16-33-39-199329.csv,PS
1759437336.916554,265024,39204,4,EM,1,100,RS,RB,2025-10-02_16-33-39-199329.csv,PS
1759437337.117558,265225,39235,4,EM,1,100,RS,RB,2025-10-02_16-33-39-199329.csv,PS
1759437337.321563,265429,39267,4,EM,1,100,RS,RB,2025-10-02_16-33-39-199329.csv,PS
1759437337.522567,265630,39297,4,EM,1,100,RS,RB,2025-10-02_16-33-39-199329.csv,PS
1759437337.728571,265836,39329,4,EM,1,100,RS,RB,2025-10-02_16-33-39-199329.csv,PS
1759437337.929575,266037,39361,4,EM,1,100,RS,RB,2025-10-02_16-33-39-199329.csv,PS
1759437338.130579,266238,39393,4,EM,1,100,RS,RB,2025-10-02_16-33-39-199329.csv,PS
1759437338.335583,266443,39424,4,EM,1,100,RS,RB,2025-10-02_16-33-39-199329.csv,PS
1759437338.536587,266644,39455,4,EM,1,100,RS,RB,2025-10-02_16-33-39-199329.csv,PS
1759437338.737592,266845,39486,4,EM,1,100,RS,RB,2025-10-02_16-33-39-199329.csv,PS
1759437338.938596,267046,39519,4,EM,1,100,RS,RB,2025-10-02_16-33-39-199329.csv,PS
1759437339.139600,267247,39551,4,EM,1,100,RS,RB,2025-10-02_16-33-39-199329.csv,PS
1759437339.340604,267448,39582,4,EM,1,100,RS,RB,2025-10-02_16-33-39-199329.csv,PS
1759437339.541608,267649,39613,4,EM,1,100,RS,RB,2025-10-02_16-33-39-199329.csv,PS
1759437339.742612,267850,39644,4,EM,1,100,RS,RB,2025-10-02_16-33-39-199329.csv,PS
1759437339.943616,268051,39676,4,EM,1,100,RS,RB,2025-10-02_16-33-39-199329.csv,PS
1759437340.147620,268255,39706,4,EM,1,100,RS,RB,2025-10-02_16-33-39-199329.csv,PS
1759437340.347625,268455,39738,4,EM,1,100,RS,RB,2025-10-02_16-33-39-199329.csv,PS
1759437340.548629,268656,39768,4,EM,1,100,RS,RB,2025-10-02_16-33-39-199329.csv,PS
1759437340.822634,268930,39805,4,EM,1,100,RS,RB,2025-10-02_16-33-39-199329.csv,PS
1759437341.023638,269131,39837,4,EM,1,100,RS,RB,2025-10-02_16-33-39-199329.csv,PS
1759437341.227643,269335,39867,4,EM,1,100,RS,RB,2025-10-02_16-33-39-199329.csv,PS
1759437341.428647,269536,39899,4,EM,1,100,RS,RB,2025-10-02_16-33-39-199329.csv,PS
1759437341.629651,269737,39930,4,EM,1,100,RS,RB,2025-10-02_16-33-39-199329.csv,PS
1759437341.830655,269938,39961,4,EM,1,100,RS,RB,2025-10-02_16-33-39-199329.csv,PS
1759437342.031659,270139,39992,4,EM,1,100,RS,RB,2025-10-02_16-33-39-199329.csv,PS
1759437342.232663,270340,40023,4,EM,1,100,RS,RB,2025-10-02_16-33-39-199329.csv,PS
1759437342.433667,270541,40054,4,EM,1,100,RS,RB,2025-10-02_16-33-39-199329.csv,PS
1759437342.634671,270742,40086,4,EM,1,100,RS,RB,2025-10-02_16-33-39-199329.csv,PS
1759437342.835675,270943,40116,4,EM,1,100,RS,RB,2025-10-02_16-33-39-199329.csv,PS
1759437343.036679,271144,40148,4,EM,1,100,RS,RB,2025-10-02_16-33-39-199329.csv,PS
1759437343.240684,271348,40178,4,EM,1,100,RS,RB,2025-10-02_16-33-39-199329.csv,PS
1759437343.441688,271549,40210,4,EM,1,100,RS,RB,2025-10-02_16-33-39-199329.csv,PS
1759437343.642692,271750,40241,4,EM,1,100,RS,RB,2025-10-02_16-33-39-199329.csv,PS
1759437343.843696,271951,40272,4,EM,1,100,RS,RB,2025-10-02_16-33-39-199329.csv,PS
1759437344.044700,272152,40307,4,EM,1,100,RS,RB,2025-10-02_16-33-39-199329.csv,PS
1759437344.245704,272353,40338,4,EM,1,100,RS,RB,2025-10-02_16-33-39-199329.csv,PS
1759437344.446708,272554,40369,4,EM,1,100,RS,RB,2025-10-02_16-33-39-199329.csv,PS
1759437344.647712,272755,40401,4,EM,1,100,RS,RB,2025-10-02_16-33-39-199329.csv,PS
1759437344.848716,272956,40431,4,EM,1,100,RS,RB,2025-10-02_16-33-39-199329.csv,PS
1759437345.049721,273157,40463,4,EM,1,100,RS,RB,2025-10-02_16-33-39-199329.csv,PS
1759437345.252725,273360,40493,4,EM,1,100,RS,RB,2025-10-02_16-33-39-199329.csv,PS
1759437345.453729,273561,40525,4,EM,1,100,RS,RB,2025-10-02_16-33-39-199329.csv,PS
1759437345.654733,273762,40557,4,EM,1,100,RS,RB,2025-10-02_16-33-39-199329.csv,PS
1759437345.933738,274041,40592,4,EM,1,100,RS,RB,2025-10-02_16-33-39-199329.csv,PS
1759437346.134742,274242,40626,4,EM,1,100,RS,RB,2025-10-02_16-33-39-199329.csv,PS
1759437346.335747,274443,40657,4,EM,1,100,RS,RB,2025-10-02_16-33-39-199329.csv,PS
1759437346.536751,274644,40688,4,EM,1,100,RS,RB,2025-10-02_16-33-39-199329.csv,PS
1759437346.737755,274845,40719,4,EM,1,100,RS,RB,2025-10-02_16-33-39-199329.csv,PS
1759437346.938759,275046,40750,4,EM,1,100,RS,RB,2025-10-02_16-33-39-199329.csv,PS
1759437347.139763,275247,40781,4,EM,1,100,RS,RB,2025-10-02_16-33-39-199329.csv,PS
1759437347.340767,275448,40813,4,EM,1,100,RS,RB,2025-10-02_16-33-39-199329.csv,PS
1759437347.541771,275649,40844,4,EM,1,100,RS,RB,2025-10-02_16-33-39-199329.csv,PS
1759437347.742775,275850,40875,4,EM,1,100,RS,RB,2025-10-02_16-33-39-199329.csv,PS
1759437347.943779,276051,40907,4,EM,1,100,RS,RB,2025-10-02_16-33-39-199329.csv,PS
1759437348.146784,276254,40937,4,EM,1,100,RS,RB,2025-10-02_16-33-39-199329.csv,PS
1759437348.347788,276455,40969,4,EM,1,100,RS,RB,2025-10-02_16-33-39-199329.csv,PS
1759437348.548792,276656,41001,4,EM,1,100,RS,RB,2025-10-02_16-33-39-199329.csv,PS
1759437348.749796,276857,41033,4,EM,1,100,RS,RB,2025-10-02_16-33-39-199329.csv,PS
1759437348.950800,277058,41066,4,EM,1,100,RS,RB,2025-10-02_16-33-39-199329.csv,PS
1759437349.151804,277259,41097,4,EM,1,100,RS,RB,2025-10-02_16-33-39-199329.csv,PS
1759437349.352808,277460,41128,4,EM,1,100,RS,RB,2025-10-02_16-33-39-199329.csv,PS
1759437349.553813,277661,41161,4,EM,1,100,RS,RB,2025-10-02_16-33-39-199329.csv,PS
1759437349.754817,277862,41192,4,EM,1,100,RS,RB,2025-10-02_16-33-39-199329.csv,PS
1759437349.955821,278063,41224,4,EM,1,100,RS,RB,2025-10-02_16-33-39-199329.csv,PS
1759437350.156825,278264,41254,4,EM,1,100,RS,RB,2025-10-02_16-33-39-199329.csv,PS
1759437350.359829,278467,41286,4,EM,1,100,RS,RB,2025-10-02_16-33-39-199329.csv,PS
1759437350.560833,278668,41316,4,EM,1,100,RS,RB,2025-10-02_16-33-39-199329.csv,PS
1759437350.761837,278869,41348,4,EM,1,100,RS,RB,2025-10-02_16-33-39-199329.csv,PS
1759437351.042843,279150,41386,4,EM,1,100,RS,RB,2025-10-02_16-33-39-199329.csv,PS
1759437351.244847,279352,41417,4,EM,1,100,RS,RB,2025-10-02_16-33-39-199329.csv,PS
1759437351.445851,279553,41451,4,EM,1,100,RS,RB,2025-10-02_16-33-39-199329.csv,PS
1759437351.646855,279754,41482,4,EM,1,100,RS,RB,2025-10-02_16-33-39-199329.csv,PS
1759437351.847859,279955,41513,4,EM,1,100,RS,RB,2025-10-02_16-33-39-199329.csv,PS
1759437352.048863,280156,41544,4,EM,1,100,RS,RB,2025-10-02_16-33-39-199329.csv,PS
1759437352.249867,280357,41577,4,EM,1,100,RS,RB,2025-10-02_16-33-39-199329.csv,PS
1759437352.453871,280561,41608,4,EM,1,100,RS,RB,2025-10-02_16-33-39-199329.csv,PS
1759437352.653876,280761,41640,4,EM,1,100,RS,RB,2025-10-02_16-33-39-199329.csv,PS
1759437352.854880,280962,41672,4,EM,1,100,RS,RB,2025-10-02_16-33-39-199329.csv,PS
1759437353.055884,281163,41704,4,EM,1,100,RS,RB,2025-10-02_16-33-39-199329.csv,PS
1759437353.256888,281364,41734,4,EM,1,100,RS,RB,2025-10-02_16-33-39-199329.csv,PS
1759437353.457892,281565,41766,4,EM,1,100,RS,RB,2025-10-02_16-33-39-199329.csv,PS
1759437353.658896,281766,41797,4,EM,1,100,RS,RB,2025-10-02_16-33-39-199329.csv,PS
1759437353.859900,281967,41828,4,EM,1,100,RS,RB,2025-10-02_16-33-39-199329.csv,PS
1759437354.060905,282168,41861,4,EM,1,100,RS,RB,2025-10-02_16-33-39-199329.csv,PS
1759437354.261909,282369,41892,4,EM,1,100,RS,RB,2025-10-02_16-33-39-199329.csv,PS
1759437354.462913,282570,41926,4,EM,1,100,RS,RB,2025-10-02_16-33-39-199329.csv,PS
1759437354.667917,282775,41957,4,EM,1,100,RS,RB,2025-10-02_16-33-39-199329.csv,PS
1759437354.868921,282976,41988,4,EM,1,100,RS,RB,2025-10-02_16-33-39-199329.csv,PS
1759437355.069925,283177,42021,4,EM,1,100,RS,RB,2025-10-02_16-33-39-199329.csv,PS
1759437355.270929,283378,42053,4,EM,1,100,RS,RB,2025-10-02_16-33-39-199329.csv,PS
1759437355.471933,283579,42085,4,EM,1,100,RS,RB,2025-10-02_16-33-39-199329.csv,PS
