peak_time,peak_time_from_segment_start_sec,ibi_sec,hr_bpm,emotibit_id,segment
63103.891465834306,0.9045584611521916,0.7336974184872815,81.77758090481831,EmotiBit_1,main_meditation
63105.05734118424,2.070433811088151,1.165875349935959,51.46347763789308,EmotiBit_1,main_meditation
63106.052355491505,3.065448118351924,0.9950143072637728,60.300640465156974,EmotiBit_1,main_meditation
63107.01721785007,4.030310476919112,0.9648623585671884,62.18503547915314,EmotiBit_1,main_meditation
63107.91172566166,4.924818288505776,0.8945078115866636,67.07599332595315,EmotiBit_1,main_meditation
63108.71577762713,5.728870253973582,0.8040519654678064,74.62204257543395,EmotiBit_1,main_meditation
63109.48967764389,6.502770270737528,0.773900016763946,77.5293948834493,EmotiBit_1,main_meditation
63110.404286754616,7.417379381462524,0.9146091107249958,65.60179567032628,EmotiBit_1,main_meditation
63111.37919976275,8.39229238959524,0.9749130081327166,61.543952639343686,EmotiBit_1,main_meditation
63112.41441666829,9.427509295135678,1.0352169055404374,57.95886801971888,EmotiBit_1,main_meditation
63113.29887383031,10.311966457156814,0.8844571620211354,67.83822052261951,EmotiBit_1,main_meditation
63114.13307774448,11.14617037132848,0.8342039141716668,71.92486031377322,EmotiBit_1,main_meditation
63114.93712970995,11.950222336796289,0.8040519654678064,74.62204257543395,EmotiBit_1,main_meditation
63115.76128297456,12.774375601409702,0.8241532646134146,72.8019927557336,EmotiBit_1,main_meditation
63116.595486888735,13.608579515581368,0.8342039141716668,71.92486031377322,EmotiBit_1,main_meditation
63117.53019729859,14.54328992543742,0.934710409856052,64.19100436598343,EmotiBit_1,main_meditation
63118.70612329809,15.719215924938908,1.1759259995014872,51.02361885478842,EmotiBit_1,main_meditation
63119.73128955407,16.744382180913817,1.0251662559749093,58.52709221582932,EmotiBit_1,main_meditation
63120.786607758746,17.799700385592587,1.0553182046787697,56.85488958116051,EmotiBit_1,main_meditation
63121.78162206602,18.794714692863636,0.9950143072710488,60.30064046471603,EmotiBit_1,main_meditation
63122.68618052717,19.699273154015827,0.9045584611521916,66.33070451143016,EmotiBit_1,main_meditation
63123.439979244795,20.45307187164144,0.7537987176256138,79.59684541384424,EmotiBit_1,main_meditation
63124.26413250941,21.277225136254856,0.8241532646134146,72.8019927557336,EmotiBit_1,main_meditation
63125.06818447488,22.08127710172994,0.8040519654750824,74.62204257475868,EmotiBit_1,main_meditation
63125.671223448975,22.684316075821695,0.6030389740917599,99.49605676874585,EmotiBit_1,main_meditation
63126.756693602365,23.769786229211604,1.085470153389906,55.275587092487946,EmotiBit_1,main_meditation
63127.78185985834,24.794952485186514,1.0251662559749093,58.52709221582932,EmotiBit_1,main_meditation
63128.96783650741,25.98092913425353,1.1859766490670154,50.591215305293595,EmotiBit_1,main_meditation
63130.00305341295,27.016146039793966,1.0352169055404374,57.95886801971888,EmotiBit_1,main_meditation
63131.06842226719,28.081514894038264,1.0653688542442978,56.318522698469565,EmotiBit_1,main_meditation
63131.912676830936,28.925769457782735,0.8442545637444709,71.06861197632814,EmotiBit_1,main_meditation
63132.79713399296,29.81022661980387,0.8844571620211354,67.83822052261951,EmotiBit_1,main_meditation
63133.56098336016,30.574075987009564,0.7638493672056939,78.54951849929705,EmotiBit_1,main_meditation
63134.22432623166,31.237418858509045,0.6633428714994807,90.45096069905829,EmotiBit_1,main_meditation
63135.159036641526,32.17212926837237,0.934710409863328,64.19100436548375,EmotiBit_1,main_meditation
63136.123899000086,33.136991626932286,0.9648623585599124,62.18503547962208,EmotiBit_1,main_meditation
63137.07871070909,34.091803335933946,0.9548117090016603,62.83961479979679,EmotiBit_1,main_meditation
63138.18428216161,35.19737478845491,1.1055714525209623,54.27057641836348,EmotiBit_1,main_meditation
63138.99838477664,36.01147740348824,0.8141026150333346,73.7007827908073,EmotiBit_1,main_meditation
63140.13410817787,37.147200804713066,1.1357234012248227,52.82976465510256,EmotiBit_1,main_meditation
63140.93816014334,37.95125277018815,0.8040519654750824,74.62204257475868,EmotiBit_1,main_meditation
63141.70200951054,38.715102137386566,0.7638493671984179,78.54951850004527,EmotiBit_1,main_meditation
63142.46585887773,39.47895150457771,0.7638493671911419,78.54951850079348,EmotiBit_1,main_meditation
63143.18950564665,40.20259827349946,0.7236467689217534,82.9133806392877,EmotiBit_1,main_meditation
63144.00360826169,41.01670088854007,0.8141026150406105,73.7007827901486,EmotiBit_1,main_meditation
63144.94836932112,41.96146194796893,0.9447610594288562,63.50812134051362,EmotiBit_1,main_meditation
63145.9735355771,42.98662820394384,1.0251662559749093,58.52709221582932,EmotiBit_1,main_meditation
63146.93839793566,43.95149056250375,0.9648623585599124,62.18503547962208,EmotiBit_1,main_meditation
63147.91331094379,44.92640357063647,0.9749130081327166,61.543952639343686,EmotiBit_1,main_meditation
63148.84802135365,45.861113980499795,0.934710409863328,64.19100436548375,EmotiBit_1,main_meditation
63149.501313575594,46.51440620244102,0.6532922219412285,91.84251393918744,EmotiBit_1,main_meditation
63150.40587203675,47.418964663593215,0.9045584611521916,66.33070451143016,EmotiBit_1,main_meditation
63151.471240891,48.48433351784479,0.5829376749679795,102.92695527578616,EmotiBit_1,main_meditation
63152.34564740345,49.35874003029312,0.8744065124483313,68.61797018414292,EmotiBit_1,main_meditation
63153.12959806978,50.14269069662987,0.7839506663367501,76.53542828194585,EmotiBit_1,main_meditation
63153.82309289,50.83618551684776,0.693494820217893,86.5183102321489,EmotiBit_1,main_meditation
63154.53668900935,51.54978163619671,0.7135961193489493,84.0811747333227,EmotiBit_1,main_meditation
63155.340740974825,52.353833601671795,0.8040519654750824,74.62204257475868,EmotiBit_1,main_meditation
63156.28550203425,53.298594661093375,0.9447610594215804,63.50812134100272,EmotiBit_1,main_meditation
63157.14985789713,54.16295052397618,0.8643558628828032,69.41585355814878,EmotiBit_1,main_meditation
63158.38608779404,55.399180420885386,1.236229896909208,48.53466183758421,EmotiBit_1,main_meditation
63159.42130469958,56.434397326425824,1.0352169055404374,57.95886801971888,EmotiBit_1,main_meditation
63160.42636965642,57.43946228326968,1.005064956843853,59.69763405980695,EmotiBit_1,main_meditation
63161.42138396369,58.43447659053345,0.9950143072637728,60.300640465156974,EmotiBit_1,main_meditation
63162.17518268132,59.18827530816634,0.7537987176328897,79.59684541307593,EmotiBit_1,main_meditation
63163.14004503988,60.15313766672625,0.9648623585599124,62.18503547962208,EmotiBit_1,main_meditation
63164.14510999672,61.158202623570105,1.005064956843853,59.69763405980695,EmotiBit_1,main_meditation
63164.92906066305,61.94215328989958,0.7839506663294742,76.53542828265618,EmotiBit_1,main_meditation
63165.70296067982,62.716053306663525,0.773900016763946,77.5293948834493,EmotiBit_1,main_meditation
63166.41655679917,63.42964942601975,0.7135961193562252,84.08117473246539,EmotiBit_1,main_meditation
63167.11005161939,64.12314424623764,0.693494820217893,86.5183102321489,EmotiBit_1,main_meditation
63167.84374903788,64.85684166472493,0.7336974184872815,81.77758090481831,EmotiBit_1,main_meditation
63168.59754775551,65.61064038235781,0.7537987176328897,79.59684541307593,EmotiBit_1,main_meditation
63169.86392960112,66.87702222796361,1.2663818456057925,47.37907465129375,EmotiBit_1,main_meditation
63170.899146506665,67.91223913351132,1.0352169055477134,57.95886801931152,EmotiBit_1,main_meditation
63171.93436341221,68.94745603905903,1.0352169055477134,57.95886801931152,EmotiBit_1,main_meditation
63172.6680608307,69.68115345754632,0.7336974184872815,81.77758090481831,EmotiBit_1,main_meditation
63173.88418942848,70.89728205532447,1.2161285977781515,49.33688765285109,EmotiBit_1,main_meditation
63174.818899838334,71.83199246518052,0.934710409856052,64.19100436598343,EmotiBit_1,main_meditation
63175.68325570122,72.69634832806332,0.8643558628828032,69.41585355814878,EmotiBit_1,main_meditation
63176.44710506841,73.46019769525446,0.7638493671911419,78.54951850079348,EmotiBit_1,main_meditation
63177.20090378604,74.21399641288735,0.7537987176328897,79.59684541307593,EmotiBit_1,main_meditation
63178.045158349785,75.05825097663183,0.8442545637444709,71.06861197632814,EmotiBit_1,main_meditation
63178.809007716976,75.82210034382297,0.7638493671911419,78.54951850079348,EmotiBit_1,main_meditation
63179.40199604152,76.41508866836375,0.5929883245407837,101.18243060934569,EmotiBit_1,main_meditation
63180.316605152235,77.32969777908147,0.91460911071772,65.60179567084816,EmotiBit_1,main_meditation
63181.27141686123,78.28450948807586,0.9548117089943844,62.83961480027565,EmotiBit_1,main_meditation
63182.2362792198,79.24937184664304,0.9648623585671884,62.18503547915314,EmotiBit_1,main_meditation
63183.31169872361,80.32479135046015,1.075419503817102,55.792181364607536,EmotiBit_1,main_meditation
63184.36701692829,81.38010955513892,1.0553182046787697,56.85488958116051,EmotiBit_1,main_meditation
63185.42233513297,82.43542775981769,1.0553182046787697,56.85488958116051,EmotiBit_1,main_meditation
63186.21633644887,83.22942907571996,0.7940013159022783,75.56662539257617,EmotiBit_1,main_meditation
63187.3822117988,84.39530442564865,1.1658753499286831,51.46347763821425,EmotiBit_1,main_meditation
63188.12595986686,85.13905249370873,0.7437480680600856,80.6724784596721,EmotiBit_1,main_meditation
63188.93001183234,85.94310445918381,0.8040519654750824,74.62204257475868,EmotiBit_1,main_meditation
63189.74411444737,86.75720707421715,0.8141026150333346,73.7007827908073,EmotiBit_1,main_meditation
63190.59841966068,87.61151228752715,0.8543052133099991,70.23251065919457,EmotiBit_1,main_meditation
63191.25171188263,88.26480450947565,0.6532922219485044,91.84251393816454,EmotiBit_1,main_meditation
63191.98540930112,88.99850192797021,0.7336974184945575,81.77758090400734,EmotiBit_1,main_meditation
63192.78946126659,89.80255389343802,0.8040519654678064,74.62204257543395,EmotiBit_1,main_meditation
63193.78447557386,90.79756820070908,0.9950143072710488,60.30064046471603,EmotiBit_1,main_meditation
63195.00060417163,92.01369679847994,1.2161285977708758,49.33688765314626,EmotiBit_1,main_meditation
63196.00566912847,93.01876175531652,1.005064956836577,59.69763406023912,EmotiBit_1,main_meditation
63197.101189931425,94.11428255827197,1.0955208029554342,54.768471614720035,EmotiBit_1,main_meditation
63198.1263561874,95.13944881424686,1.0251662559749093,58.52709221582932,EmotiBit_1,main_meditation
63199.1113198451,96.1244124719451,0.9849636576982448,60.915953122791976,EmotiBit_1,main_meditation
63200.046030254955,97.05912288180116,0.934710409856052,64.19100436598343,EmotiBit_1,main_meditation
63200.970690015245,97.98378264209168,0.924659760290524,64.88873267411168,EmotiBit_1,main_meditation
63201.86519782683,98.87829045367836,0.8945078115866636,67.07599332595315,EmotiBit_1,main_meditation
63202.71950304014,99.73259566698836,0.8543052133099991,70.23251065919457,EmotiBit_1,main_meditation
63203.49340305691,100.50649568375955,0.773900016771222,77.52939488272038,EmotiBit_1,main_meditation
63204.23715112497,101.25024375181964,0.7437480680600856,80.6724784596721,EmotiBit_1,main_meditation
63204.98089919303,101.99399181987974,0.7437480680600856,80.6724784596721,EmotiBit_1,main_meditation
63205.77490050893,102.78799313577474,0.7940013158950023,75.56662539326864,EmotiBit_1,main_meditation
63206.71966156836,103.7327541952036,0.9447610594288562,63.50812134051362,EmotiBit_1,main_meditation
63207.70462522606,104.71771785290912,0.9849636577055207,60.91595312234199,EmotiBit_1,main_meditation
63208.92075382383,105.93384645068,1.2161285977708758,49.33688765314626,EmotiBit_1,main_meditation
63209.97607202851,106.98916465535876,1.0553182046787697,56.85488958116051,EmotiBit_1,main_meditation
63210.96103568621,107.974128313057,0.9849636576982448,60.915953122791976,EmotiBit_1,main_meditation
63212.03645519003,109.04954781687412,1.075419503817102,55.792181364607536,EmotiBit_1,main_meditation
63212.97116559989,109.98425822673744,0.934710409863328,64.19100436548375,EmotiBit_1,main_meditation
63213.90587600975,110.91896863659348,0.934710409856052,64.19100436598343,EmotiBit_1,main_meditation
63214.80038382133,111.81347644818015,0.8945078115866636,67.07599332595315,EmotiBit_1,main_meditation
63215.75519553033,112.76828815717454,0.9548117089943844,62.83961480027565,EmotiBit_1,main_meditation
63216.66980464105,113.68289726789952,0.9146091107249958,65.60179567032628,EmotiBit_1,main_meditation
63217.5140592048,114.527151831644,0.8442545637444709,71.06861197632814,EmotiBit_1,main_meditation
63218.32816181983,115.34125444667734,0.8141026150333346,73.7007827908073,EmotiBit_1,main_meditation
63219.14226443487,116.15535706171796,0.8141026150406105,73.7007827901486,EmotiBit_1,main_meditation
63219.95636704991,116.96945967675856,0.8141026150406105,73.7007827901486,EmotiBit_1,main_meditation
63220.87097616063,117.88406878747628,0.91460911071772,65.60179567084816,EmotiBit_1,main_meditation
63222.02680086099,119.03989348783944,1.155824700363155,51.91098613928935,EmotiBit_1,main_meditation
63223.162524262225,120.17561688907152,1.1357234012320987,52.829764654764105,EmotiBit_1,main_meditation
63224.27814636431,121.29123899115802,1.1156221020864905,53.78165230662345,EmotiBit_1,main_meditation
63225.303312620286,122.31640524713292,0.542735076691315,110.55117418571692,EmotiBit_1,main_meditation
63226.36868147453,123.38177410137725,1.0653688542442978,56.318522698469565,EmotiBit_1,main_meditation
63227.34359448266,124.35668710950996,0.9749130081327166,61.543952639343686,EmotiBit_1,main_meditation
63228.27830489253,125.29139751937328,0.934710409863328,64.19100436548375,EmotiBit_1,main_meditation
63229.082356857994,126.09544948484108,0.8040519654678064,74.62204257543395,EmotiBit_1,main_meditation
63230.12762441311,127.14071703995432,1.0452675551132415,57.401571211592575,EmotiBit_1,main_meditation
63231.10253742124,128.11563004808704,0.9749130081327166,61.543952639343686,EmotiBit_1,main_meditation
63232.07745042937,129.09054305621976,0.9749130081327166,61.543952639343686,EmotiBit_1,main_meditation
63233.10261668535,130.11570931219467,1.0251662559749093,58.52709221582932,EmotiBit_1,main_meditation
63233.63530111247,130.64839373931318,0.5326844271185109,112.6370453977084,EmotiBit_1,main_meditation
63234.79112581283,131.80421843967633,1.155824700363155,51.91098613928935,EmotiBit_1,main_meditation
63235.98715311147,133.00024573831615,1.1960272986398195,50.16607904203769,EmotiBit_1,main_meditation
63236.95201547003,133.9651080968761,0.9648623585599124,62.18503547962208,EmotiBit_1,main_meditation
63237.9470297773,134.9601224041471,0.9950143072710488,60.30064046471603,EmotiBit_1,main_meditation
63238.78123369148,135.79432631832606,0.8342039141789428,71.92486031314589,EmotiBit_1,main_meditation
63239.61543760565,136.62853023249772,0.8342039141716668,71.92486031377322,EmotiBit_1,main_meditation
63240.41948957112,137.43258219796553,0.8040519654678064,74.62204257543395,EmotiBit_1,main_meditation
63241.313997382706,138.3270900095522,0.8945078115866636,67.07599332595315,EmotiBit_1,main_meditation
63242.148201296885,139.16129392373114,0.8342039141789428,71.92486031314589,EmotiBit_1,main_meditation
63243.09296235631,140.10605498316,0.9447610594288562,63.50812134051362,EmotiBit_1,main_meditation
63244.067875364446,141.0809679912927,0.9749130081327166,61.543952639343686,EmotiBit_1,main_meditation
63245.04278837257,142.05588099941815,0.9749130081254408,61.543952639803,EmotiBit_1,main_meditation
63245.91719488503,142.93028751187376,0.8744065124556073,68.61797018357196,EmotiBit_1,main_meditation
63246.69109490179,143.7041875286377,0.773900016763946,77.5293948834493,EmotiBit_1,main_meditation
63247.76651440561,144.7796070324548,1.075419503817102,55.792181364607536,EmotiBit_1,main_meditation
63248.64092091806,145.65401354490314,0.8744065124483313,68.61797018414292,EmotiBit_1,main_meditation
63249.424871584386,146.4379642112326,0.7839506663294742,76.53542828265618,EmotiBit_1,main_meditation
63250.35958199425,147.37267462109594,0.934710409863328,64.19100436548375,EmotiBit_1,main_meditation
63251.14353266058,148.1566252874254,0.7839506663294742,76.53542828265618,EmotiBit_1,main_meditation
63252.078243070435,149.0913356972815,0.934710409856052,64.19100436598343,EmotiBit_1,main_meditation
63252.72148464281,149.73457726965717,0.6432415723757003,93.2775532190814,EmotiBit_1,main_meditation
63253.76675219792,150.77984482476313,1.0452675551059656,57.401571211992135,EmotiBit_1,main_meditation
63254.6009561121,151.61404873894935,0.8342039141862188,71.92486031251856,EmotiBit_1,main_meditation
63255.45526132541,152.46835395225935,0.8543052133099991,70.23251065919457,EmotiBit_1,main_meditation
63256.319617188296,153.33270981514215,0.8643558628828032,69.41585355814878,EmotiBit_1,main_meditation
63257.103567854625,154.11666048147163,0.7839506663294742,76.53542828265618,EmotiBit_1,main_meditation
63257.85736657225,154.87045919909724,0.7537987176256138,79.59684541384424,EmotiBit_1,main_meditation
63258.69157048643,155.70466311327618,0.8342039141789428,71.92486031314589,EmotiBit_1,main_meditation
63259.51572375104,156.5288163778896,0.8241532646134146,72.8019927557336,EmotiBit_1,main_meditation
63260.279573118234,157.29266574508074,0.7638493671911419,78.54951850079348,EmotiBit_1,main_meditation
63261.16403028025,158.1771229070946,0.8844571620138595,67.83822052317758,EmotiBit_1,main_meditation
63261.947980946585,158.96107357343135,0.7839506663367501,76.53542828194585,EmotiBit_1,main_meditation
63262.75203291205,159.76512553889916,0.8040519654678064,74.62204257543395,EmotiBit_1,main_meditation
63263.58623682623,160.5993294530781,0.8342039141789428,71.92486031314589,EmotiBit_1,main_meditation
63264.4204407404,161.43353336724977,0.8342039141716668,71.92486031377322,EmotiBit_1,main_meditation
63265.24459400501,162.2576866318559,0.8241532646061387,72.80199275637631,EmotiBit_1,main_meditation
63265.98834207307,163.001434699916,0.7437480680600856,80.6724784596721,EmotiBit_1,main_meditation
63266.76224208983,163.77533471667994,0.773900016763946,77.5293948834493,EmotiBit_1,main_meditation
63267.49593950833,164.5090321351745,0.7336974184945575,81.77758090400734,EmotiBit_1,main_meditation
63268.26983952509,165.28293215193844,0.773900016763946,77.5293948834493,EmotiBit_1,main_meditation
63269.10404343926,166.1171360661101,0.8342039141716668,71.92486031377322,EmotiBit_1,main_meditation
63269.968399302146,166.9814919289929,0.8643558628828032,69.41585355814878,EmotiBit_1,main_meditation
63270.69204607107,167.70513869791466,0.7236467689217534,82.9133806392877,EmotiBit_1,main_meditation
63271.64685778006,168.65995040690905,0.9548117089943844,62.83961480027565,EmotiBit_1,main_meditation
63272.56146689079,169.57455951763404,0.9146091107249958,65.60179567032628,EmotiBit_1,main_meditation
63273.4157721041,170.42886473094404,0.8543052133099991,70.23251065919457,EmotiBit_1,main_meditation
63274.18967212086,171.202764747708,0.773900016763946,77.5293948834493,EmotiBit_1,main_meditation
63274.89321759065,171.90631021749869,0.7035454697906971,85.28233437115279,EmotiBit_1,main_meditation
63275.87818124835,172.89127387519693,0.9849636576982448,60.915953122791976,EmotiBit_1,main_meditation
63276.76263841037,173.7757310372181,0.8844571620211354,67.83822052261951,EmotiBit_1,main_meditation
63277.41593063231,174.4290232591593,0.6532922219412285,91.84251393918744,EmotiBit_1,main_meditation
63278.47124883699,175.48434146383806,1.0553182046787697,56.85488958116051,EmotiBit_1,main_meditation
63279.41600989642,176.42910252326692,0.9447610594288562,63.50812134051362,EmotiBit_1,main_meditation
63280.260264460165,177.2733570870114,0.8442545637444709,71.06861197632814,EmotiBit_1,main_meditation
63281.19497487002,178.20806749686744,0.934710409856052,64.19100436598343,EmotiBit_1,main_meditation
63282.08948268161,179.1025753084541,0.8945078115866636,67.07599332595315,EmotiBit_1,main_meditation
63283.12469958715,180.13779221399454,1.0352169055404374,57.95886801971888,EmotiBit_1,main_meditation
63284.129764543984,181.14285717083112,1.005064956836577,59.69763406023912,EmotiBit_1,main_meditation
63285.084576252986,182.0976688798328,0.9548117090016603,62.83961479979679,EmotiBit_1,main_meditation
63286.07959056025,183.09268318709655,0.9950143072637728,60.300640465156974,EmotiBit_1,main_meditation
63287.05450356838,184.06759619522927,0.9749130081327166,61.543952639343686,EmotiBit_1,main_meditation
63288.13997372177,185.1530663486192,1.085470153389906,55.275587092487946,EmotiBit_1,main_meditation
63288.954076336806,185.9671689636525,0.8141026150333346,73.7007827908073,EmotiBit_1,main_meditation
63290.01944519106,187.03253781790409,1.0653688542515738,56.318522698084934,EmotiBit_1,main_meditation
63290.964206250486,187.97729887733297,0.9447610594288562,63.50812134051362,EmotiBit_1,main_meditation
63291.8486634125,188.8617560393468,0.8844571620138595,67.83822052317758,EmotiBit_1,main_meditation
63292.78337382235,189.7964664491956,0.9347104098487762,64.1910043664831,EmotiBit_1,main_meditation
63293.436666044305,190.44975867115136,0.6532922219557804,91.84251393714165,EmotiBit_1,main_meditation
63294.542237496826,191.55533012367232,1.1055714525209623,54.27057641836348,EmotiBit_1,main_meditation
63295.64780894935,192.66090157619328,1.1055714525209623,54.27057641836348,EmotiBit_1,main_meditation
63296.592570008776,193.60566263562217,0.9447610594288562,63.50812134051362,EmotiBit_1,main_meditation
63297.50717911949,194.52027174633983,0.91460911071772,65.60179567084816,EmotiBit_1,main_meditation
63298.45194017892,195.46503280576871,0.9447610594288562,63.50812134051362,EmotiBit_1,main_meditation
63299.426853187055,196.43994581390143,0.9749130081327166,61.543952639343686,EmotiBit_1,main_meditation
63300.36156359692,197.37465622376476,0.934710409863328,64.19100436548375,EmotiBit_1,main_meditation
63301.26612205807,198.27921468491695,0.9045584611521916,66.33070451143016,EmotiBit_1,main_meditation
63302.2108831175,199.2239757443458,0.9447610594288562,63.50812134051362,EmotiBit_1,main_meditation
63303.20589742476,200.2189900516096,0.9950143072637728,60.300640465156974,EmotiBit_1,main_meditation
63304.24111433031,201.2542069571573,1.0352169055477134,57.95886801931152,EmotiBit_1,main_meditation
63305.1657740906,202.17886671744785,0.924659760290524,64.88873267411168,EmotiBit_1,main_meditation
63306.11053515002,203.1236277768694,0.9447610594215804,63.50812134100272,EmotiBit_1,main_meditation
63307.05529620945,204.06838883629823,0.9447610594288562,63.50812134051362,EmotiBit_1,main_meditation
63308.010107918446,205.02320054529264,0.9548117089943844,62.83961480027565,EmotiBit_1,main_meditation
63309.025223524855,206.038316151702,1.0151156064093811,59.10656837621595,EmotiBit_1,main_meditation
63309.56795860155,206.5810512283933,0.542735076691315,110.55117418571692,EmotiBit_1,main_meditation
63310.97504954112,207.98814216796745,0.9548117089943844,62.83961480027565,EmotiBit_1,main_meditation
63311.98011449796,208.99320712480403,1.005064956836577,59.69763406023912,EmotiBit_1,main_meditation
63313.00528075393,210.01837338077897,1.0251662559749093,58.52709221582932,EmotiBit_1,main_meditation
63313.64852232631,210.66161495315464,0.6432415723757003,93.2775532190814,EmotiBit_1,main_meditation
63314.945056120625,211.95814874747157,1.2965337943169288,46.27723570569223,EmotiBit_1,main_meditation
63315.98027302617,212.99336565301928,1.0352169055477134,57.95886801931152,EmotiBit_1,main_meditation
63316.83457823948,213.84767086632928,0.8543052133099991,70.23251065919457,EmotiBit_1,main_meditation
63317.74918735021,214.76227997705428,0.9146091107249958,65.60179567032628,EmotiBit_1,main_meditation
63318.553239315675,215.56633194252208,0.8040519654678064,74.62204257543395,EmotiBit_1,main_meditation
63319.42764582813,216.4407384549777,0.8744065124556073,68.61797018357196,EmotiBit_1,main_meditation
63320.281951041434,217.2950436682804,0.8543052133027231,70.23251065979272,EmotiBit_1,main_meditation
63321.04580040863,218.05889303547883,0.7638493671984179,78.54951850004527,EmotiBit_1,main_meditation
63321.92020692108,218.93329954792716,0.8744065124483313,68.61797018414292,EmotiBit_1,main_meditation
63322.68405628828,219.6971489151256,0.7638493671984179,78.54951850004527,EmotiBit_1,main_meditation
63323.71927319382,220.732365820666,1.0352169055404374,57.95886801971888,EmotiBit_1,main_meditation
63324.48312256102,221.49621518786444,0.7638493671984179,78.54951850004527,EmotiBit_1,main_meditation
63325.45803556915,222.47112819599715,0.9749130081327166,61.543952639343686,EmotiBit_1,main_meditation
63326.35254338074,223.36563600758384,0.8945078115866636,67.07599332595315,EmotiBit_1,main_meditation
63327.32745638887,224.34054901571653,0.9749130081327166,61.543952639343686,EmotiBit_1,main_meditation
63328.25211614916,225.26520877600703,0.924659760290524,64.88873267411168,EmotiBit_1,main_meditation
63329.08632006333,226.09941269017872,0.8342039141716668,71.92486031377322,EmotiBit_1,main_meditation
63330.061233071465,227.07432569831144,0.9749130081327166,61.543952639343686,EmotiBit_1,main_meditation
63331.096449977005,228.10954260385188,1.0352169055404374,57.95886801971888,EmotiBit_1,main_meditation
63331.97085648945,228.9839491163002,0.8744065124483313,68.61797018414292,EmotiBit_1,main_meditation
63332.74475650622,229.75784913306416,0.773900016763946,77.5293948834493,EmotiBit_1,main_meditation
63334.091543548384,231.10463617523055,1.3467870421663974,44.55047317910482,EmotiBit_1,main_meditation
63335.12676045392,232.13985308076371,1.0352169055331617,57.95886802012624,EmotiBit_1,main_meditation
63336.232331906445,233.24542453329195,1.1055714525282383,54.270576418006314,EmotiBit_1,main_meditation
63337.25749816242,234.2705907892669,1.0251662559749093,58.52709221582932,EmotiBit_1,main_meditation
63338.26256311926,235.27565574610344,1.005064956836577,59.69763406023912,EmotiBit_1,main_meditation
63339.297780024805,236.31087265165115,1.0352169055477134,57.95886801931152,EmotiBit_1,main_meditation
63340.041528092865,237.05462071971124,0.7437480680600856,80.6724784596721,EmotiBit_1,main_meditation
63341.368213835885,238.38130646273203,1.3266857430207892,45.225480348785055,EmotiBit_1,main_meditation
63342.37327879272,239.3863714195686,1.005064956836577,59.69763406023912,EmotiBit_1,main_meditation
63343.44869829654,240.4617909233857,1.075419503817102,55.792181364607536,EmotiBit_1,main_meditation
63344.48391520209,241.49700782893345,1.0352169055477134,57.95886801931152,EmotiBit_1,main_meditation
63345.358321714535,242.37141434138175,0.8744065124483313,68.61797018414292,EmotiBit_1,main_meditation
63346.17242432957,243.18551695641509,0.8141026150333346,73.7007827908073,EmotiBit_1,main_meditation
63347.04683084202,244.05992346886345,0.8744065124483313,68.61797018414292,EmotiBit_1,main_meditation
63348.061946448426,245.0750390752728,1.0151156064093811,59.10656837621595,EmotiBit_1,main_meditation
63348.8961503626,245.9092429894445,0.8342039141716668,71.92486031377322,EmotiBit_1,main_meditation
63349.81075947332,246.82385210016943,0.9146091107249958,65.60179567032628,EmotiBit_1,main_meditation
63350.82587507973,247.83896770657884,1.0151156064093811,59.10656837621595,EmotiBit_1,main_meditation
63351.82088938699,248.83398201383537,0.995014307256497,60.300640465597915,EmotiBit_1,main_meditation
63352.86615694211,249.87924956895583,1.0452675551205175,57.40157121119301,EmotiBit_1,main_meditation
63353.72046215542,250.73355478226583,0.8543052133099991,70.23251065919457,EmotiBit_1,main_meditation
63354.64512191571,251.6582145425564,0.924659760290524,64.88873267411168,EmotiBit_1,main_meditation
63355.36876868463,252.38186131147813,0.7236467689217534,82.9133806392877,EmotiBit_1,main_meditation
63356.78591027378,253.79900290062503,0.924659760290524,64.88873267411168,EmotiBit_1,main_meditation
63357.86132977759,254.87442240443488,1.075419503809826,55.79218136498501,EmotiBit_1,main_meditation
63358.96690123012,255.97999385696312,1.1055714525282383,54.270576418006314,EmotiBit_1,main_meditation
63359.51968695637,256.53277958321996,0.5527857262568432,108.54115283744127,EmotiBit_1,main_meditation
63360.35389087055,257.3669834973989,0.8342039141789428,71.92486031314589,EmotiBit_1,main_meditation
63361.21824673343,258.23133936027443,0.8643558628755272,69.41585355873312,EmotiBit_1,main_meditation
63361.982096100626,258.99518872747285,0.7638493671984179,78.54951850004527,EmotiBit_1,main_meditation
63362.94695845919,259.96005108604004,0.9648623585671884,62.18503547915314,EmotiBit_1,main_meditation
63363.49974418545,260.5128368122969,0.5527857262568432,108.54115283744127,EmotiBit_1,main_meditation
63364.68572083452,261.6988134613639,1.1859766490670154,50.591215305293595,EmotiBit_1,main_meditation
63365.519924748696,262.53301737554284,0.8342039141789428,71.92486031314589,EmotiBit_1,main_meditation
63366.464685808125,263.4777784349717,0.9447610594288562,63.50812134051362,EmotiBit_1,main_meditation
63367.40944686755,264.4225394943933,0.9447610594215804,63.50812134100272,EmotiBit_1,main_meditation
63368.38435987568,265.397452502526,0.9749130081327166,61.543952639343686,EmotiBit_1,main_meditation
63369.339171584674,266.3522642115204,0.9548117089943844,62.83961480027565,EmotiBit_1,main_meditation
63370.39448978936,267.4075824162064,1.0553182046860456,56.85488958076852,EmotiBit_1,main_meditation
63371.4297066949,268.44279932174686,1.0352169055404374,57.95886801971888,EmotiBit_1,main_meditation
63372.2237080108,269.23680063764914,0.7940013159022783,75.56662539257617,EmotiBit_1,main_meditation
63372.86694958318,269.88004221002484,0.6432415723757003,93.2775532190814,EmotiBit_1,main_meditation
63373.379532711166,270.3926253380123,0.5125831279874546,117.05418443165864,EmotiBit_1,main_meditation
63374.42480026627,271.43789289311826,1.0452675551059656,57.401571211992135,EmotiBit_1,main_meditation
63375.44996652225,272.46305914909317,1.0251662559749093,58.52709221582932,EmotiBit_1,main_meditation
63376.37462628254,273.3877189093837,0.924659760290524,64.88873267411168,EmotiBit_1,main_meditation
63377.38974188895,274.4028345157931,1.0151156064093811,59.10656837621595,EmotiBit_1,main_meditation
63378.28424970053,275.29734232737974,0.8945078115866636,67.07599332595315,EmotiBit_1,main_meditation
63379.259162708666,276.27225533551245,0.9749130081327166,61.543952639343686,EmotiBit_1,main_meditation
63380.17377181938,277.1868644462302,0.91460911071772,65.60179567084816,EmotiBit_1,main_meditation
63380.99792508399,278.0110177108363,0.8241532646061387,72.80199275637631,EmotiBit_1,main_meditation
63381.86228094687,278.8753735737191,0.8643558628828032,69.41585355814878,EmotiBit_1,main_meditation
63382.60602901493,279.6191216417792,0.7437480680600856,80.6724784596721,EmotiBit_1,main_meditation
63383.38997968127,280.40307230811595,0.7839506663367501,76.53542828194585,EmotiBit_1,main_meditation
63384.15382904846,281.1669216753071,0.7638493671911419,78.54951850079348,EmotiBit_1,main_meditation
63384.97798231307,281.99107493991323,0.8241532646061387,72.80199275637631,EmotiBit_1,main_meditation
63385.48051479149,282.49360741833516,0.5025324784219265,119.3952681196139,EmotiBit_1,main_meditation
63386.88760573106,283.9006983579093,0.934710409863328,64.19100436548375,EmotiBit_1,main_meditation
63387.78211354265,284.79520616949594,0.8945078115866636,67.07599332595315,EmotiBit_1,main_meditation
63388.334899268906,285.3479918957528,0.5527857262568432,108.54115283744127,EmotiBit_1,main_meditation
63388.96809019171,285.9811828185557,0.6331909228028962,94.7581493025875,EmotiBit_1,main_meditation
63389.92290190071,286.93599452755734,0.9548117090016603,62.83961479979679,EmotiBit_1,main_meditation
63390.89781490884,287.91090753569006,0.9749130081327166,61.543952639343686,EmotiBit_1,main_meditation
63391.71191752389,288.72501015073794,0.8141026150478865,73.7007827894899,EmotiBit_1,main_meditation
63392.33505779712,289.34815042396804,0.6231402732300921,96.2865065500994,EmotiBit_1,main_meditation
63393.44062924964,290.453721876489,1.1055714525209623,54.27057641836348,EmotiBit_1,main_meditation
63394.234630565545,291.2477231923913,0.7940013159022783,75.56662539257617,EmotiBit_1,main_meditation
63395.06883447971,292.08192710655567,0.8342039141643909,71.92486031440055,EmotiBit_1,main_meditation
63395.9331903426,292.94628296944575,0.8643558628900792,69.41585355756446,EmotiBit_1,main_meditation
63396.83774880375,293.85084143059794,0.9045584611521916,66.33070451143016,EmotiBit_1,main_meditation
63397.702104666634,294.71519729348074,0.8643558628828032,69.41585355814878,EmotiBit_1,main_meditation
63398.63681507649,295.6499077033368,0.934710409856052,64.19100436598343,EmotiBit_1,main_meditation
63399.52127223851,296.53436486535793,0.8844571620211354,67.83822052261951,EmotiBit_1,main_meditation
63400.49618524664,297.50927787348337,0.9749130081254408,61.543952639803,EmotiBit_1,main_meditation
63401.50125020348,298.5143428303272,1.005064956843853,59.69763405980695,EmotiBit_1,main_meditation
63402.456061912475,299.4691545393216,0.9548117089943844,62.83961480027565,EmotiBit_1,main_meditation
63403.44102557017,300.45411819701985,0.9849636576982448,60.915953122791976,EmotiBit_1,main_meditation
63404.44609052701,301.45918315385643,1.005064956836577,59.69763406023912,EmotiBit_1,main_meditation
63405.48130743256,302.49440005940414,1.0352169055477134,57.95886801931152,EmotiBit_1,main_meditation
63406.486372389394,303.4994650162407,1.005064956836577,59.69763406023912,EmotiBit_1,main_meditation
63407.300475004435,304.31356763128133,0.8141026150406105,73.7007827901486,EmotiBit_1,main_meditation
63408.154780217745,305.16787284459133,0.8543052133099991,70.23251065919457,EmotiBit_1,main_meditation
63408.83822438839,305.8513170152364,0.6834441706450889,87.79063832436705,EmotiBit_1,main_meditation
63410.32572052451,307.3388131513566,1.4874961361201713,40.33623922983605,EmotiBit_1,main_meditation
63411.36093743006,308.3740300569043,1.0352169055477134,57.95886801931152,EmotiBit_1,main_meditation
63411.97402705373,308.98711968057614,0.61308962367184,97.86497386900056,EmotiBit_1,main_meditation
63412.50671148085,309.51980410769465,0.5326844271185109,112.6370453977084,EmotiBit_1,main_meditation
63413.49167513855,310.5047677654002,0.9849636577055207,60.91595312234199,EmotiBit_1,main_meditation
63414.54699334323,311.56008597007894,1.0553182046787697,56.85488958116051,EmotiBit_1,main_meditation
63415.743020641865,312.7561132687115,1.1960272986325435,50.16607904234287,EmotiBit_1,main_meditation
63416.25560376985,313.26869639669894,0.5125831279874546,117.05418443165864,EmotiBit_1,main_meditation
63417.119959632735,314.13305225958175,0.8643558628828032,69.41585355814878,EmotiBit_1,main_meditation
63417.94411289734,314.9572055241879,0.8241532646061387,72.80199275637631,EmotiBit_1,main_meditation
63418.788367461086,315.80146008793236,0.8442545637444709,71.06861197632814,EmotiBit_1,main_meditation
63419.61252072569,316.6256133525385,0.8241532646061387,72.80199275637631,EmotiBit_1,main_meditation
63420.55728178512,317.57037441196735,0.9447610594288562,63.50812134051362,EmotiBit_1,main_meditation
63421.35128310102,318.36437572786963,0.7940013159022783,75.56662539257617,EmotiBit_1,main_meditation
63422.145284416925,319.1583770437719,0.7940013159022783,75.56662539257617,EmotiBit_1,main_meditation
63423.24080521987,320.25389784672006,1.0955208029481582,54.76847161508378,EmotiBit_1,main_meditation
63424.27602212542,321.2891147522678,1.0352169055477134,57.95886801931152,EmotiBit_1,main_meditation
63425.21073253528,322.22382516212383,0.934710409856052,64.19100436598343,EmotiBit_1,main_meditation
63426.09518969729,323.1082823241377,0.8844571620138595,67.83822052317758,EmotiBit_1,main_meditation
63427.009798808016,324.0228914348627,0.9146091107249958,65.60179567032628,EmotiBit_1,main_meditation
63427.8741546709,324.8872472977455,0.8643558628828032,69.41585355814878,EmotiBit_1,main_meditation
63428.698307935505,325.7114005623516,0.8241532646061387,72.80199275637631,EmotiBit_1,main_meditation
63429.56266379838,326.57575642522715,0.8643558628755272,69.41585355873312,EmotiBit_1,main_meditation
63430.39686771256,327.4099603394061,0.8342039141789428,71.92486031314589,EmotiBit_1,main_meditation
63431.16071707976,328.1738097066045,0.7638493671984179,78.54951850004527,EmotiBit_1,main_meditation
63431.99492099393,329.0080136207762,0.8342039141716668,71.92486031377322,EmotiBit_1,main_meditation
63432.94973270293,329.96282532977784,0.9548117090016603,62.83961479979679,EmotiBit_1,main_meditation
63433.95479765976,330.96789028660714,1.005064956829301,59.69763406067128,EmotiBit_1,main_meditation
63434.869406770486,331.88249939733214,0.9146091107249958,65.60179567032628,EmotiBit_1,main_meditation
63435.723711983796,332.73680461064214,0.8543052133099991,70.23251065919457,EmotiBit_1,main_meditation
63436.648371744086,333.66146437093266,0.924659760290524,64.88873267411168,EmotiBit_1,main_meditation
63437.593132803515,334.6062254303615,0.9447610594288562,63.50812134051362,EmotiBit_1,main_meditation
63438.517792563805,335.53088519065204,0.924659760290524,64.88873267411168,EmotiBit_1,main_meditation
63439.42235102496,336.43544365180423,0.9045584611521916,66.33070451143016,EmotiBit_1,main_meditation
63440.34701078525,337.36010341209476,0.924659760290524,64.88873267411168,EmotiBit_1,main_meditation
63441.39227834036,338.405370967208,1.0452675551132415,57.401571211592575,EmotiBit_1,main_meditation
63442.367191348494,339.3802839753407,0.9749130081327166,61.543952639343686,EmotiBit_1,main_meditation
63443.291851108785,340.30494373563124,0.924659760290524,64.88873267411168,EmotiBit_1,main_meditation
63444.19640956994,341.20950219678343,0.9045584611521916,66.33070451143016,EmotiBit_1,main_meditation
63445.12106933023,342.13416195707396,0.924659760290524,64.88873267411168,EmotiBit_1,main_meditation
63446.065830389656,343.0789230165028,0.9447610594288562,63.50812134051362,EmotiBit_1,main_meditation
63447.11109794477,344.12419057161605,1.0452675551132415,57.401571211592575,EmotiBit_1,main_meditation
63448.0860109529,345.09910357974877,0.9749130081327166,61.543952639343686,EmotiBit_1,main_meditation
63449.11117720888,346.1242698357237,1.0251662559749093,58.52709221582932,EmotiBit_1,main_meditation
63450.2167486614,347.22984128824464,1.1055714525209623,54.27057641836348,EmotiBit_1,main_meditation
63451.18161101996,348.19470364680456,0.9648623585599124,62.18503547962208,EmotiBit_1,main_meditation
63452.01581493414,349.0289075609835,0.8342039141789428,71.92486031314589,EmotiBit_1,main_meditation
63452.83996819874,349.85306082558964,0.8241532646061387,72.80199275637631,EmotiBit_1,main_meditation
63453.633969514645,350.6470621414919,0.7940013159022783,75.56662539257617,EmotiBit_1,main_meditation
63454.488274727955,351.5013673548019,0.8543052133099991,70.23251065919457,EmotiBit_1,main_meditation
63455.38278253954,352.3958751663886,0.8945078115866636,67.07599332595315,EmotiBit_1,main_meditation
63456.13658125717,353.1496738840142,0.7537987176256138,79.59684541384424,EmotiBit_1,main_meditation
63456.63911373559,353.6522063624361,0.5025324784219265,119.3952681196139,EmotiBit_1,main_meditation
63458.00600207689,355.0190947037336,1.3668883412974535,43.89531916194987,EmotiBit_1,main_meditation
63458.91056053804,355.92365316488576,0.9045584611521916,66.33070451143016,EmotiBit_1,main_meditation
63459.48344756344,356.4965401902882,0.5728870254024514,104.73269133272862,EmotiBit_1,main_meditation
63460.53876576812,357.551858394967,1.0553182046787697,56.85488958116051,EmotiBit_1,main_meditation
63461.37296968229,358.38606230913865,0.8342039141716668,71.92486031377322,EmotiBit_1,main_meditation
63462.11671775035,359.12981037719874,0.7437480680600856,80.6724784596721,EmotiBit_1,main_meditation
63462.981073613235,359.99416624008154,0.8643558628828032,69.41585355814878,EmotiBit_1,main_meditation
63463.765024279564,360.778116906411,0.7839506663294742,76.53542828265618,EmotiBit_1,main_meditation
63464.63943079201,361.65252341885935,0.8744065124483313,68.61797018414292,EmotiBit_1,main_meditation
63465.38317886007,362.39627148691943,0.7437480680600856,80.6724784596721,EmotiBit_1,main_meditation
63466.287737321225,363.3008299480716,0.9045584611521916,66.33070451143016,EmotiBit_1,main_meditation
63467.061637338,364.0747299648501,0.773900016778498,77.52939488199148,EmotiBit_1,main_meditation
63467.89584125217,364.9089338790145,0.8342039141643909,71.92486031440055,EmotiBit_1,main_meditation
63468.770247764616,365.7833403914629,0.8744065124483313,68.61797018414292,EmotiBit_1,main_meditation
63469.73511012318,366.74820275003,0.9648623585671884,62.18503547915314,EmotiBit_1,main_meditation
63470.60951663563,367.6226092624784,0.8744065124483313,68.61797018414292,EmotiBit_1,main_meditation
63471.46382184894,368.4769144757883,0.8543052133099991,70.23251065919457,EmotiBit_1,main_meditation
63472.45883615621,369.4719287830594,0.9950143072710488,60.30064046471603,EmotiBit_1,main_meditation
63473.41364786521,370.4267404920538,0.9548117089943844,62.83961480027565,EmotiBit_1,main_meditation
63474.27800372809,371.2910963549366,0.8643558628828032,69.41585355814878,EmotiBit_1,main_meditation
63475.26296738579,372.2760600126349,0.9849636576982448,60.915953122791976,EmotiBit_1,main_meditation
63476.19767779565,373.2107704224982,0.934710409863328,64.19100436548375,EmotiBit_1,main_meditation
63477.152489504646,374.16558213149256,0.9548117089943844,62.83961480027565,EmotiBit_1,main_meditation
63478.15755446148,375.17064708832913,1.005064956836577,59.69763406023912,EmotiBit_1,main_meditation
63479.172670067885,376.1857626947312,1.0151156064021052,59.1065683766396,EmotiBit_1,main_meditation
63480.187785674294,377.2008783011406,1.0151156064093811,59.10656837621595,EmotiBit_1,main_meditation
63481.12249608415,378.1355887109967,0.934710409856052,64.19100436598343,EmotiBit_1,main_meditation
63482.1878649384,379.20095756524825,1.0653688542515738,56.318522698084934,EmotiBit_1,main_meditation
63483.21303119438,380.2261238212231,1.0251662559749093,58.52709221582932,EmotiBit_1,main_meditation
63484.288450698186,381.301543325033,1.075419503809826,55.79218136498501,EmotiBit_1,main_meditation
63485.3337182533,382.3468108801462,1.0452675551132415,57.401571211592575,EmotiBit_1,main_meditation
63486.358884509275,383.37197713612113,1.0251662559749093,58.52709221582932,EmotiBit_1,main_meditation
63487.394101414815,384.4071940416616,1.0352169055404374,57.95886801971888,EmotiBit_1,main_meditation
63487.99714038892,385.0102330157679,0.6030389741063118,99.49605676634492,EmotiBit_1,main_meditation
63489.715801465114,386.7288940919607,1.2663818456203444,47.37907465074933,EmotiBit_1,main_meditation
63490.52990408015,387.542996706994,0.8141026150333346,73.7007827908073,EmotiBit_1,main_meditation
63491.50481708828,388.51790971512673,0.9749130081327166,61.543952639343686,EmotiBit_1,main_meditation
63492.489780745986,389.50287337283225,0.9849636577055207,60.91595312234199,EmotiBit_1,main_meditation
63493.41444050627,390.4275331331155,0.924659760283248,64.88873267462228,EmotiBit_1,main_meditation
63494.24864442045,391.2617370472945,0.8342039141789428,71.92486031314589,EmotiBit_1,main_meditation
63495.06274703549,392.07583966233506,0.8141026150406105,73.7007827901486,EmotiBit_1,main_meditation
63496.03766004362,393.0507526704678,0.9749130081327166,61.543952639343686,EmotiBit_1,main_meditation
63497.02262370132,394.035716328166,0.9849636576982448,60.915953122791976,EmotiBit_1,main_meditation
63497.95733411118,394.97042673802935,0.934710409863328,64.19100436548375,EmotiBit_1,main_meditation
63499.00260166629,396.0156942931353,1.0452675551059656,57.401571211992135,EmotiBit_1,main_meditation
63500.078021170106,397.0911137969524,1.075419503817102,55.792181364607536,EmotiBit_1,main_meditation
63501.07303547738,398.08612810422346,0.9950143072710488,60.30064046471603,EmotiBit_1,main_meditation
63502.09820173335,399.1112943601984,1.0251662559749093,58.52709221582932,EmotiBit_1,main_meditation
63503.113317339754,400.1264099666005,1.0151156064021052,59.1065683766396,EmotiBit_1,main_meditation
63504.13848359573,401.1515762225754,1.0251662559749093,58.52709221582932,EmotiBit_1,main_meditation
63505.01289010818,402.0259827350237,0.8744065124483313,68.61797018414292,EmotiBit_1,main_meditation
63505.84709402235,402.8601866491954,0.8342039141716668,71.92486031377322,EmotiBit_1,main_meditation
63506.610943389554,403.6240360164011,0.7638493672056939,78.54951849929705,EmotiBit_1,main_meditation
63507.36474210718,404.3778347340267,0.7537987176256138,79.59684541384424,EmotiBit_1,main_meditation
63508.028084978694,405.0411776055407,0.6633428715140326,90.45096069707404,EmotiBit_1,main_meditation
63509.01304863639,406.02614126323897,0.9849636576982448,60.915953122791976,EmotiBit_1,main_meditation
63509.82715125143,406.8402438782796,0.8141026150406105,73.7007827901486,EmotiBit_1,main_meditation
63510.78196296043,407.7950555872739,0.9548117089943844,62.83961480027565,EmotiBit_1,main_meditation
63511.837281165106,408.85037379195273,1.0553182046787697,56.85488958116051,EmotiBit_1,main_meditation
63512.84234612194,409.8554387487893,1.005064956836577,59.69763406023912,EmotiBit_1,main_meditation
63513.73685393353,410.749946560376,0.8945078115866636,67.07599332595315,EmotiBit_1,main_meditation
63514.66151369382,411.6746063206665,0.924659760290524,64.88873267411168,EmotiBit_1,main_meditation
63515.70678124893,412.71987387577974,1.0452675551132415,57.401571211592575,EmotiBit_1,main_meditation
63516.64149165879,413.6545842856358,0.934710409856052,64.19100436598343,EmotiBit_1,main_meditation
63517.60635401736,414.61944664421026,0.9648623585744645,62.18503547868421,EmotiBit_1,main_meditation
63518.520963128074,415.5340557549207,0.914609110710444,65.60179567137004,EmotiBit_1,main_meditation
63519.52602808492,416.53912071176455,1.005064956843853,59.69763405980695,EmotiBit_1,main_meditation
63520.48083979391,417.49393242075894,0.9548117089943844,62.83961480027565,EmotiBit_1,main_meditation
63521.52610734902,418.5391999758649,1.0452675551059656,57.401571211992135,EmotiBit_1,main_meditation
63522.51107100672,419.52416363356315,0.9849636576982448,60.915953122791976,EmotiBit_1,main_meditation
63523.57643986097,420.5895324878147,1.0653688542515738,56.318522698084934,EmotiBit_1,main_meditation
63524.57145416824,421.58454679508577,0.9950143072710488,60.30064046471603,EmotiBit_1,main_meditation
63525.52626587723,422.53935850408016,0.9548117089943844,62.83961480027565,EmotiBit_1,main_meditation
63526.430824338386,423.44391696523235,0.9045584611521916,66.33070451143016,EmotiBit_1,main_meditation
63527.335382799545,424.3484754263918,0.9045584611594676,66.33070451089661,EmotiBit_1,main_meditation
63528.32034645724,425.33343908409006,0.9849636576982448,60.915953122791976,EmotiBit_1,main_meditation
63529.45606985847,426.4691624853149,1.1357234012248227,52.82976465510256,EmotiBit_1,main_meditation
63530.531489362285,427.544581989132,1.075419503817102,55.792181364607536,EmotiBit_1,main_meditation
63531.50640237042,428.5194949972647,0.9749130081327166,61.543952639343686,EmotiBit_1,main_meditation
63532.471264728985,429.4843573558319,0.9648623585671884,62.18503547915314,EmotiBit_1,main_meditation
63533.40597513884,430.41906776568794,0.934710409856052,64.19100436598343,EmotiBit_1,main_meditation
63534.27033100173,431.283423628578,0.8643558628900792,69.41585355756446,EmotiBit_1,main_meditation
63535.04423101849,432.0573236453347,0.7739000167566701,77.5293948841782,EmotiBit_1,main_meditation
63536.39101806065,433.4041106874938,1.3467870421591217,44.5504731793455,EmotiBit_1,main_meditation
63537.426234966195,434.4393275930415,1.0352169055477134,57.95886801931152,EmotiBit_1,main_meditation
63538.12978043598,435.14287306282495,0.7035454697834211,85.28233437203477,EmotiBit_1,main_meditation
63538.70266746137,435.7157600882201,0.5728870253951754,104.73269133405876,EmotiBit_1,main_meditation
63539.46651682857,436.47960945541854,0.7638493671984179,78.54951850004527,EmotiBit_1,main_meditation
63540.47158178541,437.4846744122551,1.005064956836577,59.69763406023912,EmotiBit_1,main_meditation
63541.476646742245,438.4897393690917,1.005064956836577,59.69763406023912,EmotiBit_1,main_meditation
63542.51186364779,439.5249562746394,1.0352169055477134,57.95886801931152,EmotiBit_1,main_meditation
63543.54708055333,440.56017318017985,1.0352169055404374,57.95886801971888,EmotiBit_1,main_meditation
63544.381284467505,441.3943770943515,0.8342039141716668,71.92486031377322,EmotiBit_1,main_meditation
63545.00442474075,442.01751736759616,0.623140273244644,96.28650654785088,EmotiBit_1,main_meditation
63546.38136373161,443.39445635845914,1.376938990862982,43.57491537253632,EmotiBit_1,main_meditation
63547.43668193629,444.4497745631379,1.0553182046787697,56.85488958116051,EmotiBit_1,main_meditation
63548.44174689313,445.4548395199745,1.005064956836577,59.69763406023912,EmotiBit_1,main_meditation
63549.57747029436,446.5905629212066,1.1357234012320987,52.829764654764105,EmotiBit_1,main_meditation
63550.54233265292,447.5554252797665,0.9648623585599124,62.18503547962208,EmotiBit_1,main_meditation
63551.44689111407,448.4599837409187,0.9045584611521916,66.33070451143016,EmotiBit_1,main_meditation
63552.51225996832,449.52535259517026,1.0653688542515738,56.318522698084934,EmotiBit_1,main_meditation
63554.95456781344,451.9676604402848,0.8543052133099991,70.23251065919457,EmotiBit_1,main_meditation
63555.63801198409,452.6511046109372,0.6834441706523648,87.79063832343243,EmotiBit_1,main_meditation
63556.54257044524,453.5556630720894,0.9045584611521916,66.33070451143016,EmotiBit_1,main_meditation
63557.26621721416,454.27930984100385,0.7236467689144774,82.91338064012135,EmotiBit_1,main_meditation
63558.2411302223,455.25422284914384,0.9749130081399926,61.54395263888437,EmotiBit_1,main_meditation
63559.39695492266,456.410047549507,1.155824700363155,51.91098613928935,EmotiBit_1,main_meditation
63560.33166533252,457.34475795936305,0.934710409856052,64.19100436598343,EmotiBit_1,main_meditation
63562.00007316087,459.01316578771366,1.1759259994942113,51.023618855104125,EmotiBit_1,main_meditation
63562.964935519434,459.9780281462809,0.9648623585671884,62.18503547915314,EmotiBit_1,main_meditation
63564.03030437368,461.04339700052515,1.0653688542442978,56.318522698469565,EmotiBit_1,main_meditation
63565.5178005098,462.5308931366453,1.0251662559749093,58.52709221582932,EmotiBit_1,main_meditation
63566.29170052657,463.30479315341654,0.773900016771222,77.52939488272038,EmotiBit_1,main_meditation
63567.29676548341,464.3098581102531,1.005064956836577,59.69763406023912,EmotiBit_1,main_meditation
63568.53299538032,465.5460880071696,1.236229896916484,48.53466183729855,EmotiBit_1,main_meditation
63569.276743448376,466.2898360752224,0.7437480680528097,80.6724784604613,EmotiBit_1,main_meditation
63570.52302399485,467.53611662169715,1.2462805464747362,48.14325327448757,EmotiBit_1,main_meditation
63571.15621491766,468.1693075445073,0.6331909228101722,94.75814930149863,EmotiBit_1,main_meditation
63572.1612798745,469.1743725013439,1.005064956836577,59.69763406023912,EmotiBit_1,main_meditation
63573.00553443824,470.0186270650884,0.8442545637444709,71.06861197632814,EmotiBit_1,main_meditation
63573.869890301125,470.8829829279712,0.8643558628828032,69.41585355814878,EmotiBit_1,main_meditation
63574.80460071098,471.8176933378272,0.934710409856052,64.19100436598343,EmotiBit_1,main_meditation
63575.81971631739,472.8328089442366,1.0151156064093811,59.10656837621595,EmotiBit_1,main_meditation
63576.754426727246,473.76751935409266,0.934710409856052,64.19100436598343,EmotiBit_1,main_meditation
63577.64893453883,474.6620271656793,0.8945078115866636,67.07599332595315,EmotiBit_1,main_meditation
63578.664050145235,475.6771427720814,1.0151156064021052,59.1065683766396,EmotiBit_1,main_meditation
63579.63896315337,476.65205578021414,0.9749130081327166,61.543952639343686,EmotiBit_1,main_meditation
63580.674180058915,477.68727268576185,1.0352169055477134,57.95886801931152,EmotiBit_1,main_meditation
63581.639042417475,478.65213504432177,0.9648623585599124,62.18503547962208,EmotiBit_1,main_meditation
63582.51344892992,479.5265415567701,0.8744065124483313,68.61797018414292,EmotiBit_1,main_meditation
63583.3476528441,480.36074547094904,0.8342039141789428,71.92486031314589,EmotiBit_1,main_meditation
63584.20195805741,481.21505068425904,0.8543052133099991,70.23251065919457,EmotiBit_1,main_meditation
63585.247225612526,482.2603182393723,1.0452675551132415,57.401571211592575,EmotiBit_1,main_meditation
63586.171885372816,483.1849779996628,0.924659760290524,64.88873267411168,EmotiBit_1,main_meditation
63587.026190586126,484.0392832129728,0.8543052133099991,70.23251065919457,EmotiBit_1,main_meditation
63588.0513568421,485.0644494689477,1.0251662559749093,58.52709221582932,EmotiBit_1,main_meditation
63589.04637114937,486.0594637762187,0.9950143072710488,60.30064046471603,EmotiBit_1,main_meditation
63590.021284157505,487.0343767843515,0.9749130081327166,61.543952639343686,EmotiBit_1,main_meditation
63590.93589326822,487.9489858950692,0.91460911071772,65.60179567084816,EmotiBit_1,main_meditation
63591.870603678086,488.8836963049325,0.934710409863328,64.19100436548375,EmotiBit_1,main_meditation
63592.86561798535,489.8787106121963,0.9950143072637728,60.300640465156974,EmotiBit_1,main_meditation
63593.7701764465,490.7832690733485,0.9045584611521916,66.33070451143016,EmotiBit_1,main_meditation
63594.704886856365,491.7179794832118,0.934710409863328,64.19100436548375,EmotiBit_1,main_meditation
63595.68985051406,492.70294314091007,0.9849636576982448,60.915953122791976,EmotiBit_1,main_meditation
63596.70496612047,493.71805874731945,1.0151156064093811,59.10656837621595,EmotiBit_1,main_meditation
63597.54922068422,494.5623133110639,0.8442545637444709,71.06861197632814,EmotiBit_1,main_meditation
63598.353272649685,495.3663652765317,0.8040519654678064,74.62204257543395,EmotiBit_1,main_meditation
63599.167375264726,496.18046789157233,0.8141026150406105,73.7007827901486,EmotiBit_1,main_meditation
63599.880971384075,496.8940640109213,0.7135961193489493,84.0811747333227,EmotiBit_1,main_meditation
63600.63477010171,497.6478627285542,0.7537987176328897,79.59684541307593,EmotiBit_1,main_meditation
63601.398619468906,498.4117120957526,0.7638493671984179,78.54951850004527,EmotiBit_1,main_meditation
63602.654950664946,499.66804329179286,1.2563311960402643,47.75810724839874,EmotiBit_1,main_meditation
63603.77057276704,500.7836653938866,1.1156221020937664,53.78165230627269,EmotiBit_1,main_meditation
63604.77563772388,501.7887303507232,1.005064956836577,59.69763406023912,EmotiBit_1,main_meditation
63605.84100657813,502.8540992049748,1.0653688542515738,56.318522698084934,EmotiBit_1,main_meditation
63606.90637543237,503.919468059219,1.0653688542442978,56.318522698469565,EmotiBit_1,main_meditation
63607.92149103878,504.93458366562845,1.0151156064093811,59.10656837621595,EmotiBit_1,main_meditation
63608.8662520982,505.87934472505,0.9447610594215804,63.50812134100272,EmotiBit_1,main_meditation
63609.80096250807,506.81405513491336,0.934710409863328,64.19100436548375,EmotiBit_1,main_meditation
63610.8060274649,507.81912009174994,1.005064956836577,59.69763406023912,EmotiBit_1,main_meditation
63611.83119372088,508.8442863477249,1.0251662559749093,58.52709221582932,EmotiBit_1,main_meditation
63612.79605607944,509.8091487062848,0.9648623585599124,62.18503547962208,EmotiBit_1,main_meditation
63613.84132363455,510.854416261398,1.0452675551132415,57.401571211592575,EmotiBit_1,main_meditation
63614.796135343546,511.8092279703924,0.9548117089943844,62.83961480027565,EmotiBit_1,main_meditation
63615.84140289866,512.8544955255056,1.0452675551132415,57.401571211592575,EmotiBit_1,main_meditation
63616.554999018015,513.5680916448619,0.7135961193562252,84.08117473246539,EmotiBit_1,main_meditation
63618.07264710284,515.0857397296859,1.0553182046787697,56.85488958116051,EmotiBit_1,main_meditation
63619.12796530752,516.1410579343647,1.0553182046787697,56.85488958116051,EmotiBit_1,main_meditation
63620.22348611047,517.2365787373201,1.0955208029554342,54.768471614720035,EmotiBit_1,main_meditation
63620.75617053759,517.7692631644386,0.5326844271185109,112.6370453977084,EmotiBit_1,main_meditation
63621.308956263856,518.3220488907027,0.5527857262641191,108.54115283601264,EmotiBit_1,main_meditation
63622.28386927199,519.2969618988354,0.9749130081327166,61.543952639343686,EmotiBit_1,main_meditation
63623.38944072451,520.4025333513564,1.1055714525209623,54.27057641836348,EmotiBit_1,main_meditation
63623.94222645077,520.9553190776132,0.5527857262568432,108.54115283744127,EmotiBit_1,main_meditation
63624.56536672401,521.5784593508579,0.623140273244644,96.28650654785088,EmotiBit_1,main_meditation
63625.560381031275,522.5734736581217,0.9950143072637728,60.300640465156974,EmotiBit_1,main_meditation
63626.49509144114,523.508184067985,0.934710409863328,64.19100436548375,EmotiBit_1,main_meditation
63627.33934600488,524.3524386317295,0.8442545637444709,71.06861197632814,EmotiBit_1,main_meditation
63628.314259013016,525.3273516398622,0.9749130081327166,61.543952639343686,EmotiBit_1,main_meditation
63629.40977981597,526.4228724428176,1.0955208029554342,54.768471614720035,EmotiBit_1,main_meditation
63630.53545256762,527.5485451944696,1.1256727516520186,53.30145898259063,EmotiBit_1,main_meditation
63631.16864349043,528.1817361172798,0.6331909228101722,94.75814930149863,EmotiBit_1,main_meditation
63632.69634222482,529.7094348516694,1.0653688542442978,56.318522698469565,EmotiBit_1,main_meditation
63633.62100198511,530.6340946119599,0.924659760290524,64.88873267411168,EmotiBit_1,main_meditation
63634.60596564282,531.6190582696654,0.9849636577055207,60.91595312234199,EmotiBit_1,main_meditation
63635.59092930052,532.6040219273636,0.9849636576982448,60.915953122791976,EmotiBit_1,main_meditation
63636.49548776167,533.5085803885158,0.9045584611521916,66.33070451143016,EmotiBit_1,main_meditation
63638.31465533355,535.327747960393,0.8543052133099991,70.23251065919457,EmotiBit_1,main_meditation
63639.15890989729,536.1720025241375,0.8442545637444709,71.06861197632814,EmotiBit_1,main_meditation
63639.97301251233,536.9861051391781,0.8141026150406105,73.7007827901486,EmotiBit_1,main_meditation
63640.72681122996,537.7399038568037,0.7537987176256138,79.59684541384424,EmotiBit_1,main_meditation
63641.59116709284,538.6042597196865,0.8643558628828032,69.41585355814878,EmotiBit_1,main_meditation
63642.475624254854,539.4887168817004,0.8844571620138595,67.83822052317758,EmotiBit_1,main_meditation
63643.41033466471,540.4234272915564,0.934710409856052,64.19100436598343,EmotiBit_1,main_meditation
63644.45560221982,541.4686948466697,1.0452675551132415,57.401571211592575,EmotiBit_1,main_meditation
63645.35011003141,542.3632026582563,0.8945078115866636,67.07599332595315,EmotiBit_1,main_meditation
63646.284820441266,543.2979130681124,0.934710409856052,64.19100436598343,EmotiBit_1,main_meditation
63647.17932825285,544.1924208796991,0.8945078115866636,67.07599332595315,EmotiBit_1,main_meditation
63648.30500100451,545.3180936313584,1.1256727516592946,53.30145898224611,EmotiBit_1,main_meditation
63649.21961011524,546.2327027420833,0.9146091107249958,65.60179567032628,EmotiBit_1,main_meditation
63650.15432052509,547.1674131519394,0.934710409856052,64.19100436598343,EmotiBit_1,main_meditation
63651.06892963582,548.0820222626644,0.9146091107249958,65.60179567032628,EmotiBit_1,main_meditation
63651.9634374474,548.9765300742438,0.8945078115793876,67.07599332649875,EmotiBit_1,main_meditation
63652.83784395985,549.8509365866994,0.8744065124556073,68.61797018357196,EmotiBit_1,main_meditation
63653.48108553223,550.4941781590751,0.6432415723757003,93.2775532190814,EmotiBit_1,main_meditation
63654.40574529252,551.4188379193656,0.924659760290524,64.88873267411168,EmotiBit_1,main_meditation
63655.39070895022,552.4038015770639,0.9849636576982448,60.915953122791976,EmotiBit_1,main_meditation
63656.38572325749,553.3988158843349,0.9950143072710488,60.30064046471603,EmotiBit_1,main_meditation
63657.2701804195,554.2832730463488,0.8844571620138595,67.83822052317758,EmotiBit_1,main_meditation
63658.245093427635,555.2581860544815,0.9749130081327166,61.543952639343686,EmotiBit_1,main_meditation
63659.280310333175,556.2934029600219,1.0352169055404374,57.95886801971888,EmotiBit_1,main_meditation
63660.34567918743,557.3587718142735,1.0653688542515738,56.318522698084934,EmotiBit_1,main_meditation
63661.36079479383,558.3738874206756,1.0151156064021052,59.1065683766396,EmotiBit_1,main_meditation
63662.30555585326,559.3186484801045,0.9447610594288562,63.50812134051362,EmotiBit_1,main_meditation
63663.451329904055,560.4644225309021,1.1457740507976268,52.36634566669685,EmotiBit_1,main_meditation
63664.4865468096,561.4996394364498,1.0352169055477134,57.95886801931152,EmotiBit_1,main_meditation
63665.36095332205,562.3740459488981,0.8744065124483313,68.61797018414292,EmotiBit_1,main_meditation
63666.74794296248,563.7610355893266,1.38698964042851,43.259155116301386,EmotiBit_1,main_meditation
63667.80326116716,564.8163537940054,1.0553182046787697,56.85488958116051,EmotiBit_1,main_meditation
63668.86863002141,565.881722648257,1.0653688542515738,56.318522698084934,EmotiBit_1,main_meditation
63669.83349237997,566.8465850068169,0.9648623585599124,62.18503547962208,EmotiBit_1,main_meditation
63670.75815214026,567.7712447671074,0.924659760290524,64.88873267411168,EmotiBit_1,main_meditation
63671.5722547553,568.585347382148,0.8141026150406105,73.7007827901486,EmotiBit_1,main_meditation
63672.51701581473,569.5301084415769,0.9447610594288562,63.50812134051362,EmotiBit_1,main_meditation
63673.81354960905,570.8266422358938,1.2965337943169288,46.27723570569223,EmotiBit_1,main_meditation
63674.848766514595,571.8618591414415,1.0352169055477134,57.95886801931152,EmotiBit_1,main_meditation
63675.97443926625,572.9875318930935,1.1256727516520186,53.30145898259063,EmotiBit_1,main_meditation
63676.63778213776,573.6508747646076,0.6633428715140326,90.45096069707404,EmotiBit_1,main_meditation
63679.18059647856,576.1936891054065,0.9749130081327166,61.543952639343686,EmotiBit_1,main_meditation
63680.23591468324,577.2490073100853,1.0553182046787697,56.85488958116051,EmotiBit_1,main_meditation
63681.18067574267,578.1937683695141,0.9447610594288562,63.50812134051362,EmotiBit_1,main_meditation
63684.53759269851,581.5506853253537,1.2764324951858723,47.00601107092849,EmotiBit_1,main_meditation
63685.542657655344,582.5557502821903,1.005064956836577,59.69763406023912,EmotiBit_1,main_meditation
63686.336658971246,583.3497515980926,0.7940013159022783,75.56662539257617,EmotiBit_1,main_meditation
63687.47238237247,584.4854749993174,1.1357234012248227,52.82976465510256,EmotiBit_1,main_meditation
63688.21613044053,585.2292230673775,0.7437480680600856,80.6724784596721,EmotiBit_1,main_meditation
63689.34180319219,586.3548958190368,1.1256727516592946,53.30145898224611,EmotiBit_1,main_meditation
63690.45742529428,587.4705179211232,1.1156221020864905,53.78165230662345,EmotiBit_1,main_meditation
63691.28157855888,588.2946711857294,0.8241532646061387,72.80199275637631,EmotiBit_1,main_meditation
63692.49770715666,589.5107997835075,1.2161285977781515,49.33688765285109,EmotiBit_1,main_meditation
63693.25150587429,590.2645985011332,0.7537987176256138,79.59684541384424,EmotiBit_1,main_meditation
63693.75403835271,590.7671309795551,0.5025324784219265,119.3952681196139,EmotiBit_1,main_meditation
63694.49778642077,591.5108790476152,0.7437480680600856,80.6724784596721,EmotiBit_1,main_meditation
63695.36214228365,592.375234910498,0.8643558628828032,69.41585355814878,EmotiBit_1,main_meditation
63696.05563710386,593.0687297307086,0.693494820210617,86.51831023305664,EmotiBit_1,main_meditation
63696.77928387279,593.7923764996376,0.7236467689290293,82.91338063845403,EmotiBit_1,main_meditation
63697.49287999214,594.5059726189866,0.7135961193489493,84.0811747333227,EmotiBit_1,main_meditation
63698.2366280602,595.2497206870466,0.7437480680600856,80.6724784596721,EmotiBit_1,main_meditation
63699.13113587179,596.1442284986333,0.8945078115866636,67.07599332595315,EmotiBit_1,main_meditation
63699.91508653812,596.9281791649701,0.7839506663367501,76.53542828194585,EmotiBit_1,main_meditation
63702.67901516942,599.6921077962688,1.1256727516592946,53.30145898224611,EmotiBit_1,main_meditation
63703.94539701504,600.9584896418892,1.2663818456203444,47.37907465074933,EmotiBit_1,main_meditation
63704.78965157878,601.8027442056264,0.844254563737195,71.06861197694063,EmotiBit_1,main_meditation
63705.62385549296,602.6369481198053,0.8342039141789428,71.92486031314589,EmotiBit_1,main_meditation
63706.83998409073,603.8530767175762,1.2161285977708758,49.33688765314626,EmotiBit_1,main_meditation
63707.78474515016,604.797837777005,0.9447610594288562,63.50812134051362,EmotiBit_1,main_meditation
63708.749607508726,605.7627001355722,0.9648623585671884,62.18503547915314,EmotiBit_1,main_meditation
63709.55365947419,606.56675210104,0.8040519654678064,74.62204257543395,EmotiBit_1,main_meditation
63710.206951696135,607.2200443229813,0.6532922219412285,91.84251393918744,EmotiBit_1,main_meditation
63711.21201665298,608.2251092798251,1.005064956843853,59.69763405980695,EmotiBit_1,main_meditation
63711.81505562708,608.8281482539242,0.6030389740990358,99.49605676754538,EmotiBit_1,main_meditation
63712.74976603693,609.7628586637802,0.934710409856052,64.19100436598343,EmotiBit_1,main_meditation
63713.634223198955,610.6473158258013,0.8844571620211354,67.83822052261951,EmotiBit_1,main_meditation
63714.51868036097,611.5317729878152,0.8844571620138595,67.83822052317758,EmotiBit_1,main_meditation
63715.4634414204,612.4765340472441,0.9447610594288562,63.50812134051362,EmotiBit_1,main_meditation
63716.50870897551,613.5218016023573,1.0452675551132415,57.401571211592575,EmotiBit_1,main_meditation
63717.30271029141,614.3158029182596,0.7940013159022783,75.56662539257617,EmotiBit_1,main_meditation
63718.4183323935,615.4314250203461,1.1156221020864905,53.78165230662345,EmotiBit_1,main_meditation
63719.36309345293,616.3761860797749,0.9447610594288562,63.50812134051362,EmotiBit_1,main_meditation
63720.22744931581,617.2405419426577,0.8643558628828032,69.41585355814878,EmotiBit_1,main_meditation
63721.09180517869,618.1048978055333,0.8643558628755272,69.41585355873312,EmotiBit_1,main_meditation
63721.80540129804,618.8184939248895,0.7135961193562252,84.08117473246539,EmotiBit_1,main_meditation
63722.75016235747,619.7632549843183,0.9447610594288562,63.50812134051362,EmotiBit_1,main_meditation
63723.73512601517,620.7482186420166,0.9849636576982448,60.915953122791976,EmotiBit_1,main_meditation
63724.65978577546,621.6728784023071,0.924659760290524,64.88873267411168,EmotiBit_1,main_meditation
63725.56434423661,622.5774368634593,0.9045584611521916,66.33070451143016,EmotiBit_1,main_meditation
63726.519155945614,623.532248572461,0.9548117090016603,62.83961479979679,EmotiBit_1,main_meditation
63727.554372851155,624.5674654780014,1.0352169055404374,57.95886801971888,EmotiBit_1,main_meditation
63728.52928585929,625.5423784861341,0.9749130081327166,61.543952639343686,EmotiBit_1,main_meditation
63729.47404691872,626.4871395455702,0.9447610594361322,63.50812134002451,EmotiBit_1,main_meditation
63730.459010576415,627.4721032032612,0.9849636576909688,60.91595312324196,EmotiBit_1,main_meditation
63731.42387293498,628.4369655618284,0.9648623585671884,62.18503547915314,EmotiBit_1,main_meditation
63732.26812749872,629.2812201255656,0.844254563737195,71.06861197694063,EmotiBit_1,main_meditation
63733.232989857286,630.2460824841328,0.9648623585671884,62.18503547915314,EmotiBit_1,main_meditation
63734.15764961758,631.1707422444233,0.924659760290524,64.88873267411168,EmotiBit_1,main_meditation
63735.09236002743,632.1054526542794,0.934710409856052,64.19100436598343,EmotiBit_1,main_meditation
63735.90646264247,632.91955526932,0.8141026150406105,73.7007827901486,EmotiBit_1,main_meditation
63736.83112240277,633.8442150296178,0.9246597602978,64.88873267360108,EmotiBit_1,main_meditation
63737.896491257015,634.9095838838621,1.0653688542442978,56.318522698469565,EmotiBit_1,main_meditation
63738.640239325076,635.6533319519222,0.7437480680600856,80.6724784596721,EmotiBit_1,main_meditation
63739.57494973493,636.5880423617782,0.934710409856052,64.19100436598343,EmotiBit_1,main_meditation
63740.47950819608,637.4926008229231,0.9045584611449158,66.33070451196369,EmotiBit_1,main_meditation
63741.37401600767,638.3871086345171,0.8945078115939396,67.07599332540755,EmotiBit_1,main_meditation
63742.25847316968,639.2715657965236,0.8844571620065835,67.83822052373564,EmotiBit_1,main_meditation
63743.0826264343,640.0957190611443,0.8241532646206906,72.80199275509086,EmotiBit_1,main_meditation
63743.94698229717,640.9600749240199,0.8643558628755272,69.41585355873312,EmotiBit_1,main_meditation
63744.871642057464,641.8847346843104,0.924659760290524,64.88873267411168,EmotiBit_1,main_meditation
63745.70584597164,642.7189385984893,0.8342039141789428,71.92486031314589,EmotiBit_1,main_meditation
63746.56015118495,643.5732438117993,0.8543052133099991,70.23251065919457,EmotiBit_1,main_meditation
63747.45465899654,644.467751623386,0.8945078115866636,67.07599332595315,EmotiBit_1,main_meditation
63748.37931875683,645.3924113836765,0.924659760290524,64.88873267411168,EmotiBit_1,main_meditation
63749.23362397014,646.2467165969865,0.8543052133099991,70.23251065919457,EmotiBit_1,main_meditation
63750.13818243129,647.1512750581387,0.9045584611521916,66.33070451143016,EmotiBit_1,main_meditation
63751.02263959331,648.0357322201598,0.8844571620211354,67.83822052261951,EmotiBit_1,main_meditation
63751.93724870403,648.9503413308776,0.91460911071772,65.60179567084816,EmotiBit_1,main_meditation
63752.76140196864,649.7744945954837,0.8241532646061387,72.80199275637631,EmotiBit_1,main_meditation
63753.635808481085,650.648901107932,0.8744065124483313,68.61797018414292,EmotiBit_1,main_meditation
63754.61072148922,651.6238141160648,0.9749130081327166,61.543952639343686,EmotiBit_1,main_meditation
63755.45497605296,652.4680686798092,0.8442545637444709,71.06861197632814,EmotiBit_1,main_meditation
63756.32938256541,653.3424751922576,0.8744065124483313,68.61797018414292,EmotiBit_1,main_meditation
63757.223890377,654.2369830038442,0.8945078115866636,67.07599332595315,EmotiBit_1,main_meditation
63758.14855013729,655.1616427641347,0.924659760290524,64.88873267411168,EmotiBit_1,main_meditation
63759.08326054715,656.0963531739981,0.934710409863328,64.19100436548375,EmotiBit_1,main_meditation
63759.99786965787,657.0109622847158,0.91460911071772,65.60179567084816,EmotiBit_1,main_meditation
63761.002934614706,658.0160272415524,1.005064956836577,59.69763406023912,EmotiBit_1,main_meditation
63761.97784762284,658.9909402496851,0.9749130081327166,61.543952639343686,EmotiBit_1,main_meditation
63763.04321647709,660.0563091039367,1.0653688542515738,56.318522698084934,EmotiBit_1,main_meditation
63763.93772428868,660.9508169155233,0.8945078115866636,67.07599332595315,EmotiBit_1,main_meditation
63764.852333399394,661.865426026241,0.91460911071772,65.60179567084816,EmotiBit_1,main_meditation
63765.75689186055,662.7699844873932,0.9045584611521916,66.33070451143016,EmotiBit_1,main_meditation
63766.65139967213,663.6644922989799,0.8945078115866636,67.07599332595315,EmotiBit_1,main_meditation
63767.48560358631,664.4986962131588,0.8342039141789428,71.92486031314589,EmotiBit_1,main_meditation
63768.32985815006,665.3429507769033,0.8442545637444709,71.06861197632814,EmotiBit_1,main_meditation
63769.34497375646,666.3580663833054,1.0151156064021052,59.1065683766396,EmotiBit_1,main_meditation
63770.49074780726,667.503840434103,1.1457740507976268,52.36634566669685,EmotiBit_1,main_meditation
63771.61642055891,668.6295131857551,1.1256727516520186,53.30145898259063,EmotiBit_1,main_meditation
63772.691840062726,669.7049326895722,1.075419503817102,55.792181364607536,EmotiBit_1,main_meditation
63773.76725956654,670.7803521933893,1.075419503817102,55.792181364607536,EmotiBit_1,main_meditation
63774.84267907036,671.8557716972064,1.075419503817102,55.792181364607536,EmotiBit_1,main_meditation
63775.91809857418,672.9311912010235,1.075419503817102,55.792181364607536,EmotiBit_1,main_meditation
63776.993518077994,674.0066107048406,1.075419503817102,55.792181364607536,EmotiBit_1,main_meditation
63777.97848173569,674.9915743625388,0.9849636576982448,60.915953122791976,EmotiBit_1,main_meditation
63779.05390123951,676.0669938663559,1.075419503817102,55.792181364607536,EmotiBit_1,main_meditation
63780.08911814506,677.1022107719036,1.0352169055477134,57.95886801931152,EmotiBit_1,main_meditation
63781.10423375146,678.1173263783057,1.0151156064021052,59.1065683766396,EmotiBit_1,main_meditation
63781.98869091347,679.0017835403196,0.8844571620138595,67.83822052317758,EmotiBit_1,main_meditation
63782.85304677635,679.8661394031951,0.8643558628755272,69.41585355873312,EmotiBit_1,main_meditation
63783.73750393838,680.7505965652235,0.8844571620284114,67.83822052206145,EmotiBit_1,main_meditation
63784.86317669003,681.8762693168756,0.6532922219412285,91.84251393918744,EmotiBit_1,main_meditation
63786.099406586945,683.112499213792,1.236229896916484,48.53466183729855,EmotiBit_1,main_meditation
63787.28538323601,684.298475862859,1.1859766490670154,50.591215305293595,EmotiBit_1,main_meditation
63787.89847285968,684.9115654865236,0.613089623664564,97.864973870162,EmotiBit_1,main_meditation
63788.58191703033,685.595009657176,0.6834441706523648,87.79063832343243,EmotiBit_1,main_meditation
63789.566880688035,686.5799733148815,0.9849636577055207,60.91595312234199,EmotiBit_1,main_meditation
63790.41113525177,687.4242278786187,0.844254563737195,71.06861197694063,EmotiBit_1,main_meditation
63791.40614955904,688.4192421858897,0.9950143072710488,60.30064046471603,EmotiBit_1,main_meditation
63792.35091061847,689.3640032453186,0.9447610594288562,63.50812134051362,EmotiBit_1,main_meditation
63793.2956716779,690.3087643047475,0.9447610594288562,63.50812134051362,EmotiBit_1,main_meditation
63794.290685985165,691.3037786120112,0.9950143072637728,60.300640465156974,EmotiBit_1,main_meditation
63795.175143147186,692.1882357740324,0.8844571620211354,67.83822052261951,EmotiBit_1,main_meditation
63796.03949901007,693.0525916369152,0.8643558628828032,69.41585355814878,EmotiBit_1,main_meditation
63797.00436136863,694.0174539954751,0.9648623585599124,62.18503547962208,EmotiBit_1,main_meditation
63798.11998347072,695.1330760975688,1.1156221020937664,53.78165230627269,EmotiBit_1,main_meditation
63799.1753016754,696.1883943022476,1.0553182046787697,56.85488958116051,EmotiBit_1,main_meditation
63800.14016403396,697.1532566608075,0.9648623585599124,62.18503547962208,EmotiBit_1,main_meditation
63801.06482379425,698.077916421098,0.924659760290524,64.88873267411168,EmotiBit_1,main_meditation
63801.87892640929,698.8920190361387,0.8141026150406105,73.7007827901486,EmotiBit_1,main_meditation
63802.944295263536,699.957387890383,1.0653688542442978,56.318522698469565,EmotiBit_1,main_meditation
63803.79860047685,700.8116931037002,0.854305213317275,70.23251065859641,EmotiBit_1,main_meditation
63804.6428550406,701.6559476674447,0.8442545637444709,71.06861197632814,EmotiBit_1,main_meditation
63805.647919997435,702.6610126242813,1.005064956836577,59.69763406023912,EmotiBit_1,main_meditation
63806.46202261247,703.4751152393146,0.8141026150333346,73.7007827908073,EmotiBit_1,main_meditation
63807.41683432147,704.4299269483163,0.9548117090016603,62.83961479979679,EmotiBit_1,main_meditation
63808.281190184345,705.2942828111918,0.8643558628755272,69.41585355873312,EmotiBit_1,main_meditation
63808.9947863037,706.007878930548,0.7135961193562252,84.08117473246539,EmotiBit_1,main_meditation
63810.01995255968,707.0330451865302,1.0251662559821852,58.52709221541393,EmotiBit_1,main_meditation
63811.02501751651,708.0381101433595,1.005064956829301,59.69763406067128,EmotiBit_1,main_meditation
63811.93962662724,708.9527192540845,0.9146091107249958,65.60179567032628,EmotiBit_1,main_meditation
63812.75372924227,709.7668218691178,0.8141026150333346,73.7007827908073,EmotiBit_1,main_meditation
63813.71859160084,710.731684227685,0.9648623585671884,62.18503547915314,EmotiBit_1,main_meditation
63814.67340330983,711.6864959366794,0.9548117089943844,62.83961480027565,EmotiBit_1,main_meditation
63815.69856956581,712.7116621926543,1.0251662559749093,58.52709221582932,EmotiBit_1,main_meditation
63816.69358387308,713.7066764999254,0.9950143072710488,60.30064046471603,EmotiBit_1,main_meditation
63817.49763583855,714.5107284653932,0.8040519654678064,74.62204257543395,EmotiBit_1,main_meditation
63819.24644886344,716.2595414902898,0.8141026150333346,73.7007827908073,EmotiBit_1,main_meditation
63819.87963978625,716.8927324131,0.6331909228101722,94.75814930149863,EmotiBit_1,main_meditation
63820.77414759784,717.7872402246867,0.8945078115866636,67.07599332595315,EmotiBit_1,main_meditation
63821.57819956331,718.5912921901545,0.8040519654678064,74.62204257543395,EmotiBit_1,main_meditation
63822.39230217835,719.4053948051951,0.8141026150406105,73.7007827901486,EmotiBit_1,main_meditation
63823.16620219511,720.179294821959,0.773900016763946,77.5293948834493,EmotiBit_1,main_meditation
63823.889848964034,720.9029415908808,0.7236467689217534,82.9133806392877,EmotiBit_1,main_meditation
63824.65369833123,721.6667909580792,0.7638493671984179,78.54951850004527,EmotiBit_1,main_meditation
63825.668813937635,722.6819065644813,1.0151156064021052,59.1065683766396,EmotiBit_1,main_meditation
63826.49296720224,723.5060598290875,0.8241532646061387,72.80199275637631,EmotiBit_1,main_meditation
63827.246765919874,724.2598585467204,0.7537987176328897,79.59684541307593,EmotiBit_1,main_meditation
63828.080969834045,725.094062460892,0.8342039141716668,71.92486031377322,EmotiBit_1,main_meditation
63828.915173748224,725.928266375071,0.8342039141789428,71.92486031314589,EmotiBit_1,main_meditation
63829.73932701283,726.7524196396771,0.8241532646061387,72.80199275637631,EmotiBit_1,main_meditation
63830.5433789783,727.5564716051449,0.8040519654678064,74.62204257543395,EmotiBit_1,main_meditation
63831.41778549075,728.4308781175932,0.8744065124483313,68.61797018414292,EmotiBit_1,main_meditation
63832.35249590061,729.3655885274566,0.934710409863328,64.19100436548375,EmotiBit_1,main_meditation
63833.287206310466,730.3002989373126,0.934710409856052,64.19100436598343,EmotiBit_1,main_meditation
63834.13146087421,731.1445535010571,0.8442545637444709,71.06861197632814,EmotiBit_1,main_meditation
63835.0259686858,732.0390613126438,0.8945078115866636,67.07599332595315,EmotiBit_1,main_meditation
63835.99083104436,733.0039236712037,0.9648623585599124,62.18503547962208,EmotiBit_1,main_meditation
63836.8350856081,733.8481782349481,0.8442545637444709,71.06861197632814,EmotiBit_1,main_meditation
63837.74969471883,734.7627873456731,0.9146091107249958,65.60179567032628,EmotiBit_1,main_meditation
63838.553746684294,735.5668393111409,0.8040519654678064,74.62204257543395,EmotiBit_1,main_meditation
63839.568862290704,736.5819549175503,1.0151156064093811,59.10656837621595,EmotiBit_1,main_meditation
63840.39301555531,737.4061081821565,0.8241532646061387,72.80199275637631,EmotiBit_1,main_meditation
63841.50863765739,738.5217302842357,1.1156221020792143,53.7816523069742,EmotiBit_1,main_meditation
63842.23228442632,739.2453770531647,0.7236467689290293,82.91338063845403,EmotiBit_1,main_meditation
63843.21724808402,740.2303407108702,0.9849636577055207,60.91595312234199,EmotiBit_1,main_meditation
63844.18211044258,741.1952030694301,0.9648623585599124,62.18503547962208,EmotiBit_1,main_meditation
63845.09671955331,742.1098121801551,0.9146091107249958,65.60179567032628,EmotiBit_1,main_meditation
63845.991227364895,743.0043199917418,0.8945078115866636,67.07599332595315,EmotiBit_1,main_meditation
63846.96614037303,743.9792329998745,0.9749130081327166,61.543952639343686,EmotiBit_1,main_meditation
63847.87069883418,744.8837914610267,0.9045584611521916,66.33070451143016,EmotiBit_1,main_meditation
63848.825510543174,745.8386031700211,0.9548117089943844,62.83961480027565,EmotiBit_1,main_meditation
63849.7702716026,746.78336422945,0.9447610594288562,63.50812134051362,EmotiBit_1,main_meditation
63850.52407032023,747.5371629470756,0.7537987176256138,79.59684541384424,EmotiBit_1,main_meditation
63851.35827423441,748.3713668612545,0.8342039141789428,71.92486031314589,EmotiBit_1,main_meditation
63852.25278204599,749.2658746728339,0.8945078115793876,67.07599332649875,EmotiBit_1,main_meditation
63853.24779635326,750.2608889801049,0.9950143072710488,60.30064046471603,EmotiBit_1,main_meditation
63854.23276001096,751.2458526378032,0.9849636576982448,60.915953122791976,EmotiBit_1,main_meditation
63855.157419771254,752.170512398101,0.9246597602978,64.88873267360108,EmotiBit_1,main_meditation
63856.15243407852,753.1655267053648,0.9950143072637728,60.300640465156974,EmotiBit_1,main_meditation
