time_sec,EmotiBit_1,EmotiBit_2,EmotiBit_3,EmotiBit_4,EmotiBit_6,EmotiBit_7
1.4297016131531564,70.04827288421032,68.19604811456372,69.03174128543468,70.4068536724798,72.3107938711977,70.57436188283772
2.4297016131531564,65.49345572357821,66.79794993964504,79.6132055782571,65.76515700971396,76.63199627674642,77.2231231022389
3.4297016131531564,60.390060377023985,62.38177832745276,72.02184658485322,70.47992155403506,83.7618337623818,69.46629673569362
4.429701613153156,61.47017078749212,68.87200342164408,66.8060978966591,71.84185813973917,79.03070154876686,64.74070344524789
5.429701613153156,64.35962633752261,69.32706472575416,65.6617421776266,75.75416322276928,70.17289444345509,61.92574159794334
6.429701613153156,64.66568501387498,63.90334558881087,64.09332369404869,69.69254672891462,66.42562375649733,62.51257629421912
7.429701613153156,64.46574257312042,70.89213041258468,68.91793540895625,65.64842429958274,64.12097717434263,66.55432909878184
8.429701613153156,67.19030357251441,67.08644774455925,58.87938932157992,76.09862938587692,66.16512049956852,71.6755688908963
9.429701613153156,64.77239555332619,71.25812924313695,61.25938269219626,74.15240071571208,70.33133818983336,68.98713147770084
10.429701613153156,59.46550213629586,67.42980038280844,67.98756056703367,75.69156561316876,68.10337589497802,61.7731567412828
11.429701613153156,58.93623259320361,66.97071276874743,69.36790959907769,68.03849505385939,67.93674214449061,59.368903866248054
12.429701613153156,62.389128921815264,65.23100254420112,75.7854230416939,63.59580024408675,67.45968991125933,60.89604698226519
13.429701613153156,66.20733138581168,72.18036676794448,70.0892609687243,61.274557107172726,70.43694401435921,64.26629654349016
14.429701613153156,65.3476197013182,67.08597904207006,73.37156297044682,65.18112743388315,77.26914389839202,67.69079856245466
15.429701613153156,68.32625240596096,86.04125221246963,65.95201646902383,77.99153340201481,78.00550554607926,64.80526234630149
16.429701613153156,70.90159642626183,61.693491070567795,67.44555480638323,77.41450819147767,73.29160443148405,60.80597944877731
17.429701613153156,68.83255581789255,66.04692520517743,66.73958705696917,72.50072443646442,67.83733456627719,63.79372401841543
18.429701613153156,66.80534883199375,69.4299832480915,65.2233978590518,68.93232164749448,68.60608054459799,64.49826339314983
19.429701613153156,64.24927208192419,67.27851356990669,67.02349427482709,67.05315577315271,73.30556928175922,67.90069243742231
20.429701613153156,62.81552659549718,69.20813982557632,67.4455548066257,64.68259353534317,70.13388552762488,62.60155442047813
21.429701613153156,67.82804859869323,64.14145240360668,74.18891688754702,75.25535911939619,69.36534300826321,65.62987238173035
22.429701613153156,70.23251065873247,64.5295939147763,79.19707157267831,68.32417151914538,67.56618553144654,72.0958799655044
23.429701613153156,73.66494062764671,62.06963501796876,67.59151954443489,66.27744761759713,71.75235611614596,65.55212533151177
24.429701613153156,78.36545579084085,68.76485797733893,63.020398545868666,62.2772696847761,73.4208666317971,60.64326698443556
25.429701613153156,80.14835517578375,72.41578212457955,64.51313938044385,64.59660143197213,73.21740085125475,57.45935537757219
26.429701613153156,75.03191926322384,76.8107965319068,64.81252810317739,69.26964851692865,71.39108193396928,58.07652590845955
27.429701613153156,64.9789616414452,57.491652110721255,65.22207497778054,69.21828033609766,71.65749710319861,62.1957425389218
28.429701613153156,70.08468369571582,66.39653865677583,66.11580537506258,65.42391213454172,74.5440251908854,65.61167206136847
29.429701613153156,71.62628433126571,69.66036624656196,86.12869588796104,64.6468073250731,73.48929258080221,73.40732190138546
30.429701613153156,80.34818669740801,69.04883298599401,60.71772859686394,66.28215140877548,70.56634108432696,70.87340430193957
31.429701613153156,66.73727623674341,79.39304454375119,77.50109128561357,69.83802292716999,69.39392854256188,71.51348254316156
32.429701613153156,65.28149043137307,79.48764781492424,75.9931022741756,64.91615789654549,73.13525688991882,70.18876122144202
33.429701613153156,73.74083386418923,53.92309428240002,66.86427971007159,65.33721266816197,75.50574448408537,63.56744533999046
34.429701613153156,76.22353152646473,68.98033236998137,67.44555480738579,72.10319965189315,73.42983878022778,60.37105488878515
35.429701613153156,72.16427841673426,65.3310411736236,68.12020009575191,66.61008927360376,73.04300472182585,62.02378676372492
36.429701613153156,68.49163932935106,67.37940160468712,64.68919478025599,83.13630489176305,74.10580642328846,67.97632230218554
37.429701613153156,67.58310284276573,71.50802395851622,63.84336504991631,80.28697487900361,77.98326508744262,66.72188820971382
38.429701613153156,67.11364415293788,67.41848218898369,65.83493825938736,70.28568075452282,73.53526198818132,60.82108259866867
39.429701613153156,64.05392114031285,70.42666014161397,73.41478906387391,67.88152818803012,72.91516587592687,57.469929507307704
40.429701613153156,57.55851896201094,72.44099183767766,79.83429630864713,66.8623693781504,66.13310073543363,57.51381917414833
41.429701613153156,67.33443939159116,58.12009632508848,82.36311480189651,75.6878124546565,56.724075736413496,58.86225091730859
42.429701613153156,48.66390601651331,67.45320461232288,77.4748095080912,83.7211679172496,61.471633629322,59.708977058199636
43.429701613153156,102.8417433105501,75.79779451869555,70.70831822267259,78.08003698335361,58.048661658965656,65.52269661364501
44.429701613153156,72.04553466167378,75.7861266421525,66.56102969220407,71.0890200499321,74.23944201281954,68.94641948927038
45.429701613153156,68.907117605139,56.67646564453098,65.40839420775166,87.862144063574,76.67396249507135,63.579362638113786
46.429701613153156,77.1734227211422,68.0638382535103,63.98479466255495,77.26248370153365,79.16896220264351,59.46722018562854
47.429701613153156,67.78739017034324,78.18317628233417,62.22493866413199,81.58706983281922,73.87107629649249,59.76764177772702
48.429701613153156,65.29463124582902,62.281140367441914,61.82509190608174,54.22396728185674,71.3732113870256,64.61135021538355
49.429701613153156,62.202866710607914,65.83914794864876,67.89684171647347,71.10115500820348,73.48916044337064,68.80433206136838
50.429701613153156,58.67407076957927,66.72777167063775,70.34496229889756,71.81072436750239,78.1143281044549,63.81211165563375
51.429701613153156,60.47961179605477,74.76738184654356,83.22548973573808,69.84306312884482,76.96115822520042,63.42551860446376
52.429701613153156,65.29007802496224,73.23942579422345,79.2620572514261,68.02593057063024,77.17343825032435,61.543616751223624
53.429701613153156,63.45297838015043,59.04328627769048,68.37696235727212,68.19283437167174,76.85033087159053,65.01850235862855
54.429701613153156,62.86122130546471,69.41925326488192,65.55157370263373,73.28059772102695,72.80143612335056,70.22077855706443
55.429701613153156,65.60179567063003,76.2569710169249,60.91171918362874,69.94137646350674,85.90816910610305,65.93110638526124
56.429701613153156,68.13685580551507,62.179146553272,64.29360222483835,82.41369417455557,92.8444735432931,59.968248400492925
57.429701613153156,64.43068607456641,64.54760295312857,63.00091393096152,100.23002053467896,87.69310497292408,58.83862126975706
58.429701613153156,66.4512164864805,72.30424378447148,64.05240915566603,68.26747303046054,80.5826184979236,62.42783438041701
59.429701613153156,67.31818824657435,70.44286707650323,67.90545647173296,67.01391881276957,76.96111811966801,62.92643750785559
60.429701613153156,66.36782799225648,66.31699642589128,73.29104098902984,76.0411684950694,76.10170411566389,59.4253898653239
61.429701613153156,61.08098817624097,67.10276439857019,72.47290726387288,64.36693415650177,80.80631343470952,56.825936026005
62.429701613153156,68.97538705634457,66.83489794491943,65.07921451291351,73.55622693543764,78.37543758359027,56.05923827643253
63.429701613153156,66.08479208666691,66.89457446730412,68.07331319336303,80.85548573203225,85.29534590393511,55.11597182051712
64.42970161315316,67.83822052281295,67.30617778374403,65.32188534914026,80.3380278460317,85.67726490619607,56.3632930882384
65.42970161315316,71.94672917876974,72.25749438604485,65.16798254939141,69.11863862969994,79.89769150078303,64.36883298346235
66.42970161315316,74.12708491698882,69.4694939557679,63.670149831253916,68.00244754025417,49.13383464786051,72.27075238056001
67.42970161315316,79.87336594186006,64.90951600939873,66.99048675748267,62.57055707525021,89.97950093931019,75.14410345903151
68.42970161315316,69.40574872317848,65.6876014229718,75.39055797725369,64.67793962998572,81.29419551958776,68.31202654240589
69.42970161315316,63.585420474911615,65.89811756863195,102.47886368165472,76.66665981324473,73.43936040485282,63.18490109056431
70.42970161315316,63.68105034822839,68.04009431769661,57.52689256003238,80.58415024804293,71.45637436901525,64.82461728702103
71.42970161315316,72.43524829685286,69.58111542429417,68.22079106856467,68.26303225256714,73.58725223829622,67.22239395380893
72.42970161315316,77.5293948834493,67.07750005421032,66.57588512963386,66.46651411213938,71.98752905242135,65.71397034065987
73.42970161315316,67.31492283953013,69.67655526145988,65.13038327156183,64.45638412160744,69.10643467066012,61.46044337857933
74.42970161315316,60.40591050149053,65.14433915408455,65.49177971069685,68.94912412402903,67.65705039003798,57.65265921237841
75.42970161315316,63.56751574458012,59.420149363983846,62.90263002306479,82.98492398734179,74.3386274644702,60.63579539031903
76.42970161315316,64.7205047368365,66.27832497393426,63.59094399517314,67.92780538958645,75.45096681317082,67.94869015301467
77.42970161315316,63.16489830701894,69.74839800741323,71.79859282718367,63.3922371843899,77.23493762555978,75.46601433266373
78.42970161315316,61.543952639343686,62.06413083925948,71.64239033236505,62.59133667609502,71.57958602178792,72.67110034377149
79.42970161315316,62.16848893511329,61.9220745660068,73.4773482203715,68.69694869360923,70.70437120172507,66.6259066907397
80.42970161315316,65.11284448164375,64.87163413712305,74.59195777042947,66.69954037809073,69.32492303568067,66.68370868144224
81.42970161315316,64.4114171672241,67.32611394569865,70.18813618410721,73.18875677418606,70.61907206880315,73.36057777322405
82.42970161315316,62.942496680596925,64.84093167702783,64.21261870964025,70.08363296307851,71.65168912242642,74.12847031172078
83.42970161315316,65.93880524920628,71.17210364922914,63.63038577852401,64.80004899590365,73.0582801137331,67.1466139413146
84.42970161315316,65.15673287080499,68.15325143816759,77.0441542213071,63.40651912658216,70.06667570750243,62.61352709855712
85.42970161315316,62.25703210216279,65.94782674815553,72.03542320429851,66.25090594360485,70.60178227550844,64.0579639478154
86.42970161315316,68.94314052371074,65.79375630718596,74.60188017616,66.78879687849373,73.34304062133859,63.88089637821325
87.42970161315316,66.14784322104559,67.59967498417855,73.87972982373316,69.83095965308561,70.72201171082901,65.90538349939999
88.42970161315316,64.23034554684052,71.84500793523749,72.48434869037663,67.63333286836553,69.38880303687172,75.24086674658133
89.42970161315316,64.88873267411168,63.65940863614769,65.98971165009206,63.66661530986171,68.47513969383952,79.52174413409615
90.42970161315316,64.88873267411168,67.34193733960505,65.88051228144288,80.45600562324198,68.35735858764373,76.51956374438295
91.42970161315316,64.45960895657736,66.45470163821851,65.63239615507902,68.6553032176656,70.52406160771034,68.13182879436236
92.42970161315316,63.19403979863,65.87613819676827,66.38658881560352,83.75703839437269,69.15221159486498,61.137996489296555
93.42970161315316,65.47113145694279,65.23941671829304,65.49296224327038,72.04839889784476,67.76639980208013,58.254096675894324
94.42970161315316,66.47943788738439,62.53341513433035,72.76211283343311,64.80738202283631,66.07877996832488,57.186666851437415
95.42970161315316,67.0267863656851,63.955165350304064,76.93843552263775,63.882809283942876,68.76845533907125,59.24002335299011
96.42970161315316,69.19666818247953,70.55845428398035,77.26975153014311,66.92369505795456,73.95247945275347,58.856903471655784
97.42970161315316,70.14480286387521,67.88607443691645,70.76771138195483,72.3174460210881,72.63662436298398,59.333410530686336
98.42970161315316,72.46108902530364,67.03833755020732,66.7847456151507,67.09329437351427,72.02253997577849,64.3468938207117
99.42970161315316,73.61514531753825,67.66297055324351,65.18942556077148,73.75803396455282,68.4147892906808,73.3088764966276
100.42970161315316,64.23654041466195,65.97013083720901,67.4188920413165,100.0532002384176,69.5883812303794,78.40206652044446
101.42970161315316,64.11301799584213,68.55275310386337,63.49197082093727,71.91720589330609,71.49266597532879,76.60511194321661
102.42970161315316,65.52584275350715,66.68789299485631,65.53589614391912,69.86830139445412,69.22066900930068,70.02596541897938
103.42970161315316,64.02441911560494,71.10778463081945,70.48151647862407,69.20802111883617,67.65880944299927,65.76663669120065
104.42970161315316,66.6741875081949,66.38325505444283,75.49393008642343,69.65557581779922,68.55034993840655,62.660549034701354
105.42970161315316,67.83822052269663,66.01151041623656,74.54316997820555,67.73833570328425,72.72111119863216,58.028938507814374
106.42970161315316,65.03827063744008,65.2048243630601,73.55562651328862,73.39714858879239,74.59252793388974,55.08877339905187
107.42970161315316,75.2019409239356,64.7148043525531,70.18778250461149,77.40956251356936,70.40332805698895,55.972673986614055
108.42970161315316,71.99041108960844,64.02172958827924,64.80869373174251,72.41853730462431,68.39669872417451,57.9819724808227
109.42970161315316,67.41142767125488,62.73947147986367,68.0489207828806,64.02014425517284,71.94877097228834,62.12616619571463
110.42970161315316,71.23307745488272,68.1509994900619,65.94676469985347,61.97824301844648,74.93425921960764,65.1967379893856
111.42970161315316,70.64805384012728,65.13414264022195,71.13095481029306,64.61090132789255,71.68186274295057,75.26414246050024
112.42970161315316,69.98205161886848,73.53255696603807,72.07595332476775,64.61090132762719,70.10465718482043,78.92550652059741
113.42970161315316,66.3253729583227,67.39425751772761,73.04658930885692,62.77667210957315,69.16219711591285,76.39008581494028
114.42970161315316,73.60477956793957,63.9549113704491,73.36454369136126,61.97793713337971,74.55377724637187,66.87490838567955
115.42970161315316,70.9731596348052,65.16530493562296,73.82990522038833,69.47485368364823,75.27962274941468,60.66432814320224
116.42970161315316,67.53175843372277,68.58211218923758,70.25420472443959,80.97771235830977,76.00097763263072,58.33347603802416
117.42970161315316,68.90616748593453,63.86460855285443,69.19475048528705,92.59595709469015,72.64264123784578,58.772078553273985
118.42970161315316,75.11688134248661,67.04389766894295,68.78063796518268,71.12260568798311,73.03099796402223,58.80724015250372
119.42970161315316,68.89571126899294,67.28491915975977,64.23951040561982,70.88351243918278,78.77761875535063,58.299139029079235
120.42970161315316,69.93221335038473,63.63345896125158,66.80585554091058,64.32002534164076,78.2511868047608,59.78483272924093
121.42970161315316,69.68801857704977,69.61377370810001,64.09846719804634,65.704644458127,76.29145575322197,59.98338495554299
122.42970161315316,68.77642546025962,58.42948081946601,66.08517733417334,72.62883794444417,77.07752187660796,61.6775034896172
123.42970161315316,67.07774438401994,65.08905823582857,75.33162410751666,72.57179641147499,77.86358799999394,62.45284817223478
124.42970161315316,61.78537128709943,64.31021357750585,73.68477506382816,66.55828442253282,77.48026974384015,66.3149921349699
125.42970161315316,64.5329405543525,69.39251211354637,70.62837535558262,64.24334298592859,75.95946299182663,73.94152109261515
126.42970161315316,67.92995757320158,65.35673953115837,75.03941141241255,64.2344212758931,74.43865623981308,76.47082989996541
127.42970161315316,69.20134589697416,69.21113627566653,68.07695741771484,63.50770215409041,75.43687600673996,73.9079857514239
128.42970161315316,66.47607880595213,63.683213538644004,65.03679317025951,68.75115746534948,66.32620115903,63.88131383679726
129.42970161315316,68.50943235401536,64.77324068554537,64.24976100450401,75.10739945113819,52.86460227459556,60.81139963898674
130.42970161315316,64.52118099765147,68.1960481144464,64.7821661636615,67.93359639834996,59.73548392557138,56.848467006133816
131.42970161315316,62.83961480000478,63.87387540126474,63.74405910847245,65.48870138623023,63.92753643024802,54.57905518809148
132.42970161315316,62.839614800090324,71.15874188823345,64.34460672371821,66.88240854014802,73.56053351365534,55.366400510492184
133.42970161315316,60.86867648296915,61.20755868524987,63.83771377602783,62.88112695777317,61.13528018575717,52.30785969141605
134.42970161315316,59.333483625662225,60.486700512398016,69.21801098762072,66.70527396064101,41.03054591336092,51.97147330896263
135.42970161315316,61.49262475299894,58.67054024514273,69.82598615288886,70.714732410598,46.45685106834,57.50633522256791
136.42970161315316,62.394928135982155,69.43939224387606,74.15693547200509,79.74998088029038,90.37747974500203,59.898127556073575
137.42970161315316,62.185035479286434,64.91669974431557,69.19814310124222,66.0466991350097,89.5867571638903,65.62060729381588
138.42970161315316,62.18503547950587,66.51163059261519,66.14230247379231,65.39626329060333,62.88383474162499,72.10760191124997
139.42970161315316,63.817969790761246,65.71734068883899,65.20664722758414,62.091094277092445,91.36839654125843,74.05356167349957
140.42970161315316,60.497383722047594,64.21883770389931,61.98018235253965,66.24996202550466,59.90735508935827,70.53928693063959
141.42970161315316,59.69763406023912,72.12174699588793,62.92767428309564,73.09093947441548,54.74035043676258,69.0299325648115
142.42970161315316,64.96555263992467,65.29776989940969,64.85861427071086,89.10734973315137,66.02240327873811,64.98507461673198
143.42970161315316,61.313306174571146,62.60240197333473,64.10970158954325,69.18165879631921,77.30445612071362,60.95258877605943
144.42970161315316,61.50631015758172,63.11555549939341,71.59839430781577,68.7370508965792,115.69345536264133,56.76013533869443
145.42970161315316,63.501473408468875,65.93249516613878,82.77576941969652,64.20539960246643,59.21081778079274,55.70767123493017
146.42970161315316,82.56778484323144,64.41481729144888,65.02808068432122,64.84312284975763,71.87299744810498,56.82557470372306
147.42970161315316,49.71678159140228,63.79539090494798,69.57082836016703,69.69841091861707,51.23911607696665,59.08498158779037
148.42970161315316,65.15254622291407,65.28816770652904,67.4455548065679,77.72187302454063,94.65246344871896,62.69088902497329
149.42970161315316,62.82923580708155,59.197867044670495,65.08199614974711,81.71473586548711,84.00400266688102,70.8330102082361
150.42970161315316,61.46596102513595,64.63538685396318,63.98390790372581,69.97680126077086,75.850214230116,78.78041423003738
151.42970161315316,63.299642163794246,67.84631467729956,65.00743382878402,65.18237617915725,76.66520649856875,78.06839246713487
152.42970161315316,67.31493202717581,65.23100254420112,63.15900503951445,60.655131858622894,71.96851946341324,72.68564876275144
153.42970161315316,66.10396034143635,61.4994154254928,65.37941602038839,64.38281502140762,74.50757021695917,68.47636791983342
154.42970161315316,72.6987878840156,62.216754504322054,76.9336445584404,74.58824540863358,74.5563927580162,61.93135123607568
155.42970161315316,66.57972970505412,65.23100254420112,66.63011574184914,81.23911406521832,75.92084513125897,54.13314541300164
156.42970161315316,76.1648860926097,66.91678719855913,79.6231507307286,75.48306184162746,81.93819608711819,52.83042962127429
157.42970161315316,71.35603865609345,63.87686740610084,70.07359629092846,68.45139281242628,85.72753816986614,55.04282066873589
158.42970161315316,70.52563247615402,64.4021661048183,64.67183670444254,65.80111524406934,72.348144577442,57.038843869102735
159.42970161315316,72.51055864689506,60.92298613423507,67.90215364901002,64.97538170750846,46.461669868220156,57.127033290843066
160.42970161315316,76.18802191520918,64.50093176995036,67.45674574118387,71.48887842057582,57.02355451733642,57.60517422000814
161.42970161315316,54.12590079023465,63.73442242537671,62.601283144845574,74.93702078218759,73.07719941479358,60.793155796592664
162.42970161315316,102.87773709699266,61.81472391085462,67.15182971954374,68.18372538317129,88.44528674053979,69.0392433849762
163.42970161315316,62.230162415816146,61.448582720185215,71.2710630778819,66.8873284242618,61.63948420101459,72.6850285311523
164.42970161315316,86.03226158783157,62.5988059237242,73.18803044974103,66.531140447625,44.46217219031782,65.68299867541249
165.42970161315316,64.19100436598343,61.31614318127764,77.99492167684977,70.71859615607319,49.116117085959246,75.91520928164935
166.42970161315316,67.1473544982935,68.88372592772168,76.37325430279974,78.28164731158269,48.88122754574307,107.45682547822159
167.42970161315316,80.11782384844433,64.94844411843883,70.19542111355027,73.8773566877764,47.46360915502015,79.13068743243767
168.42970161315316,74.99039662140639,70.96906410586907,67.74996221482988,68.96748525697802,52.02068537337559,64.30991397266374
169.42970161315316,69.38232169547575,63.041080223155824,68.04661000753465,66.30859118561743,96.31235625811854,68.59745165889926
170.42970161315316,64.43033349555688,61.708369329245635,68.72022546668282,68.32253903054506,87.09554382590115,60.423353844432874
171.42970161315316,64.51978203159044,64.29603862150422,85.33694730458517,72.96666913470673,80.22729172634426,59.722771482297425
172.42970161315316,76.05094747438109,64.18731853473295,64.34926569292021,61.73025475974704,76.67811072240848,59.69602650839683
173.42970161315316,79.276387763678,62.920770780056365,71.94157038146984,109.20453147476226,73.42086663126935,64.70862471178506
174.42970161315316,73.37811979413573,65.55568056714745,84.60037986098942,85.21649563152111,74.33148845361217,72.24467477207233
175.42970161315316,61.70551188756958,64.58096324086287,82.29701373888291,77.96593490878682,78.12630295141987,54.76284468243349
176.42970161315316,61.043072516044894,68.73331140342037,79.78557524495541,66.33201489023466,72.81292769309063,60.01508453130122
177.42970161315316,88.87172499289835,66.08672717645024,75.273596665719,67.74293070469926,67.64962588803584,70.68208457068323
178.42970161315316,54.32364189048049,63.48712132578002,72.49728136052396,68.19688016601187,64.54802397839065,76.12308673822562
179.42970161315316,61.81557396390717,65.341182430202,69.85777665650429,74.44845876034583,71.99400951225984,76.65632714680791
180.42970161315316,64.95352261809107,67.68148986346662,70.47991907277292,70.50518851084637,66.7603292431153,68.40837373365746
181.42970161315316,69.44914375969013,67.1771079667115,72.40107004208343,66.31124859511246,66.05036144104565,67.82959762942843
182.42970161315316,72.72923896524392,64.23089257445562,76.77227186920975,63.316347620876854,64.08559718595905,69.68424521787145
183.42970161315316,58.32731537522913,64.34648226015219,74.37463204478654,65.50695707209563,64.48797569112747,62.98860865737948
184.42970161315316,63.828659270980374,65.82824561395456,73.00161018811302,68.48546239346798,65.99243551215518,60.507751781701074
185.42970161315316,67.42264296757114,75.5126765685108,69.73289067267827,68.57365869803269,68.81212470668261,59.710040320193166
186.42970161315316,81.21189161167862,54.65428673673779,66.58806799870602,65.36828929716667,78.33937005612877,65.0316233198978
187.42970161315316,63.394104349156635,65.83436212379215,65.5516500542744,63.583403192254856,70.91338911816672,66.54728849196809
188.42970161315316,59.32132464080544,64.25840360387825,68.86773512914588,64.61090132774709,66.60598069417689,60.463905345615494
189.42970161315316,58.131487222354956,70.19271968009681,64.40593870771568,64.61090132763401,66.56598483463252,56.815419552753426
190.42970161315316,61.65695832648976,65.45820804896795,65.18352643949503,68.11644352215717,70.47663323004097,58.435691687589724
191.42970161315316,63.416637816003075,66.21012858261865,67.34769459792777,63.60792056633292,70.88844328184379,63.961419164094806
192.42970161315316,60.49514614346359,63.320359788209615,74.04640233070296,65.10994729935994,67.52475295744539,69.01611396909641
193.42970161315316,62.79932721396452,65.67218144554333,80.20959209536619,63.27856173345566,65.19550246076285,64.11586481685275
194.42970161315316,73.51457290806265,67.60916064684612,77.39195298849756,67.8046759230912,66.31642855831966,58.510886976051104
195.42970161315316,69.39245834910052,62.72496333602426,73.1783389882949,71.20095506755412,73.32538367841416,59.642878932572
196.42970161315316,63.80169306465253,63.42921704049739,68.50778367121549,75.33574005346257,71.3305570656688,65.5456489453084
197.42970161315316,62.63780131536357,67.27225319732942,66.1447058627546,72.70265241513883,69.67911546111536,62.0066229016676
198.42970161315316,62.60534625731906,68.82121597950798,66.97790757198929,66.70025713089686,66.38650259252829,59.71301606879758
199.42970161315316,63.05284869707646,66.3986965432277,66.35542883501303,62.24083328004526,66.71171832301957,64.01542408722065
200.42970161315316,60.743214005562024,64.30839814234388,67.03287060162006,70.02317985670804,56.906083934593255,70.29911678926854
201.42970161315316,63.42575697574643,67.46510270478056,70.09035701252965,61.87771824695568,55.256498741486936,66.55611921446042
202.42970161315316,64.1327249088416,67.1784950303911,95.2797347529562,67.72211719528119,64.5566634989041,62.719987762351906
203.42970161315316,65.1520730389953,67.49260538041621,71.17660454554932,72.30302193612859,68.96356878984052,61.86286728083444
204.42970161315316,70.80498104522411,64.62079565945929,73.7095540480251,67.65106051599723,70.38828076491224,65.79699028841394
205.42970161315316,61.18062119809839,67.51627708794551,68.67001247530594,62.57055707516622,69.96576702574988,64.59079579387756
206.42970161315316,64.22089527491248,69.76440929150377,67.58713986974753,64.44444264867417,67.51492135850657,72.06423326351386
207.42970161315316,65.37899310516966,63.67560814102881,65.22264707009442,61.98484845529088,66.67565736485099,78.15931324984747
208.42970161315316,67.64782430234918,61.97773202957341,66.87552118119967,62.608526119939775,71.45093187382562,73.21559543223682
209.42970161315316,65.39229295821627,67.29382553169472,63.45429181886654,66.27829043211676,71.95728302987622,66.76245481879951
210.42970161315316,64.82676007221573,61.54773251828033,68.46741372247944,66.78879687797348,67.83148245483143,61.88975329830441
211.42970161315316,67.28930727816075,63.106794846595704,70.6421955511497,72.64883709220337,65.68307264951204,66.57727440058736
212.42970161315316,62.3713758659546,65.06577460141396,75.83404472118599,70.98227840631318,67.34368231501922,69.47030573437088
213.42970161315316,58.224641116972606,64.97552410487147,71.81081147823515,65.18291281435765,66.0827607569495,62.6537067167231
214.42970161315316,69.95143310397512,65.40199777773971,68.03337047905876,66.98266254797757,65.55213067373313,58.80724015276134
215.42970161315316,65.11216011102971,63.37758371137611,65.81665691380229,63.466845792819825,67.7501939693038,60.58213799497366
216.42970161315316,65.07245607875632,66.09949189070436,65.62155766769396,62.85242179191012,72.89496704885667,64.77241794189861
217.42970161315316,73.44384167517542,64.30788123356342,66.13726081696943,62.28400491202086,78.53626662412589,63.95564419624836
218.42970161315316,69.67808119547027,59.430285530747646,65.91535415781289,63.25981501243917,83.53070557498565,63.52128510953312
219.42970161315316,70.55107352182372,61.07160580951552,69.70906595006038,67.76233887110399,78.48462001077895,69.0142747423649
220.42970161315316,66.71711357410504,64.11672624397146,78.4179555494144,74.12614481835419,73.74277830131199,69.40305991220802
221.42970161315316,65.6662773552487,63.30561910103827,70.82240857410335,70.69672160709264,75.08449563819215,65.53174756550732
222.42970161315316,67.33965675177565,70.8676853008497,73.55975628632908,68.72796501162536,74.21597646797005,69.37158243928157
223.42970161315316,66.72781766819466,63.25424567467416,73.56858361345748,66.85309147080113,74.10185692102024,74.30259650148808
224.42970161315316,61.2221845826344,63.59851361111804,66.02311681436082,63.94740258065121,70.26400751085518,67.90845100250884
225.42970161315316,63.829844259713845,63.33116430855601,69.84897330853907,67.47260976061195,68.15797350515426,66.48583353686351
226.42970161315316,73.23848976712446,65.94782674815553,67.70136681947915,71.27579026798682,71.29928226906634,70.46980962110463
227.42970161315316,53.813033882991505,66.2711888762288,74.24175604619428,68.15962401120862,69.9657670252233,66.3013596622098
228.42970161315316,62.73303704733944,64.5213790142841,76.89188695212623,63.84713979663423,69.38159176389004,63.38651094137862
229.42970161315316,73.22255434632935,65.0023824931925,75.53684421947975,62.941593201131774,66.60137025559081,66.5942966007112
230.42970161315316,69.80842943892343,65.20543478570637,68.61091964434605,62.97832326747299,67.0156248124439,66.17136067354369
231.42970161315316,66.27664238305049,66.8367319682267,67.44555480631874,70.55613625871857,67.93464020832405,61.20753566924878
232.42970161315316,68.75279488696695,63.7618687352692,71.60412975272277,73.18873228466335,67.5805704224197,61.751364840021076
233.42970161315316,64.60341634569754,65.11551169045322,61.144002336910305,69.24475155082732,67.58057042216082,64.7549049462927
234.42970161315316,61.33148564576993,65.23100254420112,64.7952484743978,65.6644343910388,66.88741946688314,62.483853364680265
235.42970161315316,72.26957882220857,64.66303814189342,63.23821438853572,66.00663568157265,68.39766665926258,60.42901483341615
236.42970161315316,75.21381671265264,60.63105878514949,67.93838175282106,66.78879687800449,68.99251606629088,61.26614500177665
237.42970161315316,67.33760227108642,65.53582386264634,72.6385491171064,66.11511724189388,67.8465119692862,65.8889788638944
238.42970161315316,61.77644618362085,65.42396727752423,64.73226614093156,63.313762076420424,67.16393591415485,68.99917075987383
239.42970161315316,64.29041056985055,63.486994825397254,52.4954490195274,66.28277126352485,68.03444557064583,69.74812204161341
240.42970161315316,79.77029704032884,65.55387328689082,70.39864728088955,73.16907396607012,72.29264365847962,69.74812204161341
241.42970161315316,68.3477072754866,64.15855772344646,67.85778076990947,82.12046123417173,72.53564294744677,66.74173506262974
242.42970161315316,63.07805341425811,65.01494610433355,63.36103736513006,79.45365503192573,67.07028278740135,63.76701027218974
