LslMarkerSourceTimestamp,LslLocalTimestamp,LocalTimestamp,EmotiBitTimestamp,PacketNumber,DataLength,TypeTag,ProtocolVersion,DataReliability,T1
1032476.136506,1032476.136510,1760462405.949300,88256.000,11707,1,T1,1,100,30.075
1032476.270508,1032476.270512,1760462406.083302,88390.000,11723,1,T1,1,100,30.174
1032476.403510,1032476.403514,1760462406.216304,88523.000,11738,1,T1,1,100,30.040
1032476.536512,1032476.536516,1760462406.349306,88656.000,11771,1,T1,1,100,30.053
1032476.670514,1032476.670518,1760462406.483309,88790.000,11787,1,T1,1,100,30.094
1032476.803516,1032476.803520,1760462406.616311,88923.000,11803,1,T1,1,100,30.111
1032476.936517,1032476.936522,1760462406.749313,89056.000,11820,1,T1,1,100,30.155
1032477.070519,1032477.070523,1760462406.883315,89190.000,11852,1,T1,1,100,30.031
1032477.203521,1032477.203525,1760462407.016318,89323.000,11869,1,T1,1,100,30.085
1032477.336523,1032477.336527,1760462407.149320,89456.000,11887,1,T1,1,100,30.143
1032477.470525,1032477.470529,1760462407.283322,89590.000,11918,1,T1,1,100,30.204
1032477.603527,1032477.603531,1760462407.416325,89723.000,11933,1,T1,1,100,30.194
1032477.736529,1032477.736533,1760462407.549327,89856.000,11949,1,T1,1,100,30.297
1032477.869531,1032477.869535,1760462407.682329,89989.000,11980,1,T1,1,100,30.306
1032478.003533,1032478.003537,1760462407.816331,90123.000,11995,1,T1,1,100,30.203
1032478.136535,1032478.136539,1760462407.949334,90256.000,12013,1,T1,1,100,30.194
1032478.269537,1032478.269541,1760462408.082336,90389.000,12044,1,T1,1,100,30.226
1032478.403539,1032478.403543,1760462408.216338,90523.000,12061,1,T1,1,100,30.275
1032478.536541,1032478.536545,1760462408.349340,90656.000,12078,1,T1,1,100,30.296
1032478.669543,1032478.669547,1760462408.482343,90789.000,12108,1,T1,1,100,30.199
1032478.803545,1032478.803549,1760462408.616345,90923.000,12123,1,T1,1,100,30.157
1032478.936547,1032478.936551,1760462408.749347,91056.000,12140,1,T1,1,100,30.281
1032479.070549,1032479.070553,1760462408.883350,91190.000,12170,1,T1,1,100,30.334
1032479.203551,1032479.203555,1760462409.016352,91323.000,12186,1,T1,1,100,30.357
1032479.336553,1032479.336557,1760462409.149354,91456.000,12202,1,T1,1,100,30.332
1032479.469555,1032479.469559,1760462409.282356,91589.000,12219,1,T1,1,100,30.321
1032479.603557,1032479.603561,1760462409.416359,91723.000,12250,1,T1,1,100,30.316
1032479.736559,1032479.736562,1760462409.549361,91856.000,12268,1,T1,1,100,30.350
1032479.869561,1032479.869564,1760462409.682363,91989.000,12284,1,T1,1,100,30.364
1032480.003563,1032480.003566,1760462409.816365,92123.000,12316,1,T1,1,100,30.228
1032480.136565,1032480.136568,1760462409.949368,92256.000,12332,1,T1,1,100,30.276
1032480.269566,1032480.269570,1760462410.082370,92389.000,12348,1,T1,1,100,30.439
1032480.403568,1032480.403572,1760462410.216372,92523.000,12378,1,T1,1,100,30.332
1032480.536570,1032480.536574,1760462410.349375,92656.000,12395,1,T1,1,100,30.427
1032480.669572,1032480.669576,1760462410.482377,92789.000,12410,1,T1,1,100,30.398
1032480.802574,1032480.802578,1760462410.615379,92922.000,12445,1,T1,1,100,30.420
1032480.936576,1032480.936580,1760462410.749381,93056.000,12461,1,T1,1,100,30.465
1032481.069578,1032481.069582,1760462410.882384,93189.000,12476,1,T1,1,100,30.343
1032481.203580,1032481.203584,1760462411.016386,93323.000,12507,1,T1,1,100,30.432
1032481.336582,1032481.336586,1760462411.149388,93456.000,12523,1,T1,1,100,30.400
1032481.469584,1032481.469588,1760462411.282391,93589.000,12538,1,T1,1,100,30.492
1032481.603586,1032481.603590,1760462411.416393,93723.000,12573,1,T1,1,100,30.497
1032481.736588,1032481.736592,1760462411.549395,93856.000,12589,1,T1,1,100,30.428
1032481.869590,1032481.869594,1760462411.682397,93989.000,12605,1,T1,1,100,30.398
1032482.002592,1032482.002596,1760462411.815400,94122.000,12621,1,T1,1,100,30.420
1032482.136594,1032482.136598,1760462411.949402,94256.000,12652,1,T1,1,100,30.430
1032482.269596,1032482.269600,1760462412.082404,94389.000,12667,1,T1,1,100,30.470
1032482.402598,1032482.402601,1760462412.215406,94522.000,12683,1,T1,1,100,30.451
1032482.536600,1032482.536603,1760462412.349409,94656.000,12716,1,T1,1,100,30.514
1032482.669602,1032482.669605,1760462412.482411,94789.000,12731,1,T1,1,100,30.506
1032482.802604,1032482.802607,1760462412.615413,94922.000,12747,1,T1,1,100,30.574
1032482.936606,1032482.936609,1760462412.749416,95056.000,12778,1,T1,1,100,30.532
1032483.069608,1032483.069611,1760462412.882418,95189.000,12793,1,T1,1,100,30.514
1032483.202610,1032483.202613,1760462413.015420,95322.000,12812,1,T1,1,100,30.506
1032483.336612,1032483.336615,1760462413.149422,95456.000,12844,1,T1,1,100,30.503
1032483.469614,1032483.469617,1760462413.282425,95589.000,12859,1,T1,1,100,30.430
1032483.602615,1032483.602619,1760462413.415427,95722.000,12876,1,T1,1,100,30.470
1032483.736617,1032483.736621,1760462413.549429,95856.000,12906,1,T1,1,100,30.487
1032483.869619,1032483.869623,1760462413.682431,95989.000,12922,1,T1,1,100,30.636
1032484.002621,1032484.002625,1760462413.815434,96122.000,12938,1,T1,1,100,30.665
1032484.136623,1032484.136627,1760462413.949436,96256.000,12953,1,T1,1,100,30.572
1032484.269625,1032484.269629,1760462414.082438,96389.000,12986,1,T1,1,100,30.460
1032484.402627,1032484.402631,1760462414.215441,96522.000,13002,1,T1,1,100,30.483
1032484.535629,1032484.535633,1760462414.348443,96655.000,13018,1,T1,1,100,30.563
1032484.669631,1032484.669635,1760462414.482445,96789.000,13048,1,T1,1,100,30.527
1032484.802633,1032484.802637,1760462414.615448,96922.000,13064,1,T1,1,100,30.618
1032484.935635,1032484.935639,1760462414.748450,97055.000,13082,1,T1,1,100,30.480
1032485.069637,1032485.069641,1760462414.882452,97189.000,13114,1,T1,1,100,30.598
1032485.202639,1032485.202642,1760462415.015454,97322.000,13131,1,T1,1,100,30.684
1032485.335641,1032485.335644,1760462415.148457,97455.000,13146,1,T1,1,100,30.615
1032485.469143,1032485.469146,1760462415.281959,97588.500,13181,2,T1,1,100,30.550
1032485.602645,1032485.602648,1760462415.415461,97722.000,13181,2,T1,1,100,30.557
1032485.735647,1032485.735650,1760462415.548463,97855.000,13196,1,T1,1,100,30.666
1032485.869649,1032485.869652,1760462415.682466,97989.000,13230,1,T1,1,100,30.714
1032486.002651,1032486.002654,1760462415.815468,98122.000,13248,1,T1,1,100,30.628
1032486.135653,1032486.135656,1760462415.948470,98255.000,13263,1,T1,1,100,30.555
1032486.269655,1032486.269658,1760462416.082473,98389.000,13294,1,T1,1,100,30.666
1032486.402657,1032486.402660,1760462416.215475,98522.000,13310,1,T1,1,100,30.784
1032486.535659,1032486.535662,1760462416.348477,98655.000,13328,1,T1,1,100,30.729
1032486.669661,1032486.669664,1760462416.482479,98789.000,13344,1,T1,1,100,30.706
1032486.802662,1032486.802666,1760462416.615482,98922.000,13376,1,T1,1,100,30.624
1032486.935664,1032486.935668,1760462416.748484,99055.000,13393,1,T1,1,100,30.731
1032487.069666,1032487.069670,1760462416.882486,99189.000,13409,1,T1,1,100,30.848
1032487.202668,1032487.202672,1760462417.015488,99322.000,13442,1,T1,1,100,30.792
1032487.335670,1032487.335674,1760462417.148491,99455.000,13457,1,T1,1,100,30.733
1032487.469672,1032487.469676,1760462417.282493,99589.000,13475,1,T1,1,100,30.778
1032487.602674,1032487.602678,1760462417.415495,99722.000,13508,1,T1,1,100,30.869
1032487.735676,1032487.735680,1760462417.548497,99855.000,13524,1,T1,1,100,30.801
1032487.869678,1032487.869681,1760462417.682500,99989.000,13541,1,T1,1,100,30.772
1032488.002680,1032488.002683,1760462417.815502,100122.000,13573,1,T1,1,100,30.760
1032488.135682,1032488.135685,1760462417.948504,100255.000,13590,1,T1,1,100,30.825
1032488.268684,1032488.268687,1760462418.081507,100388.000,13607,1,T1,1,100,30.853
1032488.402686,1032488.402689,1760462418.215509,100522.000,13637,1,T1,1,100,30.866
1032488.535688,1032488.535691,1760462418.348511,100655.000,13655,1,T1,1,100,30.729
1032488.668690,1032488.668693,1760462418.481514,100788.000,13671,1,T1,1,100,30.741
1032488.802692,1032488.802695,1760462418.615516,100922.000,13687,1,T1,1,100,30.817
1032488.935694,1032488.935697,1760462418.748518,101055.000,13720,1,T1,1,100,30.779
1032489.068696,1032489.068699,1760462418.881520,101188.000,13736,1,T1,1,100,30.833
1032489.202698,1032489.202701,1760462419.015522,101322.000,13752,1,T1,1,100,30.786
1032489.335700,1032489.335703,1760462419.148525,101455.000,13782,1,T1,1,100,30.730
1032489.468702,1032489.468705,1760462419.281527,101588.000,13800,1,T1,1,100,30.777
1032489.602704,1032489.602707,1760462419.415529,101722.000,13816,1,T1,1,100,30.762
1032489.735706,1032489.735709,1760462419.548532,101855.000,13847,1,T1,1,100,30.861
1032489.868708,1032489.868711,1760462419.681534,101988.000,13864,1,T1,1,100,30.834
1032490.002710,1032490.002713,1760462419.815536,102122.000,13885,1,T1,1,100,30.786
1032490.135711,1032490.135715,1760462419.948539,102255.000,13916,1,T1,1,100,30.766
1032490.268713,1032490.268717,1760462420.081541,102388.000,13932,1,T1,1,100,30.757
1032490.402715,1032490.402719,1760462420.215543,102522.000,13947,1,T1,1,100,30.788
1032490.535717,1032490.535720,1760462420.348545,102655.000,13965,1,T1,1,100,30.838
1032490.668719,1032490.668722,1760462420.481548,102788.000,14003,1,T1,1,100,30.894
1032490.802721,1032490.802724,1760462420.615550,102922.000,14019,1,T1,1,100,30.919
1032490.935723,1032490.935726,1760462420.748552,103055.000,14036,1,T1,1,100,30.894
1032491.068725,1032491.068728,1760462420.881554,103188.000,14070,1,T1,1,100,30.777
1032491.202727,1032491.202730,1760462421.015557,103322.000,14086,1,T1,1,100,30.903
1032491.335729,1032491.335732,1760462421.148559,103455.000,14102,1,T1,1,100,30.994
1032491.468731,1032491.468734,1760462421.281561,103588.000,14133,1,T1,1,100,31.033
1032491.601733,1032491.601736,1760462421.414563,103721.000,14148,1,T1,1,100,30.872
1032491.735735,1032491.735738,1760462421.548566,103855.000,14166,1,T1,1,100,30.874
1032491.868737,1032491.868740,1760462421.681568,103988.000,14200,1,T1,1,100,30.875
1032492.001739,1032492.001742,1760462421.814570,104121.000,14215,1,T1,1,100,30.946
1032492.135741,1032492.135744,1760462421.948573,104255.000,14233,1,T1,1,100,31.012
1032492.268743,1032492.268746,1760462422.081575,104388.000,14264,1,T1,1,100,30.863
1032492.401745,1032492.401748,1760462422.214577,104521.000,14279,1,T1,1,100,30.870
1032492.535747,1032492.535750,1760462422.348579,104655.000,14296,1,T1,1,100,30.979
1032492.668749,1032492.668752,1760462422.481582,104788.000,14313,1,T1,1,100,30.991
1032492.801751,1032492.801754,1760462422.614584,104921.000,14345,1,T1,1,100,30.925
1032492.935753,1032492.935756,1760462422.748586,105055.000,14363,1,T1,1,100,30.897
1032493.068755,1032493.068758,1760462422.881588,105188.000,14378,1,T1,1,100,31.026
1032493.201757,1032493.201760,1760462423.014591,105321.000,14411,1,T1,1,100,31.047
1032493.335759,1032493.335761,1760462423.148593,105455.000,14427,1,T1,1,100,31.020
1032493.468760,1032493.468763,1760462423.281595,105588.000,14442,1,T1,1,100,30.973
1032493.601762,1032493.601765,1760462423.414598,105721.000,14459,1,T1,1,100,30.953
1032493.735764,1032493.735767,1760462423.548600,105855.000,14492,1,T1,1,100,30.944
1032493.868766,1032493.868769,1760462423.681602,105988.000,14508,1,T1,1,100,30.976
1032494.001768,1032494.001771,1760462423.814605,106121.000,14526,1,T1,1,100,30.990
1032494.135770,1032494.135773,1760462423.948607,106255.000,14557,1,T1,1,100,30.995
1032494.268772,1032494.268775,1760462424.081609,106388.000,14574,1,T1,1,100,30.927
1032494.401774,1032494.401777,1760462424.214611,106521.000,14590,1,T1,1,100,30.968
1032494.535776,1032494.535779,1760462424.348614,106655.000,14621,1,T1,1,100,30.951
1032494.668778,1032494.668781,1760462424.481616,106788.000,14636,1,T1,1,100,31.085
1032494.801780,1032494.801783,1760462424.614618,106921.000,14653,1,T1,1,100,31.072
1032494.934782,1032494.934785,1760462424.747620,107054.000,14690,1,T1,1,100,31.067
1032495.068784,1032495.068787,1760462424.881623,107188.000,14705,1,T1,1,100,31.135
1032495.201786,1032495.201789,1760462425.014625,107321.000,14722,1,T1,1,100,31.059
1032495.334788,1032495.334791,1760462425.147627,107454.000,14737,1,T1,1,100,30.990
1032495.468790,1032495.468793,1760462425.281630,107588.000,14769,1,T1,1,100,30.960
1032495.601792,1032495.601795,1760462425.414632,107721.000,14786,1,T1,1,100,30.983
1032495.734794,1032495.734797,1760462425.547634,107854.000,14801,1,T1,1,100,31.028
1032495.868796,1032495.868799,1760462425.681636,107988.000,14838,1,T1,1,100,31.048
1032496.001798,1032496.001800,1760462425.814639,108121.000,14856,1,T1,1,100,31.091
1032496.134800,1032496.134802,1760462425.947641,108254.000,14873,1,T1,1,100,31.146
1032496.268802,1032496.268804,1760462426.081643,108388.000,14904,1,T1,1,100,31.099
1032496.401804,1032496.401806,1760462426.214645,108521.000,14920,1,T1,1,100,31.007
1032496.534806,1032496.534808,1760462426.347648,108654.000,14936,1,T1,1,100,31.180
1032496.668807,1032496.668810,1760462426.481650,108788.000,14968,1,T1,1,100,31.149
1032496.801809,1032496.801812,1760462426.614652,108921.000,14985,1,T1,1,100,31.135
1032496.934811,1032496.934814,1760462426.747655,109054.000,15001,1,T1,1,100,31.094
1032497.068813,1032497.068816,1760462426.881657,109188.000,15033,1,T1,1,100,31.147
1032497.201815,1032497.201818,1760462427.014659,109321.000,15050,1,T1,1,100,31.135
1032497.334817,1032497.334820,1760462427.147661,109454.000,15067,1,T1,1,100,31.129
1032497.468819,1032497.468822,1760462427.281664,109588.000,15083,1,T1,1,100,31.127
1032497.601821,1032497.601824,1760462427.414666,109721.000,15114,1,T1,1,100,31.090
1032497.734823,1032497.734826,1760462427.547668,109854.000,15129,1,T1,1,100,31.145
1032497.868825,1032497.868828,1760462427.681670,109988.000,15147,1,T1,1,100,31.169
1032498.001827,1032498.001830,1760462427.814673,110121.000,15179,1,T1,1,100,31.215
1032498.134829,1032498.134832,1760462427.947675,110254.000,15194,1,T1,1,100,31.058
1032498.268831,1032498.268834,1760462428.081677,110388.000,15211,1,T1,1,100,31.060
1032498.401833,1032498.401836,1760462428.214680,110521.000,15243,1,T1,1,100,31.203
1032498.534835,1032498.534838,1760462428.347682,110654.000,15259,1,T1,1,100,31.159
1032498.667837,1032498.667839,1760462428.480684,110787.000,15275,1,T1,1,100,31.175
1032498.801839,1032498.801841,1760462428.614686,110921.000,15291,1,T1,1,100,31.111
1032498.934841,1032498.934843,1760462428.747689,111054.000,15326,1,T1,1,100,31.084
1032499.067843,1032499.067845,1760462428.880691,111187.000,15342,1,T1,1,100,31.143
1032499.201845,1032499.201847,1760462429.014693,111321.000,15358,1,T1,1,100,31.239
1032499.334847,1032499.334849,1760462429.147696,111454.000,15388,1,T1,1,100,31.174
1032499.467849,1032499.467851,1760462429.280698,111587.000,15406,1,T1,1,100,31.182
1032499.601851,1032499.601853,1760462429.414700,111721.000,15422,1,T1,1,100,31.185
1032499.734853,1032499.734855,1760462429.547702,111854.000,15438,1,T1,1,100,31.293
1032499.867855,1032499.867857,1760462429.680705,111987.000,15470,1,T1,1,100,31.198
1032500.001856,1032500.001859,1760462429.814707,112121.000,15491,1,T1,1,100,31.192
1032500.134858,1032500.134861,1760462429.947709,112254.000,15507,1,T1,1,100,31.260
1032500.267860,1032500.267863,1760462430.080712,112387.000,15538,1,T1,1,100,31.290
1032500.401862,1032500.401865,1760462430.214714,112521.000,15553,1,T1,1,100,31.267
1032500.534864,1032500.534867,1760462430.347716,112654.000,15574,1,T1,1,100,31.222
1032500.667866,1032500.667869,1760462430.480718,112787.000,15604,1,T1,1,100,31.273
1032500.801868,1032500.801871,1760462430.614721,112921.000,15620,1,T1,1,100,31.154
1032500.934870,1032500.934873,1760462430.747723,113054.000,15642,1,T1,1,100,31.279
1032501.067872,1032501.067875,1760462430.880725,113187.000,15676,1,T1,1,100,31.334
1032501.201874,1032501.201877,1760462431.014727,113321.000,15692,1,T1,1,100,31.251
1032501.334876,1032501.334878,1760462431.147730,113454.000,15708,1,T1,1,100,31.357
1032501.467878,1032501.467880,1760462431.280732,113587.000,15739,1,T1,1,100,31.332
1032501.600880,1032501.600882,1760462431.413734,113720.000,15756,1,T1,1,100,31.321
1032501.734882,1032501.734884,1760462431.547737,113854.000,15772,1,T1,1,100,31.316
1032501.867884,1032501.867886,1760462431.680739,113987.000,15788,1,T1,1,100,31.243
1032502.000886,1032502.000888,1760462431.813741,114120.000,15821,1,T1,1,100,31.212
1032502.134888,1032502.134890,1760462431.947743,114254.000,15837,1,T1,1,100,31.233
1032502.267890,1032502.267892,1760462432.080746,114387.000,15855,1,T1,1,100,31.314
1032502.400892,1032502.400894,1760462432.213748,114520.000,15885,1,T1,1,100,31.207
1032502.534894,1032502.534896,1760462432.347750,114654.000,15902,1,T1,1,100,31.231
1032502.667896,1032502.667898,1760462432.480752,114787.000,15917,1,T1,1,100,31.242
1032502.800898,1032502.800900,1760462432.613755,114920.000,15951,1,T1,1,100,31.353
1032502.934900,1032502.934902,1760462432.747757,115054.000,15967,1,T1,1,100,31.365
1032503.067902,1032503.067904,1760462432.880759,115187.000,15984,1,T1,1,100,31.264
1032503.200903,1032503.200906,1760462433.013762,115320.000,16015,1,T1,1,100,31.256
1032503.334905,1032503.334908,1760462433.147764,115454.000,16033,1,T1,1,100,31.430
1032503.467907,1032503.467910,1760462433.280766,115587.000,16048,1,T1,1,100,31.434
1032503.600909,1032503.600912,1760462433.413768,115720.000,16079,1,T1,1,100,31.330
1032503.734911,1032503.734914,1760462433.547771,115854.000,16095,1,T1,1,100,31.355
1032503.867913,1032503.867916,1760462433.680773,115987.000,16112,1,T1,1,100,31.296
1032504.000915,1032504.000918,1760462433.813775,116120.000,16128,1,T1,1,100,31.412
1032504.134917,1032504.134919,1760462433.947778,116254.000,16163,1,T1,1,100,31.355
1032504.267919,1032504.267921,1760462434.080780,116387.000,16178,1,T1,1,100,31.296
1032504.400921,1032504.400923,1760462434.213782,116520.000,16194,1,T1,1,100,31.305
1032504.534923,1032504.534925,1760462434.347784,116654.000,16227,1,T1,1,100,31.380
1032504.667925,1032504.667927,1760462434.480787,116787.000,16244,1,T1,1,100,31.377
1032504.800927,1032504.800929,1760462434.613789,116920.000,16260,1,T1,1,100,31.376
1032504.933929,1032504.933931,1760462434.746791,117053.000,16296,1,T1,1,100,31.340
1032505.067931,1032505.067933,1760462434.880794,117187.000,16311,1,T1,1,100,31.360
1032505.200933,1032505.200935,1760462435.013796,117320.000,16328,1,T1,1,100,31.368
1032505.333935,1032505.333937,1760462435.146798,117453.000,16360,1,T1,1,100,31.301
1032505.467937,1032505.467939,1760462435.280800,117587.000,16375,1,T1,1,100,31.379
1032505.600939,1032505.600941,1760462435.413803,117720.000,16392,1,T1,1,100,31.341
1032505.733941,1032505.733943,1760462435.546805,117853.000,16424,1,T1,1,100,31.396
1032505.867943,1032505.867945,1760462435.680807,117987.000,16441,1,T1,1,100,31.419
1032506.000945,1032506.000947,1760462435.813809,118120.000,16466,1,T1,1,100,31.359
1032506.133947,1032506.133949,1760462435.946812,118253.000,16481,1,T1,1,100,31.297
1032506.267949,1032506.267951,1760462436.080814,118387.000,16514,1,T1,1,100,31.377
1032506.400951,1032506.400953,1760462436.213816,118520.000,16530,1,T1,1,100,31.376
1032506.533952,1032506.533955,1760462436.346818,118653.000,16546,1,T1,1,100,31.375
1032506.667954,1032506.667957,1760462436.480821,118787.000,16576,1,T1,1,100,31.446
1032506.800956,1032506.800958,1760462436.613823,118920.000,16595,1,T1,1,100,31.441
1032506.933958,1032506.933960,1760462436.746825,119053.000,16611,1,T1,1,100,31.475
1032507.067960,1032507.067962,1760462436.880828,119187.000,16643,1,T1,1,100,31.560
1032507.200962,1032507.200964,1760462437.013830,119320.000,16660,1,T1,1,100,31.561
1032507.333964,1032507.333966,1760462437.146832,119453.000,16677,1,T1,1,100,31.420
1032507.467966,1032507.467968,1760462437.280834,119587.000,16693,1,T1,1,100,31.501
1032507.600968,1032507.600970,1760462437.413837,119720.000,16724,1,T1,1,100,31.429
1032507.733970,1032507.733972,1760462437.546839,119853.000,16739,1,T1,1,100,31.505
1032507.866972,1032507.866974,1760462437.679841,119986.000,16756,1,T1,1,100,31.467
1032508.000974,1032508.000976,1760462437.813843,120120.000,16787,1,T1,1,100,31.486
1032508.133976,1032508.133978,1760462437.946846,120253.000,16802,1,T1,1,100,31.387
1032508.266978,1032508.266980,1760462438.079848,120386.000,16821,1,T1,1,100,31.487
1032508.400980,1032508.400982,1760462438.213850,120520.000,16851,1,T1,1,100,31.459
1032508.533982,1032508.533984,1760462438.346853,120653.000,16867,1,T1,1,100,31.411
1032508.666984,1032508.666986,1760462438.479855,120786.000,16883,1,T1,1,100,31.462
1032508.800986,1032508.800988,1760462438.613857,120920.000,16916,1,T1,1,100,31.483
1032508.933988,1032508.933990,1760462438.746860,121053.000,16931,1,T1,1,100,31.564
1032509.066990,1032509.066992,1760462438.879862,121186.000,16947,1,T1,1,100,31.528
1032509.200992,1032509.200994,1760462439.013864,121320.000,16978,1,T1,1,100,31.441
1032509.333994,1032509.333996,1760462439.146866,121453.000,16993,1,T1,1,100,31.404
1032509.466996,1032509.466997,1760462439.279869,121586.000,17011,1,T1,1,100,31.565
1032509.600998,1032509.600999,1760462439.413871,121720.000,17042,1,T1,1,100,31.528
1032509.733999,1032509.734001,1760462439.546873,121853.000,17057,1,T1,1,100,31.583
1032509.867001,1032509.867003,1760462439.679875,121986.000,17074,1,T1,1,100,31.536
1032510.001003,1032510.001005,1760462439.813878,122120.000,17091,1,T1,1,100,31.516
1032510.134005,1032510.134007,1760462439.946880,122253.000,17123,1,T1,1,100,31.578
1032510.267007,1032510.267009,1760462440.079882,122386.000,17140,1,T1,1,100,31.534
1032510.401009,1032510.401011,1760462440.213885,122520.000,17155,1,T1,1,100,31.621
1032510.534011,1032510.534013,1760462440.346887,122653.000,17186,1,T1,1,100,31.552
1032510.667013,1032510.667015,1760462440.479889,122786.000,17204,1,T1,1,100,31.523
1032510.801015,1032510.801017,1760462440.613891,122920.000,17219,1,T1,1,100,31.616
1032510.934017,1032510.934019,1760462440.746894,123053.000,17250,1,T1,1,100,31.550
1032511.067019,1032511.067021,1760462440.879896,123186.000,17266,1,T1,1,100,31.628
1032511.200021,1032511.200023,1760462441.012898,123319.000,17284,1,T1,1,100,31.662
1032511.334023,1032511.334025,1760462441.146900,123453.000,17314,1,T1,1,100,31.676
1032511.467025,1032511.467027,1760462441.279903,123586.000,17330,1,T1,1,100,31.647
1032511.600027,1032511.600029,1760462441.412905,123719.000,17346,1,T1,1,100,31.564
1032511.734029,1032511.734031,1760462441.546907,123853.000,17378,1,T1,1,100,31.528
1032511.867031,1032511.867033,1760462441.679909,123986.000,17397,1,T1,1,100,31.618
1032512.000033,1032512.000035,1760462441.812912,124119.000,17412,1,T1,1,100,31.622
1032512.134035,1032512.134037,1760462441.946914,124253.000,17428,1,T1,1,100,31.624
1032512.267037,1032512.267038,1760462442.079916,124386.000,17459,1,T1,1,100,31.518
1032512.400039,1032512.400040,1760462442.212919,124519.000,17474,1,T1,1,100,31.472
1032512.534041,1032512.534042,1760462442.346921,124653.000,17492,1,T1,1,100,31.524
1032512.667043,1032512.667044,1760462442.479923,124786.000,17523,1,T1,1,100,31.510
1032512.800045,1032512.800046,1760462442.612926,124919.000,17538,1,T1,1,100,31.575
1032512.934047,1032512.934048,1760462442.746928,125053.000,17555,1,T1,1,100,31.604
1032513.067048,1032513.067050,1760462442.879930,125186.000,17587,1,T1,1,100,31.651
1032513.200050,1032513.200052,1760462443.012932,125319.000,17603,1,T1,1,100,31.672
1032513.334052,1032513.334054,1760462443.146935,125453.000,17619,1,T1,1,100,31.610
1032513.467054,1032513.467056,1760462443.279937,125586.000,17652,1,T1,1,100,31.512
1032513.600056,1032513.600058,1760462443.412939,125719.000,17667,1,T1,1,100,31.612
1032513.734058,1032513.734060,1760462443.546942,125853.000,17683,1,T1,1,100,31.726
1032513.867060,1032513.867062,1760462443.679944,125986.000,17716,1,T1,1,100,31.669
1032514.000062,1032514.000064,1760462443.812946,126119.000,17733,1,T1,1,100,31.573
1032514.134064,1032514.134066,1760462443.946948,126253.000,17749,1,T1,1,100,31.709
1032514.267066,1032514.267068,1760462444.079951,126386.000,17782,1,T1,1,100,31.732
1032514.400068,1032514.400070,1760462444.212953,126519.000,17797,1,T1,1,100,31.707
1032514.533070,1032514.533072,1760462444.345955,126652.000,17814,1,T1,1,100,31.660
1032514.667072,1032514.667074,1760462444.479957,126786.000,17831,1,T1,1,100,31.711
1032514.800074,1032514.800076,1760462444.612960,126919.000,17861,1,T1,1,100,31.733
1032514.933076,1032514.933077,1760462444.745962,127052.000,17880,1,T1,1,100,31.636
1032515.067078,1032515.067079,1760462444.879964,127186.000,17895,1,T1,1,100,31.559
1032515.200080,1032515.200081,1760462445.012966,127319.000,17928,1,T1,1,100,31.596
1032515.333082,1032515.333083,1760462445.145969,127452.000,17944,1,T1,1,100,31.613
1032515.467084,1032515.467085,1760462445.279971,127586.000,17959,1,T1,1,100,31.655
1032515.600086,1032515.600087,1760462445.412973,127719.000,17990,1,T1,1,100,31.603
1032515.733088,1032515.733089,1760462445.545975,127852.000,18008,1,T1,1,100,31.544
1032515.867090,1032515.867091,1760462445.679978,127986.000,18024,1,T1,1,100,31.555
1032516.000092,1032516.000093,1760462445.812980,128119.000,18054,1,T1,1,100,31.559
1032516.133094,1032516.133095,1760462445.945982,128252.000,18070,1,T1,1,100,31.667
1032516.267096,1032516.267097,1760462446.079985,128386.000,18088,1,T1,1,100,31.750
1032516.400097,1032516.400099,1760462446.212987,128519.000,18118,1,T1,1,100,31.750
1032516.533099,1032516.533101,1760462446.345989,128652.000,18135,1,T1,1,100,31.714
1032516.667101,1032516.667103,1760462446.479991,128786.000,18150,1,T1,1,100,31.664
1032516.800103,1032516.800105,1760462446.612994,128919.000,18183,1,T1,1,100,31.713
1032516.933105,1032516.933107,1760462446.745996,129052.000,18199,1,T1,1,100,31.663
1032517.067107,1032517.067109,1760462446.879998,129186.000,18214,1,T1,1,100,31.783
1032517.200109,1032517.200111,1760462447.013000,129319.000,18230,1,T1,1,100,31.623
1032517.333111,1032517.333113,1760462447.146003,129452.000,18261,1,T1,1,100,31.624
1032517.467113,1032517.467115,1760462447.280005,129586.000,18276,1,T1,1,100,31.731
1032517.600115,1032517.600116,1760462447.413007,129719.000,18293,1,T1,1,100,31.635
1032517.733117,1032517.733118,1760462447.546010,129852.000,18326,2,T1,1,100,31.594
1032517.866119,1032517.866120,1760462447.679012,129985.000,18326,2,T1,1,100,31.612
1032518.000121,1032518.000122,1760462447.813014,130119.000,18342,1,T1,1,100,31.726
1032518.133123,1032518.133124,1760462447.946017,130252.000,18377,1,T1,1,100,31.739
1032518.266125,1032518.266126,1760462448.079019,130385.000,18392,1,T1,1,100,31.745
1032518.400127,1032518.400128,1760462448.213021,130519.000,18408,1,T1,1,100,31.677
1032518.533129,1032518.533130,1760462448.346023,130652.000,18425,1,T1,1,100,31.683
1032518.666131,1032518.666132,1760462448.479026,130785.000,18456,1,T1,1,100,31.686
1032518.800133,1032518.800134,1760462448.613028,130919.000,18472,1,T1,1,100,31.651
1032518.933135,1032518.933136,1760462448.746030,131052.000,18489,1,T1,1,100,31.565
1032519.066137,1032519.066138,1760462448.879032,131185.000,18521,1,T1,1,100,31.599
1032519.200139,1032519.200140,1760462449.013035,131319.000,18540,1,T1,1,100,31.649
1032519.333141,1032519.333142,1760462449.146037,131452.000,18555,1,T1,1,100,31.742
1032519.466143,1032519.466144,1760462449.279039,131585.000,18586,1,T1,1,100,31.782
1032519.600144,1032519.600146,1760462449.413042,131719.000,18602,1,T1,1,100,31.835
1032519.733146,1032519.733148,1760462449.546044,131852.000,18617,1,T1,1,100,31.751
1032519.866148,1032519.866150,1760462449.679046,131985.000,18653,1,T1,1,100,31.715
1032520.000150,1032520.000152,1760462449.813048,132119.000,18671,1,T1,1,100,31.735
1032520.133152,1032520.133154,1760462449.946051,132252.000,18686,1,T1,1,100,31.708
1032520.266154,1032520.266155,1760462450.079053,132385.000,18703,1,T1,1,100,31.732
1032520.400156,1032520.400157,1760462450.213055,132519.000,18735,1,T1,1,100,31.742
1032520.533158,1032520.533159,1760462450.346057,132652.000,18751,1,T1,1,100,31.782
1032520.666160,1032520.666161,1760462450.479060,132785.000,18767,1,T1,1,100,31.835
1032520.800162,1032520.800163,1760462450.613062,132919.000,18782,1,T1,1,100,31.751
1032520.933164,1032520.933165,1760462450.746064,133052.000,18816,1,T1,1,100,31.821
1032521.066166,1032521.066167,1760462450.879067,133185.000,18834,1,T1,1,100,31.923
1032521.199168,1032521.199169,1760462451.012069,133318.000,18850,1,T1,1,100,31.683
1032521.333170,1032521.333171,1760462451.146071,133452.000,18866,1,T1,1,100,31.721
1032521.466172,1032521.466173,1760462451.279073,133585.000,18899,1,T1,1,100,31.737
1032521.600174,1032521.600175,1760462451.413076,133719.000,18914,1,T1,1,100,31.851
1032521.733176,1032521.733177,1760462451.546078,133852.000,18930,1,T1,1,100,31.865
1032521.866178,1032521.866179,1760462451.679080,133985.000,18964,1,T1,1,100,31.764
1032521.999180,1032521.999181,1760462451.812083,134118.000,18979,1,T1,1,100,31.827
1032522.133182,1032522.133183,1760462451.946085,134252.000,18997,1,T1,1,100,31.854
1032522.266184,1032522.266185,1760462452.079087,134385.000,19028,1,T1,1,100,31.831
1032522.399186,1032522.399187,1760462452.212089,134518.000,19045,1,T1,1,100,31.749
1032522.533188,1032522.533189,1760462452.346092,134652.000,19062,1,T1,1,100,31.821
1032522.666190,1032522.666191,1760462452.479094,134785.000,19092,1,T1,1,100,31.745
1032522.799192,1032522.799193,1760462452.612096,134918.000,19107,1,T1,1,100,31.783
1032522.933193,1032522.933195,1760462452.746099,135052.000,19130,1,T1,1,100,31.764
1032523.066195,1032523.066196,1760462452.879101,135185.000,19147,1,T1,1,100,31.756
1032523.199197,1032523.199198,1760462453.012103,135318.000,19178,1,T1,1,100,31.788
1032523.333199,1032523.333200,1760462453.146105,135452.000,19194,1,T1,1,100,31.767
1032523.466201,1032523.466202,1760462453.279108,135585.000,19209,1,T1,1,100,31.934
1032523.599203,1032523.599204,1760462453.412110,135718.000,19242,1,T1,1,100,31.901
1032523.733205,1032523.733206,1760462453.546112,135852.000,19258,1,T1,1,100,31.992
1032523.866207,1032523.866208,1760462453.679114,135985.000,19274,1,T1,1,100,31.926
1032523.999209,1032523.999210,1760462453.812117,136118.000,19307,1,T1,1,100,31.897
1032524.133211,1032524.133212,1760462453.946119,136252.000,19325,1,T1,1,100,31.920
1032524.266213,1032524.266214,1760462454.079121,136385.000,19341,1,T1,1,100,31.965
1032524.399215,1032524.399216,1760462454.212124,136518.000,19373,1,T1,1,100,31.808
1032524.532217,1032524.532218,1760462454.345126,136651.000,19390,1,T1,1,100,31.952
1032524.666219,1032524.666220,1760462454.479128,136785.000,19405,1,T1,1,100,31.908
1032524.799221,1032524.799222,1760462454.612130,136918.000,19423,1,T1,1,100,31.925
1032524.933223,1032524.933224,1760462454.746133,137052.000,19457,1,T1,1,100,31.897
1032525.066225,1032525.066226,1760462454.879135,137185.000,19474,1,T1,1,100,31.849
1032525.199227,1032525.199228,1760462455.012137,137318.000,19491,1,T1,1,100,31.828
1032525.332229,1032525.332230,1760462455.145139,137451.000,19523,1,T1,1,100,31.926
1032525.466231,1032525.466232,1760462455.279142,137585.000,19538,1,T1,1,100,31.897
1032525.599233,1032525.599234,1760462455.412144,137718.000,19555,1,T1,1,100,31.743
1032525.732235,1032525.732235,1760462455.545146,137851.000,19585,1,T1,1,100,31.818
1032525.866237,1032525.866237,1760462455.679149,137985.000,19603,1,T1,1,100,31.921
1032525.999239,1032525.999239,1760462455.812151,138118.000,19620,1,T1,1,100,31.824
1032526.132240,1032526.132241,1760462455.945153,138251.000,19653,1,T1,1,100,31.817
1032526.266242,1032526.266243,1760462456.079155,138385.000,19668,1,T1,1,100,31.779
1032526.399244,1032526.399245,1760462456.212158,138518.000,19684,1,T1,1,100,31.692
1032526.532246,1032526.532247,1760462456.345160,138651.000,19701,1,T1,1,100,31.760
1032526.666248,1032526.666249,1760462456.479162,138785.000,19732,1,T1,1,100,31.719
1032526.799250,1032526.799251,1760462456.612164,138918.000,19748,1,T1,1,100,31.701
1032526.932252,1032526.932253,1760462456.745167,139051.000,19765,1,T1,1,100,31.764
1032527.066254,1032527.066255,1760462456.879169,139185.000,19799,1,T1,1,100,31.685
1032527.199256,1032527.199257,1760462457.012171,139318.000,19816,1,T1,1,100,31.616
1032527.332258,1032527.332259,1760462457.145174,139451.000,19831,1,T1,1,100,31.692
1032527.466260,1032527.466261,1760462457.279176,139585.000,19864,1,T1,1,100,31.760
1032527.599262,1032527.599263,1760462457.412178,139718.000,19882,1,T1,1,100,31.684
1032527.732264,1032527.732265,1760462457.545180,139851.000,19897,1,T1,1,100,31.757
1032527.866266,1032527.866267,1760462457.679183,139985.000,19914,1,T1,1,100,31.895
1032527.999268,1032527.999269,1760462457.812185,140118.000,19952,1,T1,1,100,31.813
1032528.132270,1032528.132271,1760462457.945187,140251.000,19969,1,T1,1,100,31.848
1032528.265272,1032528.265273,1760462458.078190,140384.000,19986,1,T1,1,100,31.792
1032528.399274,1032528.399274,1760462458.212192,140518.000,20016,1,T1,1,100,31.804
1032528.532276,1032528.532276,1760462458.345194,140651.000,20032,1,T1,1,100,31.738
1032528.665278,1032528.665278,1760462458.478196,140784.000,20050,1,T1,1,100,31.816
1032528.799280,1032528.799280,1760462458.612199,140918.000,20065,1,T1,1,100,31.814
1032528.932282,1032528.932282,1760462458.745201,141051.000,20097,1,T1,1,100,31.955
1032529.065284,1032529.065284,1760462458.878203,141184.000,20115,1,T1,1,100,31.874
1032529.199286,1032529.199286,1760462459.012206,141318.000,20133,1,T1,1,100,31.875
1032529.332288,1032529.332288,1760462459.145208,141451.000,20163,1,T1,1,100,31.768
1032529.465289,1032529.465290,1760462459.278210,141584.000,20179,1,T1,1,100,31.758
1032529.599291,1032529.599292,1760462459.412212,141718.000,20195,1,T1,1,100,31.824
1032529.732293,1032529.732294,1760462459.545215,141851.000,20227,1,T1,1,100,31.818
1032529.865295,1032529.865296,1760462459.678217,141984.000,20244,1,T1,1,100,31.886
1032529.999297,1032529.999298,1760462459.812219,142118.000,20262,1,T1,1,100,31.844
1032530.132299,1032530.132300,1760462459.945221,142251.000,20295,1,T1,1,100,31.968
1032530.265301,1032530.265302,1760462460.078224,142384.000,20313,1,T1,1,100,32.057
1032530.399303,1032530.399304,1760462460.212226,142518.000,20328,1,T1,1,100,31.954
1032530.532305,1032530.532306,1760462460.345228,142651.000,20359,1,T1,1,100,31.980
1032530.665307,1032530.665308,1760462460.478230,142784.000,20375,1,T1,1,100,32.027
1032530.799309,1032530.799310,1760462460.612233,142918.000,20392,1,T1,1,100,31.976
1032530.932311,1032530.932312,1760462460.745235,143051.000,20409,1,T1,1,100,31.919
1032531.065313,1032531.065313,1760462460.878237,143184.000,20442,1,T1,1,100,31.823
1032531.198315,1032531.198315,1760462461.011240,143317.000,20458,1,T1,1,100,31.959
1032531.332317,1032531.332317,1760462461.145242,143451.000,20474,1,T1,1,100,31.911
1032531.465319,1032531.465319,1760462461.278244,143584.000,20507,1,T1,1,100,31.962
1032531.598321,1032531.598321,1760462461.411247,143717.000,20522,1,T1,1,100,32.019
1032531.732323,1032531.732323,1760462461.545249,143851.000,20538,1,T1,1,100,32.008
1032531.865325,1032531.865325,1760462461.678251,143984.000,20572,1,T1,1,100,31.933
1032531.998327,1032531.998327,1760462461.811253,144117.000,20587,1,T1,1,100,31.935
1032532.132329,1032532.132329,1760462461.945256,144251.000,20605,1,T1,1,100,32.007
1032532.265331,1032532.265331,1760462462.078258,144384.000,20638,1,T1,1,100,32.003
1032532.398333,1032532.398333,1760462462.211260,144517.000,20653,1,T1,1,100,32.001
1032532.532335,1032532.532335,1760462462.345262,144651.000,20672,1,T1,1,100,32.036
1032532.665337,1032532.665337,1760462462.478265,144784.000,20687,1,T1,1,100,32.016
1032532.798338,1032532.798339,1760462462.611267,144917.000,20718,1,T1,1,100,31.936
1032532.932340,1032532.932341,1760462462.745269,145051.000,20735,1,T1,1,100,32.043
1032533.065342,1032533.065343,1760462462.878272,145184.000,20750,1,T1,1,100,31.948
1032533.198344,1032533.198345,1760462463.011274,145317.000,20790,1,T1,1,100,31.906
1032533.332346,1032533.332347,1760462463.145276,145451.000,20806,1,T1,1,100,31.960
1032533.465348,1032533.465349,1760462463.278278,145584.000,20821,1,T1,1,100,31.947
1032533.598350,1032533.598351,1760462463.411281,145717.000,20852,1,T1,1,100,31.942
1032533.732352,1032533.732353,1760462463.545283,145851.000,20870,1,T1,1,100,31.904
1032533.865354,1032533.865354,1760462463.678285,145984.000,20886,1,T1,1,100,31.958
1032533.998356,1032533.998356,1760462463.811287,146117.000,20917,1,T1,1,100,32.017
1032534.131358,1032534.131358,1760462463.944290,146250.000,20935,1,T1,1,100,32.043
1032534.265360,1032534.265360,1760462464.078292,146384.000,20953,1,T1,1,100,31.948
1032534.398362,1032534.398362,1760462464.211294,146517.000,20969,1,T1,1,100,31.977
1032534.531364,1032534.531364,1760462464.344296,146650.000,21000,1,T1,1,100,31.990
1032534.665366,1032534.665366,1760462464.478299,146784.000,21015,1,T1,1,100,32.031
1032534.798368,1032534.798368,1760462464.611301,146917.000,21031,1,T1,1,100,31.978
1032534.931370,1032534.931370,1760462464.744303,147050.000,21067,1,T1,1,100,31.920
1032535.065372,1032535.065372,1760462464.878306,147184.000,21084,1,T1,1,100,32.001
1032535.198374,1032535.198374,1760462465.011308,147317.000,21101,1,T1,1,100,32.000
1032535.331376,1032535.331376,1760462465.144310,147450.000,21133,1,T1,1,100,31.965
1032535.465378,1032535.465378,1760462465.278312,147584.000,21148,1,T1,1,100,31.985
1032535.598380,1032535.598380,1760462465.411315,147717.000,21165,1,T1,1,100,31.958
1032535.731382,1032535.731382,1760462465.544317,147850.000,21195,1,T1,1,100,32.053
1032535.865384,1032535.865384,1760462465.678319,147984.000,21211,1,T1,1,100,32.058
1032535.998385,1032535.998386,1760462465.811321,148117.000,21230,1,T1,1,100,31.990
1032536.131387,1032536.131388,1760462465.944324,148250.000,21247,1,T1,1,100,32.031
1032536.265389,1032536.265390,1760462466.078326,148384.000,21278,1,T1,1,100,31.978
1032536.398391,1032536.398392,1760462466.211329,148517.000,21294,1,T1,1,100,32.061
1032536.531393,1032536.531393,1760462466.344331,148650.000,21314,1,T1,1,100,32.027
1032536.665395,1032536.665395,1760462466.478333,148784.000,21346,1,T1,1,100,32.047
1032536.798397,1032536.798397,1760462466.611335,148917.000,21362,1,T1,1,100,32.056
1032536.931399,1032536.931399,1760462466.744338,149050.000,21378,1,T1,1,100,31.882
1032537.065401,1032537.065401,1760462466.878340,149184.000,21413,1,T1,1,100,32.055
1032537.198403,1032537.198403,1760462467.011342,149317.000,21430,1,T1,1,100,32.024
1032537.331405,1032537.331405,1760462467.144344,149450.000,21445,1,T1,1,100,32.046
1032537.465407,1032537.465407,1760462467.278347,149584.000,21476,1,T1,1,100,32.091
1032537.598409,1032537.598409,1760462467.411349,149717.000,21494,1,T1,1,100,32.146
1032537.731411,1032537.731411,1760462467.544351,149850.000,21509,1,T1,1,100,32.134
1032537.865413,1032537.865413,1760462467.678354,149984.000,21540,1,T1,1,100,32.093
1032537.998415,1032537.998415,1760462467.811356,150117.000,21557,1,T1,1,100,32.147
1032538.131417,1032538.131417,1760462467.944358,150250.000,21574,1,T1,1,100,32.205
1032538.264419,1032538.264419,1760462468.077360,150383.000,21596,1,T1,1,100,32.053
1032538.398421,1032538.398421,1760462468.211363,150517.000,21613,1,T1,1,100,32.129
1032538.531423,1032538.531423,1760462468.344365,150650.000,21629,1,T1,1,100,32.056
1032538.664425,1032538.664425,1760462468.477367,150783.000,21659,1,T1,1,100,32.095
1032538.798427,1032538.798427,1760462468.611369,150917.000,21675,1,T1,1,100,32.041
1032538.931429,1032538.931429,1760462468.744372,151050.000,21691,1,T1,1,100,32.053
1032539.064431,1032539.064431,1760462468.877374,151183.000,21707,1,T1,1,100,32.059
1032539.198433,1032539.198432,1760462469.011376,151317.000,21740,1,T1,1,100,32.096
1032539.331434,1032539.331434,1760462469.144378,151450.000,21755,1,T1,1,100,32.148
1032539.464436,1032539.464436,1760462469.277381,151583.000,21771,1,T1,1,100,32.135
1032539.598438,1032539.598438,1760462469.411383,151717.000,21802,1,T1,1,100,32.129
1032539.731440,1032539.731440,1760462469.544385,151850.000,21817,1,T1,1,100,32.127
1032539.864442,1032539.864442,1760462469.677387,151983.000,21836,1,T1,1,100,32.161
1032539.998444,1032539.998444,1760462469.811390,152117.000,21868,1,T1,1,100,32.176
1032540.131446,1032540.131446,1760462469.944392,152250.000,21883,1,T1,1,100,32.147
1032540.264448,1032540.264448,1760462470.077394,152383.000,21900,1,T1,1,100,32.135
1032540.398450,1032540.398450,1760462470.211397,152517.000,21932,1,T1,1,100,32.165
1032540.531452,1032540.531452,1760462470.344399,152650.000,21948,1,T1,1,100,32.249
1032540.664454,1032540.664454,1760462470.477401,152783.000,21964,1,T1,1,100,32.320
1032540.798456,1032540.798456,1760462470.611403,152917.000,21995,1,T1,1,100,32.280
1032540.931458,1032540.931458,1760462470.744406,153050.000,22010,1,T1,1,100,32.299
1032541.064460,1032541.064460,1760462470.877408,153183.000,22028,1,T1,1,100,32.271
1032541.197462,1032541.197462,1760462471.010410,153316.000,22043,1,T1,1,100,32.365
1032541.331464,1032541.331464,1760462471.144413,153450.000,22074,1,T1,1,100,32.300
1032541.464466,1032541.464466,1760462471.277415,153583.000,22090,1,T1,1,100,32.236
1032541.598468,1032541.598468,1760462471.411417,153717.000,22108,1,T1,1,100,32.173
1032541.731470,1032541.731470,1760462471.544420,153850.000,22138,1,T1,1,100,32.252
1032541.864472,1032541.864471,1760462471.677422,153983.000,22155,1,T1,1,100,32.145
1032541.997474,1032541.997473,1760462471.810424,154116.000,22170,1,T1,1,100,32.204
1032542.131476,1032542.131475,1760462471.944426,154250.000,22203,1,T1,1,100,32.159
1032542.264478,1032542.264477,1760462472.077429,154383.000,22219,1,T1,1,100,32.175
1032542.397480,1032542.397479,1760462472.210431,154516.000,22234,1,T1,1,100,32.182
1032542.531481,1032542.531481,1760462472.344433,154650.000,22265,1,T1,1,100,32.150
1032542.664483,1032542.664483,1760462472.477435,154783.000,22283,1,T1,1,100,32.171
1032542.797485,1032542.797485,1760462472.610438,154916.000,22298,1,T1,1,100,32.145
1032542.931487,1032542.931487,1760462472.744440,155050.000,22329,1,T1,1,100,32.275
1032543.064489,1032543.064489,1760462472.877442,155183.000,22345,1,T1,1,100,32.296
1032543.197491,1032543.197491,1760462473.010444,155316.000,22363,1,T1,1,100,32.270
1032543.331493,1032543.331493,1760462473.144447,155450.000,22379,1,T1,1,100,32.223
1032543.464495,1032543.464495,1760462473.277449,155583.000,22409,1,T1,1,100,32.238
1032543.597497,1032543.597497,1760462473.410451,155716.000,22427,1,T1,1,100,32.280
1032543.731499,1032543.731499,1760462473.544454,155850.000,22443,1,T1,1,100,32.405
1032543.864501,1032543.864501,1760462473.677456,155983.000,22474,1,T1,1,100,32.353
1032543.997503,1032543.997503,1760462473.810458,156116.000,22489,1,T1,1,100,32.223
1032544.130505,1032544.130505,1760462473.943460,156249.000,22507,1,T1,1,100,32.309
1032544.264507,1032544.264507,1760462474.077463,156383.000,22538,1,T1,1,100,32.347
1032544.397509,1032544.397509,1760462474.210465,156516.000,22553,1,T1,1,100,32.185
1032544.530511,1032544.530511,1760462474.343467,156649.000,22570,1,T1,1,100,32.222
1032544.664513,1032544.664512,1760462474.477469,156783.000,22602,1,T1,1,100,32.202
1032544.797515,1032544.797514,1760462474.610472,156916.000,22617,1,T1,1,100,32.194
1032544.930517,1032544.930516,1760462474.743474,157049.000,22636,1,T1,1,100,32.226
1032545.064519,1032545.064518,1760462474.877476,157183.000,22666,1,T1,1,100,32.204
1032545.197521,1032545.197520,1760462475.010479,157316.000,22684,1,T1,1,100,32.301
1032545.330523,1032545.330522,1760462475.143481,157449.000,22700,1,T1,1,100,32.130
1032545.464525,1032545.464524,1760462475.277483,157583.000,22715,1,T1,1,100,32.234
1032545.597527,1032545.597526,1760462475.410486,157716.000,22746,1,T1,1,100,32.207
1032545.730529,1032545.730528,1760462475.543488,157849.000,22764,1,T1,1,100,32.267
1032545.864530,1032545.864530,1760462475.677490,157983.000,22780,1,T1,1,100,32.257
1032545.997532,1032545.997532,1760462475.810492,158116.000,22810,1,T1,1,100,32.324
1032546.130534,1032546.130534,1760462475.943495,158249.000,22826,1,T1,1,100,32.318
1032546.264536,1032546.264536,1760462476.077497,158383.000,22842,1,T1,1,100,32.315
1032546.397538,1032546.397538,1760462476.210499,158516.000,22874,1,T1,1,100,32.349
1032546.530540,1032546.530540,1760462476.343501,158649.000,22891,1,T1,1,100,32.399
1032546.664542,1032546.664542,1760462476.477504,158783.000,22906,1,T1,1,100,32.385
1032546.797544,1032546.797544,1760462476.610506,158916.000,22937,1,T1,1,100,32.344
1032546.930546,1032546.930546,1760462476.743508,159049.000,22955,1,T1,1,100,32.255
1032547.064548,1032547.064548,1760462476.877511,159183.000,22970,1,T1,1,100,32.323
1032547.197550,1032547.197550,1760462477.010513,159316.000,23001,1,T1,1,100,32.353
1032547.330552,1032547.330551,1760462477.143515,159449.000,23017,1,T1,1,100,32.330
1032547.464554,1032547.464553,1760462477.277517,159583.000,23034,1,T1,1,100,32.285
1032547.597556,1032547.597555,1760462477.410520,159716.000,23065,1,T1,1,100,32.265
1032547.730558,1032547.730557,1760462477.543522,159849.000,23081,1,T1,1,100,32.398
1032547.864560,1032547.864559,1760462477.677524,159983.000,23097,1,T1,1,100,32.350
1032547.997562,1032547.997561,1760462477.810526,160116.000,23113,1,T1,1,100,32.293
1032548.130564,1032548.130563,1760462477.943529,160249.000,23145,1,T1,1,100,32.340
1032548.263566,1032548.263565,1760462478.076531,160382.000,23161,1,T1,1,100,32.395
1032548.397568,1032548.397567,1760462478.210533,160516.000,23177,1,T1,1,100,32.313
1032548.530570,1032548.530569,1760462478.343536,160649.000,23208,1,T1,1,100,32.277
1032548.663572,1032548.663571,1760462478.476538,160782.000,23225,1,T1,1,100,32.262
1032548.797574,1032548.797573,1760462478.610540,160916.000,23241,1,T1,1,100,32.291
1032548.930576,1032548.930575,1760462478.743542,161049.000,23272,1,T1,1,100,32.268
1032549.063577,1032549.063577,1760462478.876545,161182.000,23289,1,T1,1,100,32.258
1032549.197579,1032549.197579,1760462479.010547,161316.000,23306,1,T1,1,100,32.360
1032549.330581,1032549.330581,1760462479.143549,161449.000,23336,1,T1,1,100,32.404
1032549.463583,1032549.463583,1760462479.276551,161582.000,23351,1,T1,1,100,32.317
1032549.597585,1032549.597585,1760462479.410554,161716.000,23368,1,T1,1,100,32.385
1032549.730587,1032549.730587,1760462479.543556,161849.000,23385,1,T1,1,100,32.415
1032549.863589,1032549.863589,1760462479.676558,161982.000,23416,1,T1,1,100,32.321
1032549.997591,1032549.997590,1760462479.810561,162116.000,23436,1,T1,1,100,32.387
1032550.130593,1032550.130592,1760462479.943563,162249.000,23451,1,T1,1,100,32.345
1032550.263595,1032550.263594,1760462480.076565,162382.000,23482,1,T1,1,100,32.362
1032550.397597,1032550.397596,1760462480.210567,162516.000,23498,1,T1,1,100,32.476
1032550.530599,1032550.530598,1760462480.343570,162649.000,23516,1,T1,1,100,32.454
1032550.663601,1032550.663600,1760462480.476572,162782.000,23546,1,T1,1,100,32.445
1032550.796603,1032550.796602,1760462480.609574,162915.000,23562,1,T1,1,100,32.441
1032550.930605,1032550.930604,1760462480.743577,163049.000,23578,1,T1,1,100,32.368
1032551.063607,1032551.063606,1760462480.876579,163182.000,23610,1,T1,1,100,32.372
1032551.196609,1032551.196608,1760462481.009581,163315.000,23627,1,T1,1,100,32.374
1032551.330611,1032551.330610,1760462481.143583,163449.000,23644,1,T1,1,100,32.445
1032551.463613,1032551.463612,1760462481.276586,163582.000,23675,1,T1,1,100,32.476
1032551.596615,1032551.596614,1760462481.409588,163715.000,23691,1,T1,1,100,32.454
1032551.730617,1032551.730616,1760462481.543590,163849.000,23706,1,T1,1,100,32.374
1032551.863619,1032551.863618,1760462481.676593,163982.000,23737,1,T1,1,100,32.339
1032551.997621,1032551.997620,1760462481.810595,164116.000,23753,1,T1,1,100,32.359
1032552.130623,1032552.130622,1760462481.943597,164249.000,23768,1,T1,1,100,32.439
1032552.263625,1032552.263624,1760462482.076599,164382.000,23785,1,T1,1,100,32.367
1032552.396626,1032552.396626,1760462482.209602,164515.000,23815,1,T1,1,100,32.407
1032552.530628,1032552.530628,1760462482.343604,164649.000,23831,1,T1,1,100,32.318
1032552.663630,1032552.663629,1760462482.476606,164782.000,23847,1,T1,1,100,32.279
1032552.796632,1032552.796631,1760462482.609608,164915.000,23878,1,T1,1,100,32.334
1032552.930634,1032552.930633,1760462482.743611,165049.000,23893,1,T1,1,100,32.393
1032553.063636,1032553.063635,1760462482.876613,165182.000,23909,1,T1,1,100,32.347
1032553.196638,1032553.196637,1760462483.009615,165315.000,23942,1,T1,1,100,32.398
1032553.330640,1032553.330639,1760462483.143618,165449.000,23957,1,T1,1,100,32.421
1032553.463642,1032553.463641,1760462483.276620,165582.000,23973,1,T1,1,100,32.537
1032553.596644,1032553.596643,1760462483.409622,165715.000,24004,1,T1,1,100,32.516
1032553.730646,1032553.730645,1760462483.543624,165849.000,24019,1,T1,1,100,32.436
1032553.863648,1032553.863647,1760462483.676627,165982.000,24038,1,T1,1,100,32.437
1032553.996650,1032553.996649,1760462483.809629,166115.000,24068,1,T1,1,100,32.544
1032554.130652,1032554.130651,1760462483.943631,166249.000,24083,1,T1,1,100,32.554
1032554.263654,1032554.263653,1760462484.076633,166382.000,24100,1,T1,1,100,32.524
1032554.396656,1032554.396655,1760462484.209636,166515.000,24115,1,T1,1,100,32.546
1032554.529658,1032554.529657,1760462484.342638,166648.000,24148,1,T1,1,100,32.484
1032554.663660,1032554.663659,1760462484.476640,166782.000,24164,1,T1,1,100,32.458
1032554.796662,1032554.796661,1760462484.609643,166915.000,24179,1,T1,1,100,32.517
1032554.929664,1032554.929663,1760462484.742645,167048.000,24214,1,T1,1,100,32.401
1032555.063666,1032555.063665,1760462484.876647,167182.000,24230,1,T1,1,100,32.386
1032555.196668,1032555.196667,1760462485.009649,167315.000,24246,1,T1,1,100,32.486
1032555.329670,1032555.329669,1760462485.142652,167448.000,24276,1,T1,1,100,32.494
1032555.463672,1032555.463670,1760462485.276654,167582.000,24292,1,T1,1,100,32.427
1032555.596674,1032555.596672,1760462485.409656,167715.000,24310,1,T1,1,100,32.362
1032555.729675,1032555.729674,1760462485.542659,167848.000,24340,1,T1,1,100,32.440
1032555.863677,1032555.863676,1760462485.676661,167982.000,24357,1,T1,1,100,32.581
1032555.996679,1032555.996678,1760462485.809663,168115.000,24372,1,T1,1,100,32.606
1032556.129681,1032556.129680,1760462485.942665,168248.000,24405,1,T1,1,100,32.510
1032556.263683,1032556.263682,1760462486.076668,168382.000,24421,1,T1,1,100,32.434
1032556.396685,1032556.396684,1760462486.209670,168515.000,24436,1,T1,1,100,32.507
1032556.529687,1032556.529686,1760462486.342672,168648.000,24467,1,T1,1,100,32.574
1032556.663689,1032556.663688,1760462486.476674,168782.000,24485,1,T1,1,100,32.603
1032556.796691,1032556.796690,1760462486.609677,168915.000,24500,1,T1,1,100,32.580
1032556.929693,1032556.929692,1760462486.742679,169048.000,24517,1,T1,1,100,32.499
1032557.063695,1032557.063694,1760462486.876681,169182.000,24547,1,T1,1,100,32.500
1032557.196697,1032557.196696,1760462487.009684,169315.000,24565,1,T1,1,100,32.464
1032557.329699,1032557.329698,1760462487.142686,169448.000,24581,1,T1,1,100,32.449
1032557.462701,1032557.462700,1760462487.275688,169581.000,24612,1,T1,1,100,32.478
1032557.596703,1032557.596702,1760462487.409690,169715.000,24627,1,T1,1,100,32.455
1032557.729705,1032557.729704,1760462487.542693,169848.000,24645,1,T1,1,100,32.516
1032557.862707,1032557.862706,1760462487.675695,169981.000,24676,1,T1,1,100,32.542
1032557.996709,1032557.996708,1760462487.809697,170115.000,24691,1,T1,1,100,32.518
1032558.129711,1032558.129709,1760462487.942699,170248.000,24707,1,T1,1,100,32.508
1032558.262713,1032558.262711,1760462488.075702,170381.000,24740,1,T1,1,100,32.468
1032558.396715,1032558.396713,1760462488.209704,170515.000,24755,1,T1,1,100,32.557
1032558.529717,1032558.529715,1760462488.342706,170648.000,24772,1,T1,1,100,32.418
1032558.662719,1032558.662717,1760462488.475708,170781.000,24804,1,T1,1,100,32.429
1032558.796721,1032558.796719,1760462488.609711,170915.000,24819,1,T1,1,100,32.505
1032558.929722,1032558.929721,1760462488.742713,171048.000,24838,1,T1,1,100,32.502
1032559.062724,1032559.062723,1760462488.875715,171181.000,24868,1,T1,1,100,32.465
1032559.196726,1032559.196725,1760462489.009718,171315.000,24886,1,T1,1,100,32.521
1032559.329728,1032559.329727,1760462489.142720,171448.000,24902,1,T1,1,100,32.473
1032559.462730,1032559.462729,1760462489.275722,171581.000,24917,1,T1,1,100,32.524
1032559.596732,1032559.596731,1760462489.409724,171715.000,24948,1,T1,1,100,32.546
1032559.729734,1032559.729733,1760462489.542727,171848.000,24964,1,T1,1,100,32.520
1032559.862736,1032559.862735,1760462489.675729,171981.000,24982,1,T1,1,100,32.509
1032559.996738,1032559.996737,1760462489.809731,172115.000,25014,1,T1,1,100,32.468
1032560.129740,1032560.129739,1760462489.942734,172248.000,25030,1,T1,1,100,32.557
1032560.262742,1032560.262741,1760462490.075736,172381.000,25046,1,T1,1,100,32.596
1032560.396744,1032560.396743,1760462490.209738,172515.000,25078,1,T1,1,100,32.541
1032560.529746,1032560.529745,1760462490.342741,172648.000,25095,1,T1,1,100,32.482
1032560.662748,1032560.662747,1760462490.475743,172781.000,25110,1,T1,1,100,32.528
1032560.796750,1032560.796748,1760462490.609745,172915.000,25141,1,T1,1,100,32.583
1032560.929752,1032560.929750,1760462490.742747,173048.000,25159,1,T1,1,100,32.642
1032561.062754,1032561.062752,1760462490.875750,173181.000,25174,1,T1,1,100,32.632
1032561.196756,1032561.196754,1760462491.009752,173315.000,25190,1,T1,1,100,32.628
1032561.329758,1032561.329756,1760462491.142754,173448.000,25221,1,T1,1,100,32.626
1032561.462760,1032561.462758,1760462491.275756,173581.000,25236,1,T1,1,100,32.661
1032561.595762,1032561.595760,1760462491.408759,173714.000,25255,1,T1,1,100,32.641
1032561.729764,1032561.729762,1760462491.542761,173848.000,25285,1,T1,1,100,32.667
1032561.862766,1032561.862764,1760462491.675763,173981.000,25301,1,T1,1,100,32.608
1032561.995768,1032561.995766,1760462491.808765,174114.000,25317,1,T1,1,100,32.547
1032562.129770,1032562.129768,1760462491.942768,174248.000,25350,1,T1,1,100,32.556
1032562.262771,1032562.262770,1760462492.075770,174381.000,25365,1,T1,1,100,32.489
1032562.395773,1032562.395772,1760462492.208772,174514.000,25381,1,T1,1,100,32.495
1032562.529775,1032562.529774,1760462492.342775,174648.000,25412,1,T1,1,100,32.604
1032562.662777,1032562.662776,1760462492.475777,174781.000,25427,1,T1,1,100,32.616
1032562.795779,1032562.795778,1760462492.608779,174914.000,25445,1,T1,1,100,32.621
1032562.929781,1032562.929780,1760462492.742781,175048.000,25476,1,T1,1,100,32.552
1032563.062783,1032563.062782,1760462492.875784,175181.000,25491,1,T1,1,100,32.594
1032563.195785,1032563.195784,1760462493.008786,175314.000,25508,1,T1,1,100,32.718
1032563.329787,1032563.329786,1760462493.142788,175448.000,25523,1,T1,1,100,32.665
1032563.462789,1032563.462788,1760462493.275790,175581.000,25555,1,T1,1,100,32.642
1032563.595791,1032563.595789,1760462493.408793,175714.000,25572,1,T1,1,100,32.526
1032563.729793,1032563.729791,1760462493.542795,175848.000,25587,1,T1,1,100,32.547
1032563.862795,1032563.862793,1760462493.675797,175981.000,25620,1,T1,1,100,32.662
1032563.995797,1032563.995795,1760462493.808800,176114.000,25636,1,T1,1,100,32.606
1032564.129799,1032564.129797,1760462493.942802,176248.000,25651,1,T1,1,100,32.617
1032564.262801,1032564.262799,1760462494.075804,176381.000,25682,1,T1,1,100,32.621
1032564.395803,1032564.395801,1760462494.208807,176514.000,25700,1,T1,1,100,32.659
1032564.528805,1032564.528803,1760462494.341809,176647.000,25716,1,T1,1,100,32.604
1032564.662807,1032564.662805,1760462494.475811,176781.000,25746,1,T1,1,100,32.616
1032564.795809,1032564.795807,1760462494.608813,176914.000,25762,1,T1,1,100,32.657
1032564.928811,1032564.928809,1760462494.741816,177047.000,25780,1,T1,1,100,32.639
1032565.062813,1032565.062811,1760462494.875818,177181.000,25812,1,T1,1,100,32.666
1032565.195815,1032565.195813,1760462495.008820,177314.000,25829,1,T1,1,100,32.643
1032565.328817,1032565.328815,1760462495.141822,177447.000,25844,1,T1,1,100,32.633
1032565.462818,1032565.462817,1760462495.275825,177581.000,25877,1,T1,1,100,32.522
1032565.595820,1032565.595819,1760462495.408827,177714.000,25893,1,T1,1,100,32.616
1032565.728822,1032565.728821,1760462495.541829,177847.000,25908,1,T1,1,100,32.586
1032565.862824,1032565.862823,1760462495.675832,177981.000,25924,1,T1,1,100,32.643
1032565.995826,1032565.995825,1760462495.808834,178114.000,25957,1,T1,1,100,32.562
1032566.128828,1032566.128827,1760462495.941836,178247.000,25972,1,T1,1,100,32.633
1032566.262830,1032566.262828,1760462496.075838,178381.000,25989,1,T1,1,100,32.735
1032566.395832,1032566.395830,1760462496.208841,178514.000,26021,1,T1,1,100,32.743
1032566.528834,1032566.528832,1760462496.341843,178647.000,26039,1,T1,1,100,32.676
1032566.662836,1032566.662834,1760462496.475845,178781.000,26055,1,T1,1,100,32.718
1032566.795838,1032566.795836,1760462496.608847,178914.000,26086,1,T1,1,100,32.701
1032566.928840,1032566.928838,1760462496.741850,179047.000,26101,1,T1,1,100,32.693
1032567.062842,1032567.062840,1760462496.875852,179181.000,26117,1,T1,1,100,32.725
1032567.195844,1032567.195842,1760462497.008854,179314.000,26150,1,T1,1,100,32.633
1032567.328846,1032567.328844,1760462497.141856,179447.000,26165,1,T1,1,100,32.664
1032567.462848,1032567.462846,1760462497.275859,179581.000,26181,1,T1,1,100,32.855
1032567.595850,1032567.595848,1760462497.408861,179714.000,26214,1,T1,1,100,32.795
1032567.728852,1032567.728850,1760462497.541863,179847.000,26229,1,T1,1,100,32.663
1032567.861854,1032567.861852,1760462497.674866,179980.000,26246,1,T1,1,100,32.642
1032567.995856,1032567.995854,1760462497.808868,180114.000,26276,1,T1,1,100,32.703
1032568.128858,1032568.128856,1760462497.941870,180247.000,26291,1,T1,1,100,32.765
1032568.261860,1032568.261858,1760462498.074872,180380.000,26310,1,T1,1,100,32.686
1032568.395862,1032568.395860,1760462498.208875,180514.000,26325,1,T1,1,100,32.651
1032568.528864,1032568.528862,1760462498.341877,180647.000,26356,1,T1,1,100,32.636
1032568.661866,1032568.661864,1760462498.474879,180780.000,26372,1,T1,1,100,32.665
1032568.795867,1032568.795866,1760462498.608881,180914.000,26387,1,T1,1,100,32.642
1032568.928869,1032568.928867,1760462498.741884,181047.000,26420,1,T1,1,100,32.597
1032569.061871,1032569.061869,1760462498.874886,181180.000,26436,1,T1,1,100,32.613
1032569.195873,1032569.195871,1760462499.008888,181314.000,26452,1,T1,1,100,32.584
1032569.328875,1032569.328873,1760462499.141891,181447.000,26482,1,T1,1,100,32.607
1032569.461877,1032569.461875,1760462499.274893,181580.000,26500,1,T1,1,100,32.617
1032569.595879,1032569.595877,1760462499.408895,181714.000,26516,1,T1,1,100,32.622
1032569.728881,1032569.728879,1760462499.541898,181847.000,26546,1,T1,1,100,32.588
1032569.861883,1032569.861881,1760462499.674900,181980.000,26563,1,T1,1,100,32.645
1032569.995885,1032569.995883,1760462499.808902,182114.000,26580,1,T1,1,100,32.704
1032570.128887,1032570.128885,1760462499.941904,182247.000,26613,1,T1,1,100,32.730
1032570.261889,1032570.261887,1760462500.074907,182380.000,26629,1,T1,1,100,32.706
1032570.395891,1032570.395889,1760462500.208909,182514.000,26644,1,T1,1,100,32.766
1032570.528893,1032570.528891,1760462500.341911,182647.000,26675,1,T1,1,100,32.757
1032570.661895,1032570.661893,1760462500.474913,182780.000,26691,1,T1,1,100,32.824
1032570.795897,1032570.795895,1760462500.608916,182914.000,26708,1,T1,1,100,32.747
1032570.928899,1032570.928897,1760462500.741918,183047.000,26725,1,T1,1,100,32.713
1032571.061901,1032571.061899,1760462500.874920,183180.000,26757,1,T1,1,100,32.592
1032571.194903,1032571.194901,1760462501.007923,183313.000,26773,1,T1,1,100,32.646
1032571.328905,1032571.328903,1760462501.141925,183447.000,26789,1,T1,1,100,32.670
1032571.461907,1032571.461905,1760462501.274927,183580.000,26822,1,T1,1,100,32.715
1032571.594909,1032571.594906,1760462501.407929,183713.000,26837,1,T1,1,100,32.664
1032571.728911,1032571.728908,1760462501.541932,183847.000,26853,1,T1,1,100,32.748
1032571.861913,1032571.861910,1760462501.674934,183980.000,26884,1,T1,1,100,32.749
1032571.994914,1032571.994912,1760462501.807936,184113.000,26901,1,T1,1,100,32.714
1032572.128916,1032572.128914,1760462501.941938,184247.000,26917,1,T1,1,100,32.593
1032572.261918,1032572.261916,1760462502.074941,184380.000,26948,1,T1,1,100,32.611
1032572.394920,1032572.394918,1760462502.207943,184513.000,26965,1,T1,1,100,32.725
1032572.528922,1032572.528920,1760462502.341945,184647.000,26982,1,T1,1,100,32.739
1032572.661924,1032572.661922,1760462502.474948,184780.000,27012,1,T1,1,100,32.674
1032572.794926,1032572.794924,1760462502.607950,184913.000,27027,1,T1,1,100,32.575
1032572.928928,1032572.928926,1760462502.741952,185047.000,27044,1,T1,1,100,32.674
1032573.061930,1032573.061928,1760462502.874954,185180.000,27076,1,T1,1,100,32.788
1032573.194932,1032573.194930,1760462503.007957,185313.000,27092,1,T1,1,100,32.767
1032573.328934,1032573.328932,1760462503.141959,185447.000,27108,1,T1,1,100,32.686
1032573.461936,1032573.461934,1760462503.274961,185580.000,27123,1,T1,1,100,32.722
1032573.594938,1032573.594936,1760462503.407964,185713.000,27156,1,T1,1,100,32.738
1032573.728940,1032573.728938,1760462503.541966,185847.000,27172,1,T1,1,100,32.745
1032573.861942,1032573.861940,1760462503.674968,185980.000,27188,1,T1,1,100,32.677
1032573.994944,1032573.994942,1760462503.807970,186113.000,27220,1,T1,1,100,32.683
1032574.128946,1032574.128944,1760462503.941973,186247.000,27236,1,T1,1,100,32.827
1032574.261948,1032574.261946,1760462504.074975,186380.000,27252,1,T1,1,100,32.819
1032574.394950,1032574.394947,1760462504.207977,186513.000,27282,1,T1,1,100,32.780
1032574.527952,1032574.527949,1760462504.340980,186646.000,27301,1,T1,1,100,32.798
1032574.661954,1032574.661951,1760462504.474982,186780.000,27316,1,T1,1,100,32.771
1032574.794956,1032574.794953,1760462504.607984,186913.000,27347,1,T1,1,100,32.724
1032574.927958,1032574.927955,1760462504.740986,187046.000,27365,1,T1,1,100,32.739
1032575.061960,1032575.061957,1760462504.874989,187180.000,27382,1,T1,1,100,32.745
1032575.194962,1032575.194959,1760462505.007991,187313.000,27413,1,T1,1,100,32.748
1032575.327963,1032575.327961,1760462505.140993,187446.000,27429,1,T1,1,100,32.891
1032575.461965,1032575.461963,1760462505.274995,187580.000,27444,1,T1,1,100,32.811
1032575.594967,1032575.594965,1760462505.407998,187713.000,27477,1,T1,1,100,32.776
1032575.727969,1032575.727967,1760462505.541000,187846.000,27493,1,T1,1,100,32.832
1032575.861971,1032575.861969,1760462505.675002,187980.000,27509,1,T1,1,100,32.750
1032575.994973,1032575.994971,1760462505.808005,188113.000,27525,1,T1,1,100,32.856
1032576.127975,1032576.127973,1760462505.941007,188246.000,27555,1,T1,1,100,32.832
1032576.261977,1032576.261975,1760462506.075009,188380.000,27573,1,T1,1,100,32.785
1032576.394979,1032576.394977,1760462506.208011,188513.000,27589,1,T1,1,100,32.801
1032576.527981,1032576.527979,1760462506.341014,188646.000,27620,1,T1,1,100,32.772
1032576.661983,1032576.661981,1760462506.475016,188780.000,27635,1,T1,1,100,32.795
1032576.794985,1032576.794983,1760462506.608018,188913.000,27653,1,T1,1,100,32.840
1032576.927987,1032576.927985,1760462506.741020,189046.000,27684,1,T1,1,100,32.789
1032577.061989,1032577.061986,1760462506.875023,189180.000,27699,1,T1,1,100,32.802
1032577.194991,1032577.194988,1760462507.008025,189313.000,27716,1,T1,1,100,32.879
1032577.327993,1032577.327990,1760462507.141027,189446.000,27748,1,T1,1,100,32.948
1032577.461995,1032577.461992,1760462507.275030,189580.000,27763,1,T1,1,100,32.800
1032577.594997,1032577.594994,1760462507.408032,189713.000,27780,1,T1,1,100,32.843
1032577.727999,1032577.727996,1760462507.541034,189846.000,27810,1,T1,1,100,32.861
1032577.861001,1032577.860998,1760462507.674036,189979.000,27826,1,T1,1,100,32.904
1032577.995003,1032577.995000,1760462507.808039,190113.000,27846,1,T1,1,100,32.959
1032578.128005,1032578.128002,1760462507.941041,190246.000,27877,1,T1,1,100,32.840
1032578.261007,1032578.261004,1760462508.074043,190379.000,27892,1,T1,1,100,32.860
1032578.395009,1032578.395006,1760462508.208045,190513.000,27908,1,T1,1,100,32.939
1032578.528011,1032578.528008,1760462508.341048,190646.000,27923,1,T1,1,100,32.974
1032578.661012,1032578.661010,1760462508.474050,190779.000,27956,1,T1,1,100,32.847
1032578.795014,1032578.795012,1760462508.608052,190913.000,27972,1,T1,1,100,32.827
1032578.928016,1032578.928014,1760462508.741055,191046.000,27988,1,T1,1,100,32.713
1032579.061018,1032579.061016,1760462508.874057,191179.000,28018,1,T1,1,100,32.769
1032579.195020,1032579.195018,1760462509.008059,191313.000,28037,1,T1,1,100,32.758
1032579.328022,1032579.328020,1760462509.141061,191446.000,28052,1,T1,1,100,32.825
1032579.461024,1032579.461022,1760462509.274064,191579.000,28083,1,T1,1,100,32.818
1032579.595026,1032579.595024,1760462509.408066,191713.000,28099,1,T1,1,100,32.815
1032579.728028,1032579.728025,1760462509.541068,191846.000,28114,1,T1,1,100,32.884
1032579.861030,1032579.861027,1760462509.674071,191979.000,28149,1,T1,1,100,32.773
1032579.995032,1032579.995029,1760462509.808073,192113.000,28165,1,T1,1,100,32.760
1032580.128034,1032580.128031,1760462509.941075,192246.000,28180,1,T1,1,100,32.790
1032580.261036,1032580.261033,1760462510.074077,192379.000,28213,1,T1,1,100,32.838
1032580.395038,1032580.395035,1760462510.208080,192513.000,28232,1,T1,1,100,32.859
1032580.528040,1032580.528037,1760462510.341082,192646.000,28249,1,T1,1,100,32.833
1032580.661042,1032580.661039,1760462510.474084,192779.000,28266,1,T1,1,100,32.892
1032580.795044,1032580.795041,1760462510.608087,192913.000,28297,1,T1,1,100,32.953
1032580.928046,1032580.928043,1760462510.741089,193046.000,28313,1,T1,1,100,32.909
1032581.061048,1032581.061045,1760462510.874091,193179.000,28328,1,T1,1,100,32.819
1032581.195050,1032581.195047,1760462511.008093,193313.000,28345,1,T1,1,100,32.922
1032581.328052,1032581.328049,1760462511.141096,193446.000,28380,1,T1,1,100,32.895
1032581.461054,1032581.461051,1760462511.274098,193579.000,28395,1,T1,1,100,32.884
1032581.594056,1032581.594053,1760462511.407100,193712.000,28412,1,T1,1,100,32.879
1032581.728058,1032581.728055,1760462511.541102,193846.000,28444,1,T1,1,100,32.770
1032581.861059,1032581.861057,1760462511.674105,193979.000,28460,1,T1,1,100,32.759
1032581.994061,1032581.994059,1760462511.807107,194112.000,28476,1,T1,1,100,32.718
1032582.128063,1032582.128061,1760462511.941109,194246.000,28508,1,T1,1,100,32.736
1032582.261065,1032582.261063,1760462512.074111,194379.000,28523,1,T1,1,100,32.850
1032582.394067,1032582.394064,1760462512.207114,194512.000,28543,1,T1,1,100,32.900
1032582.528069,1032582.528066,1760462512.341116,194646.000,28574,1,T1,1,100,32.850
1032582.661071,1032582.661068,1760462512.474118,194779.000,28589,1,T1,1,100,32.758
1032582.794073,1032582.794070,1760462512.607121,194912.000,28607,1,T1,1,100,32.860
1032582.928075,1032582.928072,1760462512.741123,195046.000,28623,1,T1,1,100,32.868
1032583.061077,1032583.061074,1760462512.874125,195179.000,28653,1,T1,1,100,32.908
1032583.194079,1032583.194076,1760462513.007128,195312.000,28671,1,T1,1,100,32.925
1032583.328081,1032583.328078,1760462513.141130,195446.000,28688,1,T1,1,100,32.896
1032583.461083,1032583.461080,1760462513.274132,195579.000,28721,1,T1,1,100,32.920
1032583.594085,1032583.594082,1760462513.407134,195712.000,28737,1,T1,1,100,32.894
1032583.728087,1032583.728084,1760462513.541137,195846.000,28752,1,T1,1,100,32.919
1032583.861089,1032583.861086,1760462513.674139,195979.000,28785,1,T1,1,100,32.929
1032583.994091,1032583.994088,1760462513.807141,196112.000,28801,1,T1,1,100,32.969
1032584.128093,1032584.128090,1760462513.941143,196246.000,28816,1,T1,1,100,32.987
1032584.261095,1032584.261092,1760462514.074146,196379.000,28848,1,T1,1,100,33.030
1032584.394097,1032584.394094,1760462514.207148,196512.000,28866,1,T1,1,100,32.871
1032584.527099,1032584.527096,1760462514.340150,196645.000,28884,1,T1,1,100,32.909
1032584.661101,1032584.661098,1760462514.474153,196779.000,28914,1,T1,1,100,33.031
1032584.794103,1032584.794100,1760462514.607155,196912.000,28930,1,T1,1,100,33.014
1032584.927105,1032584.927102,1760462514.740157,197045.000,28948,1,T1,1,100,32.935
1032585.061107,1032585.061104,1760462514.874159,197179.000,28966,1,T1,1,100,32.936
1032585.194108,1032585.194105,1760462515.007162,197312.000,28998,1,T1,1,100,32.902
1032585.327110,1032585.327107,1760462515.140164,197445.000,29013,1,T1,1,100,32.993
1032585.461112,1032585.461109,1760462515.274166,197579.000,29031,1,T1,1,100,32.891
1032585.594114,1032585.594111,1760462515.407168,197712.000,29067,1,T1,1,100,32.882
1032585.727116,1032585.727113,1760462515.540171,197845.000,29082,1,T1,1,100,32.842
1032585.861118,1032585.861115,1760462515.674173,197979.000,29099,1,T1,1,100,32.932
1032585.994120,1032585.994117,1760462515.807175,198112.000,29129,1,T1,1,100,32.864
1032586.127122,1032586.127119,1760462515.940177,198245.000,29147,1,T1,1,100,32.906
1032586.261124,1032586.261121,1760462516.074180,198379.000,29164,1,T1,1,100,32.853
1032586.394126,1032586.394123,1760462516.207182,198512.000,29196,1,T1,1,100,33.007
1032586.527128,1032586.527125,1760462516.340184,198645.000,29212,1,T1,1,100,33.039
1032586.661130,1032586.661127,1760462516.474187,198779.000,29228,1,T1,1,100,32.981
1032586.794132,1032586.794129,1760462516.607189,198912.000,29243,1,T1,1,100,33.063
1032586.927134,1032586.927131,1760462516.740191,199045.000,29276,1,T1,1,100,32.956
1032587.061136,1032587.061133,1760462516.874193,199179.000,29292,1,T1,1,100,32.981
1032587.194138,1032587.194135,1760462517.007196,199312.000,29311,1,T1,1,100,32.992
1032587.327140,1032587.327137,1760462517.140198,199445.000,29343,1,T1,1,100,32.961
1032587.461142,1032587.461139,1760462517.274200,199579.000,29359,1,T1,1,100,32.841
1032587.594144,1032587.594141,1760462517.407202,199712.000,29375,1,T1,1,100,32.931
1032587.727146,1032587.727143,1760462517.540205,199845.000,29407,1,T1,1,100,32.935
1032587.861148,1032587.861144,1760462517.674207,199979.000,29424,1,T1,1,100,32.972
1032587.994150,1032587.994146,1760462517.807209,200112.000,29439,1,T1,1,100,32.917
1032588.127152,1032588.127148,1760462517.940212,200245.000,29471,1,T1,1,100,32.999
1032588.260154,1032588.260150,1760462518.073214,200378.000,29487,1,T1,1,100,33.071
1032588.394156,1032588.394152,1760462518.207216,200512.000,29504,1,T1,1,100,33.031
1032588.527157,1032588.527154,1760462518.340219,200645.000,29535,1,T1,1,100,33.013
1032588.660159,1032588.660156,1760462518.473221,200778.000,29551,1,T1,1,100,32.935
1032588.794161,1032588.794158,1760462518.607223,200912.000,29566,1,T1,1,100,32.865
1032588.927163,1032588.927160,1760462518.740225,201045.000,29583,1,T1,1,100,33.013
1032589.060165,1032589.060162,1760462518.873228,201178.000,29613,1,T1,1,100,32.935
1032589.194167,1032589.194164,1760462519.007230,201312.000,29630,1,T1,1,100,32.936
1032589.327169,1032589.327166,1760462519.140232,201445.000,29646,1,T1,1,100,32.866
1032589.460171,1032589.460168,1760462519.273234,201578.000,29679,1,T1,1,100,32.977
1032589.594173,1032589.594170,1760462519.407237,201712.000,29694,1,T1,1,100,33.026
1032589.727175,1032589.727172,1760462519.540239,201845.000,29710,1,T1,1,100,32.976
1032589.860177,1032589.860174,1760462519.673241,201978.000,29745,1,T1,1,100,33.025
1032589.994179,1032589.994176,1760462519.807244,202112.000,29760,1,T1,1,100,32.975
1032590.127181,1032590.127178,1760462519.940246,202245.000,29776,1,T1,1,100,33.060
1032590.260183,1032590.260180,1760462520.073248,202378.000,29808,1,T1,1,100,33.097
1032590.394185,1032590.394182,1760462520.207250,202512.000,29825,1,T1,1,100,32.971
1032590.527187,1032590.527183,1760462520.340253,202645.000,29844,1,T1,1,100,32.917
1032590.660189,1032590.660185,1760462520.473255,202778.000,29859,1,T1,1,100,32.964
1032590.794191,1032590.794187,1760462520.607257,202912.000,29894,1,T1,1,100,32.984
1032590.927193,1032590.927189,1760462520.740259,203045.000,29911,1,T1,1,100,33.064
1032591.060195,1032591.060191,1760462520.873262,203178.000,29926,1,T1,1,100,32.992
1032591.194197,1032591.194193,1760462521.007264,203312.000,29960,1,T1,1,100,32.926
1032591.327199,1032591.327195,1760462521.140266,203445.000,29976,1,T1,1,100,32.968
1032591.460201,1032591.460197,1760462521.273268,203578.000,29993,1,T1,1,100,32.986
1032591.593203,1032591.593199,1760462521.406271,203711.000,30024,1,T1,1,100,33.029
