time,temp
62863.898425133855,30.041000366210938
62863.96531031933,30.041000366210938
62864.0321955048,30.05299949645996
62864.09908069027,29.988000869750977
62864.16596587574,29.988000869750977
62864.23285106121,30.06599998474121
62864.299736246685,30.06599998474121
62864.36662143216,30.06599998474121
62864.43350661763,30.027999877929688
62864.5003918031,30.08300018310547
62864.56727698857,30.08300018310547
62864.63416217404,30.10700035095215
62864.701047359515,30.10700035095215
62864.767932544986,30.10700035095215
62864.83481773046,30.082000732421875
62864.90170291593,30.070999145507812
62864.9685881014,30.070999145507812
62865.03547328687,30.136999130249023
62865.102358472344,30.136999130249023
62865.169243657816,30.136999130249023
62865.23612884329,30.1299991607666
62865.30301402876,30.1299991607666
62865.36989921423,30.1299991607666
62865.4367843997,30.040000915527344
62865.503669585174,30.040000915527344
62865.570554770646,30.159000396728516
62865.63743995612,30.174999237060547
62865.70432514159,30.174999237060547
62865.77121032706,30.174999237060547
62865.83809551253,30.174999237060547
62865.904980698004,30.14699935913086
62865.971865883475,30.027999877929688
62866.03875106894,30.027999877929688
62866.10563625441,30.118000030517578
62866.17252143988,30.118000030517578
62866.239406625355,30.118000030517578
62866.306291810826,30.158000946044922
62866.3731769963,30.174999237060547
62866.44006218177,30.174999237060547
62866.50694736724,30.076000213623047
62866.57383255271,30.076000213623047
62866.640717738184,30.076000213623047
62866.707602923656,30.104000091552734
62866.77448810913,30.115999221801758
62866.8413732946,30.115999221801758
62866.90825848007,30.086000442504883
62866.97514366554,30.086000442504883
62867.042028851014,30.14299964904785
62867.108914036486,30.132999420166016
62867.17579922196,30.132999420166016
62867.24268440743,30.128000259399414
62867.3095695929,30.128000259399414
62867.37645477837,30.128000259399414
62867.443339963844,30.090999603271484
62867.510225149315,30.110000610351562
62867.57711033479,30.110000610351562
62867.64399552026,30.260000228881836
62867.71088070573,30.2189998626709
62867.7777658912,30.2189998626709
62867.84465107667,30.2189998626709
62867.911536262145,30.1299991607666
62867.97842144762,30.1299991607666
62868.04530663309,30.163000106811523
62868.11219181856,30.163000106811523
62868.17907700403,30.177000045776367
62868.2459621895,30.177000045776367
62868.31284737497,30.177000045776367
62868.37973256044,30.218000411987305
62868.44661774591,30.201000213623047
62868.51350293138,30.201000213623047
62868.580388116854,30.19300079345703
62868.647273302326,30.19300079345703
62868.7141584878,30.19300079345703
62868.78104367327,30.190000534057617
62868.84792885874,30.118000030517578
62868.91481404421,30.118000030517578
62868.981699229684,30.121999740600586
62869.048584415155,30.121999740600586
62869.11546960063,30.121999740600586
62869.1823547861,30.19499969482422
62869.24923997157,30.155000686645508
62869.31612515704,30.155000686645508
62869.38301034251,30.17300033569336
62869.449895527985,30.17300033569336
62869.51678071346,30.17300033569336
62869.58366589893,30.25200080871582
62869.6505510844,30.18000030517578
62869.71743626987,30.18000030517578
62869.78432145534,30.219999313354492
62869.851206640815,30.219999313354492
62869.91809182629,30.219999313354492
62869.98497701176,30.201000213623047
62870.05186219723,30.12299919128418
62870.1187473827,30.12299919128418
62870.18563256817,30.159000396728516
62870.252517753644,30.159000396728516
62870.319402939116,30.104000091552734
62870.38628812459,30.104000091552734
62870.45317331006,30.115999221801758
62870.520058495524,30.115999221801758
62870.586943680995,30.115999221801758
62870.65382886647,30.086000442504883
62870.72071405194,30.14299964904785
62870.78759923741,30.14299964904785
62870.85448442288,30.23900032043457
62870.92136960835,30.23900032043457
62870.988254793825,30.23900032043457
62871.0551399793,30.138999938964844
62871.12202516477,30.09600067138672
62871.18891035024,30.09600067138672
62871.25579553571,30.183000564575195
62871.32268072118,30.183000564575195
62871.389565906655,30.183000564575195
62871.45645109213,30.114999771118164
62871.5233362776,30.1560001373291
62871.59022146307,30.1560001373291
62871.65710664854,30.10300064086914
62871.72399183401,30.10300064086914
62871.790877019484,30.10300064086914
62871.857762204956,30.150999069213867
62871.92464739043,30.172000885009766
62871.9915325759,30.172000885009766
62872.05841776137,30.110000610351562
62872.12530294684,30.15399932861328
62872.192188132314,30.15399932861328
62872.259073317786,30.15399932861328
62872.32595850326,30.17300033569336
62872.39284368873,30.17300033569336
62872.4597288742,30.25200080871582
62872.52661405967,30.250999450683594
62872.593499245144,30.250999450683594
62872.660384430616,30.250999450683594
62872.72726961608,30.250999450683594
62872.79415480155,30.21500015258789
62872.86103998702,30.305999755859375
62872.927925172495,30.305999755859375
62872.994810357966,30.23900032043457
62873.06169554344,30.23900032043457
62873.12858072891,30.23900032043457
62873.19546591438,30.209999084472656
62873.26235109985,30.232999801635742
62873.329236285324,30.232999801635742
62873.396121470796,30.277999877929688
62873.46300665627,30.277999877929688
62873.52989184174,30.277999877929688
62873.59677702721,30.33300018310547
62873.66366221268,30.285999298095703
62873.730547398154,30.285999298095703
62873.797432583626,30.229999542236328
62873.8643177691,30.229999542236328
62873.93120295457,30.229999542236328
62873.99808814004,30.277000427246094
62874.06497332551,30.19099998474121
62874.131858510984,30.19099998474121
62874.198743696455,30.118000030517578
62874.26562888193,30.118000030517578
62874.3325140674,30.118000030517578
62874.39939925287,30.19300079345703
62874.46628443834,30.190000534057617
62874.53316962381,30.190000534057617
62874.600054809285,30.18899917602539
62874.66693999476,30.187999725341797
62874.73382518023,30.187999725341797
62874.8007103657,30.187999725341797
62874.86759555117,30.152000427246094
62874.934480736636,30.152000427246094
62875.00136592211,30.243000030517578
62875.06825110758,30.243000030517578
62875.13513629305,30.176000595092773
62875.20202147852,30.176000595092773
62875.268906663994,30.176000595092773
62875.335791849466,30.183000564575195
62875.40267703494,30.183000564575195
62875.46956222041,30.256000518798828
62875.53644740588,30.323999404907227
62875.60333259135,30.323999404907227
62875.670217776824,30.281999588012695
62875.737102962295,30.281999588012695
62875.80398814777,30.281999588012695
62875.87087333324,30.334999084472656
62875.93775851871,30.215999603271484
62876.00464370418,30.215999603271484
62876.07152888965,30.270999908447266
62876.138414075125,30.270999908447266
62876.2052992606,30.270999908447266
62876.27218444607,30.29400062561035
62876.33906963154,30.30500030517578
62876.40595481701,30.30500030517578
62876.47284000248,30.415000915527344
62876.539725187955,30.415000915527344
62876.60661037343,30.415000915527344
62876.6734955589,30.32200050354004
62876.74038074437,30.31599998474121
62876.80726592984,30.31599998474121
62876.87415111531,30.350000381469727
62876.941036300785,30.292999267578125
62877.007921486256,30.292999267578125
62877.07480667173,30.292999267578125
62877.1416918572,30.292999267578125
62877.208577042664,30.304000854492188
62877.275462228135,30.20199966430664
62877.34234741361,30.20199966430664
62877.40923259908,30.12299919128418
62877.47611778455,30.12299919128418
62877.54300297002,30.12299919128418
62877.60988815549,30.19499969482422
62877.676773340965,30.22599983215332
62877.74365852644,30.22599983215332
62877.81054371191,30.239999771118164
62877.87742889738,30.239999771118164
62877.94431408285,30.239999771118164
62878.01119926832,30.138999938964844
62878.078084453795,30.238000869750977
62878.14496963927,30.238000869750977
62878.21185482474,30.208999633789062
62878.27874001021,30.208999633789062
62878.34562519568,30.208999633789062
62878.41251038115,30.30299949645996
62878.479395566625,30.238000869750977
62878.546280752096,30.238000869750977
62878.61316593757,30.2450008392334
62878.68005112304,30.24799919128418
62878.74693630851,30.24799919128418
62878.81382149398,30.24799919128418
62878.880706679454,30.24799919128418
62878.947591864926,30.31999969482422
62879.0144770504,30.386999130249023
62879.08136223587,30.386999130249023
62879.14824742134,30.3799991607666
62879.21513260681,30.3799991607666
62879.282017792284,30.3799991607666
62879.348902977756,30.305999755859375
62879.41578816322,30.132999420166016
62879.48267334869,30.132999420166016
62879.54955853416,30.340999603271484
62879.616443719635,30.340999603271484
62879.68332890511,30.340999603271484
62879.75021409058,30.325000762939453
62879.81709927605,30.35300064086914
62879.88398446152,30.35300064086914
62879.95086964699,30.329999923706055
62880.017754832465,30.329999923706055
62880.084640017936,30.329999923706055
62880.15152520341,30.28499984741211
62880.21841038888,30.299999237060547
62880.28529557435,30.299999237060547
62880.35218075982,30.236000061035156
62880.419065945294,30.236000061035156
62880.485951130766,30.236000061035156
62880.55283631624,30.17300033569336
62880.61972150171,30.17300033569336
62880.68660668718,30.25200080871582
62880.75349187265,30.32200050354004
62880.820377058124,30.32200050354004
62880.887262243596,30.2810001373291
62880.95414742907,30.333999633789062
62881.02103261454,30.333999633789062
62881.08791780001,30.333999633789062
62881.15480298548,30.42799949645996
62881.221688170954,30.42799949645996
62881.288573356425,30.363000869750977
62881.3554585419,30.363000869750977
62881.42234372737,30.191999435424805
62881.48922891284,30.191999435424805
62881.55611409831,30.191999435424805
62881.622999283776,30.367000579833984
62881.68988446925,30.301000595092773
62881.75676965472,30.301000595092773
62881.82365484019,30.378000259399414
62881.89054002566,30.378000259399414
62881.957425211134,30.378000259399414
62882.024310396606,30.198999404907227
62882.09119558208,30.156999588012695
62882.15808076755,30.156999588012695
62882.22496595302,30.173999786376953
62882.29185113849,30.173999786376953
62882.358736323964,30.173999786376953
62882.425621509436,30.111000061035156
62882.49250669491,30.118999481201172
62882.55939188038,30.118999481201172
62882.62627706585,30.086999893188477
62882.69316225132,30.086999893188477
62882.760047436794,30.086999893188477
62882.826932622265,30.072999954223633
62882.89381780774,30.066999435424805
62882.96070299321,30.066999435424805
62883.02758817868,30.02899932861328
62883.09447336415,30.04800033569336
62883.16135854962,30.04800033569336
62883.228243735095,30.04800033569336
62883.29512892057,30.055999755859375
62883.36201410604,30.055999755859375
62883.42889929151,30.02400016784668
62883.49578447698,30.02400016784668
62883.56266966245,30.04599952697754
62883.629554847925,30.04599952697754
62883.696440033396,30.04599952697754
62883.76332521887,29.983999252319336
62883.83021040434,30.135000228881836
62883.897095589804,30.135000228881836
62883.963980775276,30.058000564575195
62884.03086596075,30.058000564575195
62884.09775114622,30.058000564575195
62884.16463633169,29.989999771118164
62884.23152151716,29.996000289916992
62884.298406702634,29.996000289916992
62884.365291888105,30.034000396728516
62884.43217707358,30.034000396728516
62884.49906225905,30.034000396728516
62884.56594744452,29.944000244140625
62884.63283262999,29.97599983215332
62884.69971781546,29.97599983215332
62884.766603000935,30.059999465942383
62884.83348818641,30.059999465942383
62884.90037337188,30.059999465942383
62884.96725855735,30.097000122070312
62885.03414374282,30.113000869750977
62885.10102892829,30.113000869750977
62885.167914113765,30.01300048828125
62885.234799299236,30.01300048828125
62885.30168448471,30.01300048828125
62885.36856967018,30.006000518798828
62885.43545485565,30.108999252319336
62885.50234004112,30.108999252319336
62885.569225226594,30.152999877929688
62885.636110412066,30.152999877929688
62885.70299559754,30.27899932861328
62885.76988078301,30.27899932861328
62885.83676596848,30.1560001373291
62885.90365115395,30.1560001373291
62885.970536339424,30.1560001373291
62886.037421524896,30.031999588012695
62886.10430671036,30.048999786376953
62886.17119189583,30.048999786376953
62886.2380770813,30.05699920654297
62886.304962266775,30.05699920654297
62886.37184745225,30.05699920654297
62886.43873263772,30.094999313354492
62886.50561782319,30.041000366210938
62886.57250300866,30.041000366210938
62886.63938819413,29.94700050354004
62886.706273379605,29.94700050354004
62886.773158565076,29.94700050354004
62886.84004375055,30.04800033569336
62886.90692893602,30.055999755859375
62886.97381412149,30.055999755859375
62887.04069930696,30.059999465942383
62887.107584492434,30.059999465942383
62887.174469677906,30.059999465942383
62887.24135486338,30.06100082397461
62887.30824004885,30.167999267578125
62887.37512523432,30.167999267578125
62887.44201041979,30.107999801635742
62887.508895605264,30.107999801635742
62887.575780790736,30.107999801635742
62887.64266597621,30.047000885009766
62887.70955116168,30.055999755859375
62887.77643634715,30.055999755859375
62887.84332153262,30.059999465942383
62887.910206718094,30.167999267578125
62887.977091903565,30.167999267578125
62888.04397708904,30.167999267578125
62888.11086227451,30.072999954223633
62888.17774745998,30.072999954223633
62888.24463264545,30.066999435424805
62888.311517830916,30.066999435424805
62888.37840301639,30.02899932861328
62888.44528820186,30.02899932861328
62888.51217338733,30.02899932861328
62888.5790585728,30.08300018310547
62888.645943758274,30.142000198364258
62888.712828943746,30.142000198364258
62888.77971412922,30.062000274658203
62888.84659931469,30.062000274658203
62888.91348450016,30.062000274658203
62888.98036968563,29.990999221801758
62889.047254871104,30.031999588012695
62889.114140056576,30.031999588012695
62889.18102524205,30.048999786376953
62889.24791042752,30.048999786376953
62889.31479561299,30.048999786376953
62889.38168079846,30.05699920654297
62889.448565983934,30.024999618530273
62889.515451169405,30.024999618530273
62889.58233635488,30.117000579833984
62889.64922154035,30.117000579833984
62889.71610672582,30.117000579833984
62889.78299191129,30.156999588012695
62889.84987709676,30.10300064086914
62889.916762282235,30.10300064086914
62889.98364746771,30.150999069213867
62890.05053265318,30.150999069213867
62890.11741783865,30.150999069213867
62890.18430302412,30.172000885009766
62890.25118820959,30.180999755859375
62890.318073395065,30.180999755859375
62890.38495858054,30.077999114990234
62890.45184376601,30.139999389648438
62890.51872895147,30.139999389648438
62890.585614136944,30.139999389648438
62890.652499322416,30.139999389648438
62890.71938450789,30.131999969482422
62890.78626969336,30.131999969482422
62890.85315487883,30.091999053955078
62890.9200400643,30.075000762939453
62890.986925249774,30.075000762939453
62891.053810435245,30.104000091552734
62891.12069562072,30.104000091552734
62891.18758080619,30.104000091552734
62891.25446599166,30.150999069213867
62891.32135117713,30.10099983215332
62891.3882363626,30.10099983215332
62891.455121548075,30.07900047302246
62891.52200673355,30.07900047302246
62891.58889191902,30.07900047302246
62891.65577710449,30.06999969482422
62891.72266228996,30.10099983215332
62891.78954747543,30.10099983215332
62891.856432660905,30.114999771118164
62891.92331784638,30.114999771118164
62891.99020303185,30.114999771118164
62892.05708821732,30.226999282836914
62892.12397340279,30.16900062561035
62892.19085858826,30.16900062561035
62892.257743773735,30.18000030517578
62892.324628959206,30.219999313354492
62892.39151414468,30.219999313354492
62892.45839933015,30.219999313354492
62892.52528451562,30.166000366210938
62892.59216970109,30.166000366210938
62892.659054886564,30.14299964904785
62892.725940072036,30.14299964904785
62892.7928252575,30.132999420166016
62892.85971044297,30.132999420166016
62892.92659562844,30.132999420166016
62892.993480813915,30.093000411987305
62893.06036599939,30.111000061035156
62893.12725118486,30.111000061035156
62893.19413637033,30.118999481201172
62893.2610215558,30.118999481201172
62893.32790674127,30.118999481201172
62893.394791926745,30.158000946044922
62893.46167711222,30.104000091552734
62893.52856229769,30.104000091552734
62893.59544748316,30.104000091552734
62893.66233266863,30.238000869750977
62893.7292178541,30.208999633789062
62893.796103039575,30.208999633789062
62893.862988225046,30.125999450683594
62893.92987341052,30.125999450683594
62893.99675859599,30.125999450683594
62894.06364378146,30.125
62894.13052896693,30.23200035095215
62894.197414152404,30.23200035095215
62894.264299337876,30.17099952697754
62894.33118452335,30.108999252319336
62894.39806970882,30.108999252319336
62894.46495489429,30.108999252319336
62894.53184007976,30.108999252319336
62894.598725265234,30.08300018310547
62894.665610450706,30.142000198364258
62894.73249563618,30.142000198364258
62894.79938082165,30.202999114990234
62894.86626600712,30.202999114990234
62894.93315119259,30.202999114990234
62895.00003637806,30.264999389648438
62895.06692156353,30.18600082397461
62895.133806749,30.18600082397461
62895.20069193447,30.187000274658203
62895.26757711994,30.187000274658203
62895.334462305414,30.187000274658203
62895.401347490886,30.187000274658203
62895.46823267636,30.152000427246094
62895.53511786183,30.152000427246094
62895.6020030473,30.20800018310547
62895.66888823277,30.20800018310547
62895.735773418244,30.20800018310547
62895.802658603716,30.267000198364258
62895.86954378919,30.267000198364258
62895.93642897466,30.222000122070312
62896.00331416013,30.20199966430664
62896.0701993456,30.20199966430664
62896.137084531074,30.229000091552734
62896.203969716546,30.277000427246094
62896.27085490202,30.277000427246094
62896.33774008749,30.277000427246094
62896.40462527296,30.277000427246094
62896.47151045843,30.26099967956543
62896.538395643904,30.18400001525879
62896.605280829375,30.18400001525879
62896.67216601485,30.256999969482422
62896.73905120032,30.256999969482422
62896.80593638579,30.256999969482422
62896.87282157126,30.218000411987305
62896.93970675673,30.200000762939453
62897.006591942205,30.200000762939453
62897.07347712768,30.19300079345703
62897.14036231315,30.19300079345703
62897.20724749861,30.19300079345703
62897.274132684084,30.118999481201172
62897.341017869556,30.229000091552734
62897.40790305503,30.229000091552734
62897.4747882405,30.240999221801758
62897.54167342597,30.240999221801758
62897.60855861144,30.240999221801758
62897.675443796914,30.211000442504883
62897.742328982386,30.232999801635742
62897.80921416786,30.232999801635742
62897.87609935333,30.277999877929688
62897.9429845388,30.1560001373291
62898.00986972427,30.1560001373291
62898.07675490974,30.1560001373291
62898.143640095215,30.13800048828125
62898.21052528069,30.13800048828125
62898.27741046616,30.23699951171875
62898.34429565163,30.23699951171875
62898.4111808371,30.243999481201172
62898.47806602257,30.243999481201172
62898.544951208045,30.243999481201172
62898.61183639352,30.24799919128418
62898.67872157899,30.284000396728516
62898.74560676446,30.284000396728516
62898.81249194993,30.264999389648438
62898.8793771354,30.264999389648438
62898.946262320875,30.264999389648438
62899.013147506346,30.29199981689453
62899.08003269182,30.232999801635742
62899.14691787729,30.232999801635742
62899.21380306276,30.277999877929688
62899.28068824823,30.277999877929688
62899.347573433704,30.277999877929688
62899.41445861917,30.29800033569336
62899.48134380464,30.37700080871582
62899.54822899011,30.37700080871582
62899.61511417558,30.34000015258789
62899.681999361055,30.34000015258789
62899.74888454653,30.34000015258789
62899.815769732,30.253999710083008
62899.88265491747,30.357999801635742
62899.94954010294,30.357999801635742
62900.01642528841,30.402999877929688
62900.083310473885,30.31599998474121
62900.15019565936,30.31599998474121
62900.21708084483,30.31599998474121
62900.2839660303,30.27899932861328
62900.35085121577,30.27899932861328
62900.41773640124,30.33300018310547
62900.484621586715,30.33300018310547
62900.551506772186,30.21500015258789
62900.61839195766,30.21500015258789
62900.68527714313,30.21500015258789
62900.7521623286,30.270000457763672
62900.81904751407,30.259000778198242
62900.885932699544,30.259000778198242
62900.952817885016,30.253999710083008
62901.01970307049,30.253999710083008
62901.08658825596,30.25200080871582
62901.15347344143,30.25200080871582
62901.2203586269,30.25200080871582
62901.287243812374,30.21500015258789
62901.354128997846,30.163999557495117
62901.42101418332,30.163999557495117
62901.48789936879,30.24799919128418
62901.55478455426,30.24799919128418
62901.62166973973,30.24799919128418
62901.6885549252,30.31999969482422
62901.75544011067,30.280000686645508
62901.82232529614,30.280000686645508
62901.88921048161,30.298999786376953
62901.95609566708,30.298999786376953
62902.022980852555,30.298999786376953
62902.089866038026,30.305999755859375
62902.1567512235,30.309999465942383
62902.22363640897,30.309999465942383
62902.29052159444,30.31100082397461
62902.35740677991,30.382999420166016
62902.424291965384,30.382999420166016
62902.491177150856,30.382999420166016
62902.55806233633,30.382999420166016
62902.6249475218,30.308000564575195
62902.69183270727,30.381000518798828
62902.75871789274,30.381000518798828
62902.825603078214,30.341999053955078
62902.892488263686,30.341999053955078
62902.95937344916,30.341999053955078
62903.02625863463,30.325000762939453
62903.0931438201,30.31800079345703
62903.16002900557,30.31800079345703
62903.226914191044,30.38599967956543
62903.293799376515,30.38599967956543
62903.36068456199,30.38599967956543
62903.42756974746,30.238000869750977
62903.49445493293,30.173999786376953
62903.5613401184,30.173999786376953
62903.62822530387,30.253000259399414
62903.695110489345,30.253000259399414
62903.76199567482,30.253000259399414
62903.82888086029,30.32200050354004
62903.89576604575,30.246000289916992
62903.962651231224,30.246000289916992
62904.029536416696,30.24799919128418
62904.09642160217,30.24799919128418
62904.16330678764,30.24799919128418
62904.23019197311,30.249000549316406
62904.29707715858,30.25
62904.363962344054,30.25
62904.430847529526,30.25
62904.497732715,30.28499984741211
62904.56461790047,30.28499984741211
62904.63150308594,30.28499984741211
62904.69838827141,30.28499984741211
62904.765273456884,30.301000595092773
62904.832158642355,30.343000411987305
62904.89904382783,30.343000411987305
62904.9659290133,30.290000915527344
62905.03281419877,30.290000915527344
62905.09969938424,30.290000915527344
62905.16658456971,30.33799934387207
62905.233469755185,30.395000457763672
62905.30035494066,30.395000457763672
62905.36724012613,30.277000427246094
62905.4341253116,30.277000427246094
62905.50101049707,30.277000427246094
62905.56789568254,30.33300018310547
62905.634780868015,30.35700035095215
62905.70166605349,30.35700035095215
62905.76855123896,30.402999877929688
62905.83543642443,30.402999877929688
62905.9023216099,30.402999877929688
62905.96920679537,30.35099983215332
62906.036091980845,30.35099983215332
62906.10297716631,30.364999771118164
62906.16986235178,30.371000289916992
62906.23674753725,30.371000289916992
62906.303632722724,30.444000244140625
62906.370517908195,30.444000244140625
62906.43740309367,30.444000244140625
62906.50428827914,30.368999481201172
62906.57117346461,30.408000946044922
62906.63805865008,30.408000946044922
62906.70494383555,30.459999084472656
62906.771829021025,30.41200065612793
62906.8387142065,30.41200065612793
62906.90559939197,30.41200065612793
62906.97248457744,30.41200065612793
62907.03936976291,30.28499984741211
62907.10625494838,30.299999237060547
62907.173140133855,30.299999237060547
62907.24002531933,30.343000411987305
62907.3069105048,30.343000411987305
62907.37379569027,30.343000411987305
62907.44068087574,30.326000213623047
62907.50756606121,30.283000946044922
62907.574451246684,30.283000946044922
62907.641336432156,30.263999938964844
62907.70822161763,30.263999938964844
62907.7751068031,30.263999938964844
62907.84199198857,30.32699966430664
62907.90887717404,30.283000946044922
62907.975762359514,30.283000946044922
62908.042647544986,30.299999237060547
62908.10953273046,30.299999237060547
62908.17641791593,30.299999237060547
62908.2433031014,30.30699920654297
62908.31018828687,30.274999618530273
62908.37707347234,30.274999618530273
62908.44395865781,30.29599952697754
62908.51084384328,30.29599952697754
62908.57772902875,30.29599952697754
62908.64461421422,30.30500030517578
62908.711499399695,30.30900001525879
62908.778384585166,30.30900001525879
62908.84526977064,30.31100082397461
62908.91215495611,30.347000122070312
62908.97904014158,30.347000122070312
62909.04592532705,30.347000122070312
62909.112810512524,30.256999969482422
62909.179695697996,30.256999969482422
62909.24658088347,30.323999404907227
62909.31346606894,30.323999404907227
62909.38035125441,30.38800048828125
62909.44723643988,30.38800048828125
62909.514121625354,30.38800048828125
62909.581006810826,30.381000518798828
62909.6478919963,30.447999954223633
62909.71477718177,30.447999954223633
62909.78166236724,30.371000289916992
62909.84854755271,30.371000289916992
62909.915432738184,30.371000289916992
62909.982317923656,30.37299919128418
62910.04920310913,30.30299949645996
62910.1160882946,30.30299949645996
62910.18297348007,30.30900001525879
62910.24985866554,30.30900001525879
62910.31674385101,30.30900001525879
62910.383629036485,30.274999618530273
62910.45051422196,30.29599952697754
62910.51739940743,30.29599952697754
62910.58428459289,30.340999603271484
62910.651169778364,30.340999603271484
62910.718054963836,30.340999603271484
62910.78494014931,30.253999710083008
62910.85182533478,30.393999099731445
62910.91871052025,30.393999099731445
62910.98559570572,30.417999267578125
62911.052480891194,30.357999801635742
62911.119366076666,30.357999801635742
62911.18625126214,30.332000732421875
62911.25313644761,30.332000732421875
62911.32002163308,30.332000732421875
62911.38690681855,30.285999298095703
62911.453792004024,30.285999298095703
62911.520677189495,30.371999740600586
62911.58756237497,30.30299949645996
62911.65444756044,30.30299949645996
62911.72133274591,30.30299949645996
62911.78821793138,30.30299949645996
62911.85510311685,30.3439998626709
62911.921988302325,30.361000061035156
62911.9888734878,30.361000061035156
62912.05575867327,30.440000534057617
62912.12264385874,30.440000534057617
62912.18952904421,30.440000534057617
62912.25641422968,30.43899917602539
62912.323299415155,30.402999877929688
62912.39018460063,30.402999877929688
62912.4570697861,30.422000885009766
62912.52395497157,30.422000885009766
62912.59084015704,30.422000885009766
62912.65772534251,30.360000610351562
62912.724610527985,30.368999481201172
62912.79149571345,30.368999481201172
62912.85838089892,30.336999893188477
62912.92526608439,30.336999893188477
62912.992151269864,30.336999893188477
62913.059036455335,30.357999801635742
62913.12592164081,30.43899917602539
62913.19280682628,30.43899917602539
62913.25969201175,30.402999877929688
62913.32657719722,30.422000885009766
62913.39346238269,30.422000885009766
62913.460347568165,30.422000885009766
62913.52723275364,30.430999755859375
62913.59411793911,30.430999755859375
62913.66100312458,30.36400032043457
62913.72788831005,30.4060001373291
62913.79477349552,30.4060001373291
62913.861658680995,30.4060001373291
62913.92854386647,30.4060001373291
62913.99542905194,30.281999588012695
62914.06231423741,30.22800064086914
62914.12919942288,30.22800064086914
62914.19608460835,30.312000274658203
62914.262969793825,30.312000274658203
62914.329854979296,30.312000274658203
62914.39674016477,30.347999572753906
62914.46362535024,30.29199981689453
62914.53051053571,30.29199981689453
62914.59739572118,30.40999984741211
62914.664280906654,30.40999984741211
62914.731166092126,30.40999984741211
62914.7980512776,30.319000244140625
62914.86493646307,30.315000534057617
62914.93182164854,30.315000534057617
62914.998706834005,30.385000228881836
62915.06559201948,30.385000228881836
62915.13247720495,30.385000228881836
62915.19936239042,30.308000564575195
62915.26624757589,30.34600067138672
62915.33313276136,30.34600067138672
62915.400017946835,30.32699966430664
62915.46690313231,30.32699966430664
62915.53378831778,30.32699966430664
62915.60067350325,30.319000244140625
62915.66755868872,30.422000885009766
62915.73444387419,30.422000885009766
62915.801329059665,30.395000457763672
62915.868214245136,30.41900062561035
62915.93509943061,30.41900062561035
62916.00198461608,30.41900062561035
62916.06886980155,30.41900062561035
62916.13575498702,30.358999252319336
62916.202640172494,30.474000930786133
62916.269525357966,30.474000930786133
62916.33641054344,30.452999114990234
62916.40329572891,30.452999114990234
62916.47018091438,30.33799934387207
62916.53706609985,30.33799934387207
62916.603951285324,30.33799934387207
62916.670836470796,30.323999404907227
62916.73772165627,30.38800048828125
62916.80460684174,30.38800048828125
62916.87149202721,30.416000366210938
62916.93837721268,30.416000366210938
62917.005262398154,30.416000366210938
62917.072147583625,30.285999298095703
62917.1390327691,30.266000747680664
62917.20591795457,30.266000747680664
62917.27280314003,30.29199981689453
62917.339688325505,30.29199981689453
62917.406573510976,30.29199981689453
62917.47345869645,30.339000701904297
62917.54034388192,30.288999557495117
62917.60722906739,30.288999557495117
62917.67411425286,30.302000045776367
62917.740999438334,30.302000045776367
62917.807884623806,30.302000045776367
62917.87476980928,30.308000564575195
62917.94165499475,30.31100082397461
62918.00854018022,30.31100082397461
62918.07542536569,30.312000274658203
62918.142310551164,30.312000274658203
62918.209195736636,30.312000274658203
62918.27608092211,30.48900032043457
62918.34296610758,30.459999084472656
62918.40985129305,30.459999084472656
62918.47673647852,30.41200065612793
62918.543621663994,30.426000595092773
62918.610506849465,30.426000595092773
62918.67739203494,30.426000595092773
62918.74427722041,30.503999710083008
62918.81116240588,30.503999710083008
62918.87804759135,30.57200050354004
62918.94493277682,30.57200050354004
62919.011817962295,30.496000289916992
62919.07870314777,30.496000289916992
62919.14558833324,30.496000289916992
62919.21247351871,30.392000198364258
62919.27935870418,30.48900032043457
62919.34624388965,30.48900032043457
62919.413129075125,30.48900032043457
62919.48001426059,30.493000030517578
62919.54689944606,30.391000747680664
62919.61378463153,30.391000747680664
62919.680669817004,30.488000869750977
62919.747555002476,30.488000869750977
62919.81444018795,30.488000869750977
62919.88132537342,30.56599998474121
62919.94821055889,30.45800018310547
62920.01509574436,30.45800018310547
62920.081980929834,30.410999298095703
62920.148866115305,30.410999298095703
62920.21575130078,30.410999298095703
62920.28263648625,30.389999389648438
62920.34952167172,30.34600067138672
62920.41640685719,30.34600067138672
62920.48329204266,30.363000869750977
62920.550177228135,30.363000869750977
62920.61706241361,30.363000869750977
62920.68394759908,30.51099967956543
62920.75083278455,30.5049991607666
62920.81771797002,30.5049991607666
62920.88460315549,30.395999908447266
62920.951488340965,30.349000930786133
62921.018373526436,30.349000930786133
62921.08525871191,30.349000930786133
62921.15214389738,30.349000930786133
62921.21902908285,30.327999114990234
62921.28591426832,30.327999114990234
62921.352799453794,30.389999389648438
62921.419684639266,30.381999969482422
62921.48656982474,30.381999969482422
62921.55345501021,30.413000106811523
62921.62034019568,30.413000106811523
62921.687225381145,30.413000106811523
62921.75411056662,30.392000198364258
62921.82099575209,30.381999969482422
62921.88788093756,30.381999969482422
62921.95476612303,30.343000411987305
62922.0216513085,30.343000411987305
62922.088536493975,30.343000411987305
62922.15542167945,30.361000061035156
62922.22230686492,30.440000534057617
62922.28919205039,30.440000534057617
62922.35607723586,30.43899917602539
62922.42296242133,30.437999725341797
62922.489847606805,30.437999725341797
62922.556732792276,30.437999725341797
62922.62361797775,30.437999725341797
62922.69050316322,30.437999725341797
62922.75738834869,30.402000427246094
62922.82427353416,30.402000427246094
62922.891158719634,30.45800018310547
62922.958043905106,30.45800018310547
62923.02492909058,30.45800018310547
62923.09181427605,30.445999145507812
62923.15869946152,30.44099998474121
62923.22558464699,30.44099998474121
62923.292469832464,30.40399932861328
62923.359355017936,30.40399932861328
62923.42624020341,30.40399932861328
62923.49312538888,30.42300033569336
62923.56001057435,30.325000762939453
62923.62689575982,30.325000762939453
62923.693780945294,30.388999938964844
62923.760666130765,30.388999938964844
62923.82755131624,30.388999938964844
62923.8944365017,30.416000366210938
62923.96132168717,30.42799949645996
62924.028206872645,30.42799949645996
62924.095092058116,30.32699966430664
62924.16197724359,30.32699966430664
62924.22886242906,30.32699966430664
62924.29574761453,30.424999237060547
62924.3626328,30.468000411987305
62924.429517985474,30.468000411987305
62924.496403170946,30.520999908447266
62924.56328835642,30.474000930786133
62924.63017354189,30.474000930786133
62924.69705872736,30.474000930786133
62924.76394391283,30.417999267578125
62924.830829098304,30.417999267578125
62924.897714283776,30.429000854492188
62924.96459946925,30.429000854492188
62925.03148465472,30.540000915527344
62925.09836984019,30.540000915527344
62925.16525502566,30.540000915527344
62925.232140211134,30.517000198364258
62925.299025396605,30.437000274658203
62925.36591058208,30.437000274658203
62925.43279576755,30.472999572753906
62925.49968095302,30.472999572753906
62925.56656613849,30.472999572753906
62925.63345132396,30.452999114990234
62925.700336509435,30.444000244140625
62925.76722169491,30.444000244140625
62925.83410688038,30.51099967956543
62925.90099206585,30.51099967956543
62925.96787725132,30.51099967956543
62926.03476243679,30.576000213623047
62926.101647622265,30.533000946044922
62926.16853280773,30.533000946044922
62926.2354179932,30.549999237060547
62926.30230317867,30.549999237060547
62926.369188364144,30.549999237060547
62926.436073549616,30.486000061035156
62926.50295873509,30.486000061035156
62926.56984392056,30.486000061035156
62926.63672910603,30.496999740600586
62926.7036142915,30.496999740600586
62926.770499476974,30.499000549316406
62926.837384662445,30.464000701904297
62926.90426984792,30.464000701904297
62926.97115503339,30.464000701904297
62927.03804021886,30.464000701904297
62927.10492540433,30.483999252319336
62927.1718105898,30.45800018310547
62927.238695775275,30.45800018310547
62927.30558096075,30.445999145507812
62927.37246614622,30.445999145507812
62927.43935133169,30.445999145507812
62927.50623651716,30.4060001373291
62927.57312170263,30.56599998474121
62927.640006888105,30.56599998474121
62927.70689207358,30.493000030517578
62927.77377725905,30.493000030517578
62927.84066244452,30.493000030517578
62927.90754762999,30.426000595092773
62927.97443281546,30.291000366210938
62928.041318000935,30.291000366210938
62928.108203186406,30.44499969482422
62928.17508837188,30.44499969482422
62928.24197355735,30.44499969482422
62928.30885874282,30.3700008392334
62928.375743928285,30.444000244140625
62928.44262911376,30.444000244140625
62928.50951429923,30.47599983215332
62928.5763994847,30.47599983215332
62928.64328467017,30.47599983215332
62928.71016985564,30.45400047302246
62928.777055041115,30.516000747680664
62928.84394022659,30.516000747680664
62928.91082541206,30.506999969482422
62928.97771059753,30.43199920654297
62929.044595783,30.43199920654297
62929.11148096847,30.43199920654297
62929.178366153945,30.47100067138672
62929.24525133942,30.47100067138672
62929.31213652489,30.523000717163086
62929.37902171036,30.523000717163086
62929.44590689583,30.510000228881836
62929.5127920813,30.510000228881836
62929.579677266775,30.510000228881836
62929.646562452246,30.503999710083008
62929.71344763772,30.53700065612793
62929.78033282319,30.53700065612793
62929.84721800866,30.44499969482422
62929.91410319413,30.44499969482422
62929.980988379604,30.44499969482422
62930.047873565076,30.47599983215332
62930.11475875055,30.41900062561035
62930.18164393602,30.41900062561035
62930.24852912149,30.393999099731445
62930.31541430696,30.393999099731445
62930.382299492434,30.393999099731445
62930.449184677906,30.347999572753906
62930.51606986338,30.29199981689453
62930.58295504884,30.29199981689453
62930.64984023431,30.445999145507812
62930.716725419785,30.445999145507812
62930.78361060526,30.445999145507812
62930.85049579073,30.47599983215332
62930.9173809762,30.41900062561035
62930.98426616167,30.41900062561035
62931.05115134714,30.429000854492188
62931.118036532614,30.43400001525879
62931.184921718086,30.43400001525879
62931.25180690356,30.43400001525879
62931.31869208903,30.506999969482422
62931.3855772745,30.506999969482422
62931.45246245997,30.538000106811523
62931.519347645444,30.538000106811523
62931.586232830916,30.481000900268555
62931.65311801639,30.481000900268555
62931.72000320186,30.562999725341797
62931.78688838733,30.562999725341797
62931.8537735728,30.562999725341797
62931.920658758274,30.562999725341797
62931.987543943746,30.42099952697754
62932.05442912922,30.42099952697754
62932.12131431469,30.465999603271484
62932.18819950016,30.465999603271484
62932.25508468563,30.465999603271484
62932.321969871104,30.520999908447266
62932.388855056575,30.509000778198242
62932.45574024205,30.509000778198242
62932.52262542752,30.503999710083008
62932.58951061299,30.503999710083008
62932.65639579846,30.503999710083008
62932.72328098393,30.572999954223633
62932.790166169405,30.5310001373291
62932.85705135487,30.5310001373291
62932.92393654034,30.513999938964844
62932.99082172581,30.513999938964844
62933.057706911284,30.513999938964844
62933.124592096756,30.541000366210938
62933.19147728223,30.55299949645996
62933.2583624677,30.55299949645996
62933.32524765317,30.5939998626709
62933.39213283864,30.5049991607666
62933.459018024114,30.5049991607666
62933.525903209586,30.5049991607666
62933.59278839506,30.466999053955078
62933.65967358053,30.466999053955078
62933.726558766,30.520999908447266
62933.79344395147,30.520999908447266
62933.86032913694,30.545000076293945
62933.927214322415,30.545000076293945
62933.99409950789,30.545000076293945
62934.06098469336,30.59000015258789
62934.12786987883,30.538999557495117
62934.1947550643,30.538999557495117
62934.26164024977,30.481000900268555
62934.328525435245,30.481000900268555
62934.39541062072,30.481000900268555
62934.46229580619,30.562999725341797
62934.52918099166,30.45599937438965
62934.59606617713,30.45599937438965
62934.6629513626,30.445999145507812
62934.729836548075,30.445999145507812
62934.796721733546,30.445999145507812
62934.86360691902,30.44099998474121
62934.93049210449,30.474000930786133
62934.99737728996,30.474000930786133
62935.064262475425,30.48900032043457
62935.1311476609,30.48900032043457
62935.19803284637,30.48900032043457
62935.26491803184,30.459999084472656
62935.33180321731,30.51799964904785
62935.39868840278,30.51799964904785
62935.465573588255,30.57900047302246
62935.53245877373,30.534000396728516
62935.5993439592,30.534000396728516
62935.66622914467,30.534000396728516
62935.73311433014,30.479000091552734
62935.79999951561,30.479000091552734
62935.866884701085,30.525999069213867
62935.93376988656,30.582000732421875
62936.00065507203,30.582000732421875
62936.0675402575,30.582000732421875
62936.13442544297,30.582000732421875
62936.20131062844,30.5
62936.268195813915,30.5
62936.335080999386,30.5
62936.40196618486,30.5
62936.46885137033,30.5
62936.5357365558,30.5
62936.60262174127,30.53499984741211
62936.669506926744,30.53499984741211
62936.736392112216,30.444000244140625
62936.80327729769,30.405000686645508
62936.87016248316,30.405000686645508
62936.93704766863,30.38800048828125
62937.0039328541,30.38800048828125
62937.070818039574,30.38800048828125
62937.137703225046,30.48699951171875
62937.20458841052,30.38800048828125
62937.27147359598,30.38800048828125
62937.33835878145,30.309999465942383
62937.405243966925,30.309999465942383
62937.4721291524,30.309999465942383
62937.53901433787,30.381999969482422
62937.60589952334,30.520000457763672
62937.67278470881,30.520000457763672
62937.73966989428,30.437999725341797
62937.806555079755,30.437999725341797
62937.873440265226,30.437999725341797
62937.9403254507,30.402000427246094
62938.00721063617,30.386999130249023
62938.07409582164,30.386999130249023
62938.14098100711,30.486000061035156
62938.207866192584,30.486000061035156
62938.274751378056,30.486000061035156
62938.34163656353,30.42300033569336
62938.408521749,30.466999053955078
62938.47540693447,30.466999053955078
62938.54229211994,30.520999908447266
62938.609177305414,30.579999923706055
62938.676062490886,30.579999923706055
62938.74294767636,30.579999923706055
62938.80983286183,30.579999923706055
62938.8767180473,30.499000549316406
62938.94360323277,30.53499984741211
62939.010488418244,30.53499984741211
62939.077373603715,30.514999389648438
62939.14425878919,30.514999389648438
62939.21114397466,30.514999389648438
62939.27802916013,30.57699966430664
62939.3449143456,30.604000091552734
62939.41179953107,30.604000091552734
62939.47868471654,30.58099937438965
62939.54556990201,30.58099937438965
62939.61245508748,30.58099937438965
62939.67934027295,30.499000549316406
62939.746225458424,30.53499984741211
62939.813110643896,30.53499984741211
62939.87999582937,30.479999542236328
62939.94688101484,30.479999542236328
62940.01376620031,30.479999542236328
62940.08065138578,30.527000427246094
62940.147536571254,30.652999877929688
62940.214421756726,30.652999877929688
62940.2813069422,30.56599998474121
62940.34819212767,30.56599998474121
62940.41507731314,30.56599998474121
62940.48196249861,30.45800018310547
62940.548847684084,30.48200035095215
62940.615732869555,30.48200035095215
62940.68261805503,30.492000579833984
62940.7495032405,30.531999588012695
62940.81638842597,30.531999588012695
62940.88327361144,30.531999588012695
62940.95015879691,30.531999588012695
62941.017043982385,30.47800064086914
62941.08392916786,30.454999923706055
62941.15081435333,30.454999923706055
62941.2176995388,30.481000900268555
62941.28458472427,30.481000900268555
62941.35146990974,30.481000900268555
62941.418355095215,30.492000579833984
62941.48524028069,30.531999588012695
62941.55212546616,30.531999588012695
62941.61901065163,30.47800064086914
62941.6858958371,30.47800064086914
62941.752781022566,30.47800064086914
62941.81966620804,30.490999221801758
62941.88655139351,30.490999221801758
62941.95343657898,30.496000289916992
62942.02032176445,30.569000244140625
62942.087206949924,30.569000244140625
62942.154092135395,30.530000686645508
62942.22097732087,30.530000686645508
62942.28786250634,30.530000686645508
62942.35474769181,30.655000686645508
62942.42163287728,30.63800048828125
62942.48851806275,30.63800048828125
62942.555403248225,30.594999313354492
62942.6222884337,30.506000518798828
62942.68917361917,30.506000518798828
62942.75605880464,30.506000518798828
62942.82294399011,30.466999053955078
62942.88982917558,30.466999053955078
62942.956714361055,30.486000061035156
62943.02359954653,30.45800018310547
62943.090484732,30.45800018310547
62943.15736991747,30.45800018310547
62943.22425510294,30.45800018310547
62943.29114028841,30.48200035095215
62943.358025473884,30.562999725341797
62943.424910659356,30.562999725341797
62943.49179584483,30.527000427246094
62943.5586810303,30.527000427246094
62943.62556621577,30.527000427246094
62943.69245140124,30.58300018310547
62943.759336586714,30.67799949645996
62943.826221772186,30.67799949645996
62943.89310695766,30.683000564575195
62943.95999214312,30.683000564575195
62944.02687732859,30.683000564575195
62944.093762514065,30.649999618530273
62944.16064769954,30.530000686645508
62944.22753288501,30.530000686645508
62944.29441807048,30.583999633789062
62944.36130325595,30.583999633789062
62944.42818844142,30.583999633789062
62944.495073626895,30.535999298095703
62944.561958812366,30.479999542236328
62944.62884399784,30.479999542236328
62944.69572918331,30.490999221801758
62944.76261436878,30.490999221801758
62944.82949955425,30.490999221801758
62944.896384739724,30.60300064086914
62944.963269925196,30.650999069213867
62945.03015511067,30.650999069213867
62945.09704029614,30.60099983215332
62945.16392548161,30.437000274658203
62945.23081066708,30.437000274658203
62945.297695852554,30.437000274658203
62945.364581038026,30.437000274658203
62945.4314662235,30.437000274658203
62945.49835140897,30.54400062561035
62945.56523659444,30.483999252319336
62945.63212177991,30.483999252319336
62945.699006965384,30.483999252319336
62945.765892150856,30.483999252319336
62945.83277733633,30.527999877929688
62945.8996625218,30.58300018310547
62945.96654770727,30.58300018310547
62946.03343289274,30.60700035095215
62946.10031807821,30.60700035095215
62946.16720326368,30.60700035095215
62946.23408844915,30.617000579833984
62946.30097363462,30.621999740600586
62946.36785882009,30.621999740600586
62946.434744005564,30.58799934387207
62946.501629191036,30.58799934387207
62946.56851437651,30.58799934387207
62946.63539956198,30.538000106811523
62946.70228474745,30.375
62946.76916993292,30.375
62946.836055118394,30.481000900268555
62946.902940303866,30.481000900268555
62946.96982548934,30.562999725341797
62947.03671067481,30.527000427246094
62947.10359586028,30.527000427246094
62947.17048104575,30.527000427246094
62947.237366231224,30.47599983215332
62947.304251416695,30.47599983215332
62947.37113660217,30.524999618530273
62947.43802178764,30.524999618530273
62947.50490697311,30.617000579833984
62947.57179215858,30.617000579833984
62947.63867734405,30.617000579833984
62947.705562529525,30.551000595092773
62947.772447715,30.593000411987305
62947.83933290047,30.593000411987305
62947.90621808594,30.576000213623047
62947.97310327141,30.576000213623047
62948.03998845688,30.576000213623047
62948.106873642355,30.638999938964844
62948.17375882783,30.559999465942383
62948.2406440133,30.559999465942383
62948.30752919877,30.631999969482422
62948.374414384234,30.631999969482422
62948.441299569706,30.631999969482422
62948.50818475518,30.593000411987305
62948.57506994065,30.611000061035156
62948.64195512612,30.611000061035156
62948.70884031159,30.54800033569336
62948.775725497064,30.54800033569336
62948.842610682535,30.54800033569336
62948.90949586801,30.520999908447266
62948.97638105348,30.579999923706055
62949.04326623895,30.579999923706055
62949.11015142442,30.641000747680664
62949.17703660989,30.631999969482422
62949.243921795365,30.631999969482422
62949.31080698084,30.631999969482422
62949.37769216631,30.631999969482422
62949.44457735178,30.55699920654297
62949.51146253725,30.631000518798828
62949.57834772272,30.631000518798828
62949.645232908195,30.628000259399414
62949.71211809367,30.628000259399414
62949.77900327914,30.628000259399414
62949.84588846461,30.69700050354004
62949.91277365008,30.549999237060547
62949.97965883555,30.549999237060547
62950.046544021025,30.55699920654297
62950.113429206496,30.55699920654297
62950.18031439197,30.55699920654297
62950.24719957744,30.631000518798828
62950.31408476291,30.591999053955078
62950.38096994838,30.591999053955078
62950.447855133854,30.503999710083008
62950.514740319326,30.503999710083008
62950.5816255048,30.503999710083008
62950.64851069026,30.50200080871582
62950.71539587573,30.535999298095703
62950.782281061205,30.535999298095703
62950.84916624668,30.516000747680664
62950.91605143215,30.577999114990234
62950.98293661762,30.577999114990234
62951.04982180309,30.577999114990234
62951.11670698856,30.46299934387207
62951.183592174035,30.46299934387207
62951.25047735951,30.55500030517578
62951.31736254498,30.52400016784668
62951.38424773045,30.52400016784668
62951.45113291592,30.52400016784668
62951.51801810139,30.52400016784668
62951.584903286865,30.58099937438965
62951.651788472336,30.677000045776367
62951.71867365781,30.677000045776367
62951.78555884328,30.718000411987305
62951.85244402875,30.718000411987305
62951.91932921422,30.718000411987305
62951.986214399694,30.5939998626709
62952.053099585166,30.5939998626709
62952.11998477064,30.5049991607666
62952.18686995611,30.643999099731445
62952.25375514158,30.643999099731445
62952.32064032705,30.632999420166016
62952.387525512524,30.632999420166016
62952.454410697996,30.632999420166016
62952.52129588347,30.628999710083008
62952.58818106894,30.520000457763672
62952.65506625441,30.520000457763672
62952.72195143988,30.614999771118164
62952.788836625354,30.614999771118164
62952.85572181082,30.614999771118164
62952.92260699629,30.6560001373291
62952.98949218176,30.60300064086914
62953.05637736723,30.60300064086914
62953.123262552705,30.68600082397461
62953.190147738176,30.68600082397461
62953.25703292365,30.68600082397461
62953.32391810912,30.652000427246094
62953.39080329459,30.743000030517578
62953.45768848006,30.743000030517578
62953.524573665534,30.676000595092773
62953.591458851006,30.676000595092773
62953.65834403648,30.676000595092773
62953.72522922195,30.576000213623047
62953.79211440742,30.638999938964844
62953.85899959289,30.638999938964844
62953.925884778364,30.66699981689453
62953.992769963836,30.607999801635742
62954.05965514931,30.607999801635742
62954.12654033478,30.607999801635742
62954.19342552025,30.607999801635742
62954.26031070572,30.547000885009766
62954.327195891194,30.590999603271484
62954.394081076665,30.590999603271484
62954.46096626214,30.575000762939453
62954.52785144761,30.575000762939453
62954.59473663308,30.575000762939453
62954.66162181855,30.638999938964844
62954.72850700402,30.594999313354492
62954.795392189495,30.594999313354492
62954.86227737497,30.57699966430664
62954.92916256044,30.57699966430664
62954.99604774591,30.57699966430664
62955.062932931374,30.639999389648438
62955.129818116846,30.559999465942383
62955.19670330232,30.559999465942383
62955.26358848779,30.562000274658203
62955.33047367326,30.562000274658203
62955.39735885873,30.562000274658203
62955.464244044204,30.667999267578125
62955.531129229676,30.643999099731445
62955.59801441515,30.643999099731445
62955.66489960062,30.66900062561035
62955.73178478609,30.66900062561035
62955.79866997156,30.66900062561035
62955.865555157034,30.679000854492188
62955.932440342505,30.64900016784668
62955.99932552798,30.64900016784668
62956.06621071345,30.635000228881836
62956.13309589892,30.628999710083008
62956.19998108439,30.628999710083008
62956.26686626986,30.628999710083008
62956.333751455335,30.555999755859375
62956.40063664081,30.555999755859375
62956.46752182628,30.631000518798828
62956.53440701175,30.631000518798828
62956.60129219722,30.55699920654297
62956.66817738269,30.55699920654297
62956.735062568165,30.55699920654297
62956.801947753636,30.594999313354492
62956.86883293911,30.506000518798828
62956.93571812458,30.506000518798828
62957.00260331005,30.538000106811523
62957.06948849552,30.538000106811523
62957.136373680994,30.538000106811523
62957.203258866466,30.586999893188477
62957.27014405193,30.586999893188477
62957.3370292374,30.50200080871582
62957.403914422874,30.60700035095215
62957.470799608345,30.60700035095215
62957.53768479382,30.652999877929688
62957.60456997929,30.652999877929688
62957.67145516476,30.652999877929688
62957.73834035023,30.601999282836914
62957.8052255357,30.614999771118164
62957.872110721175,30.614999771118164
62957.93899590665,30.621000289916992
62958.00588109212,30.62299919128418
62958.07276627759,30.62299919128418
62958.13965146306,30.62299919128418
62958.20653664853,30.62299919128418
62958.273421834005,30.589000701904297
62958.340307019476,30.608999252319336
62958.40719220495,30.608999252319336
62958.47407739042,30.68899917602539
62958.54096257589,30.68899917602539
62958.60784776136,30.68899917602539
62958.674732946834,30.687999725341797
62958.741618132306,30.652000427246094
62958.80850331778,30.652000427246094
62958.87538850325,30.636999130249023
62958.94227368872,30.636999130249023
62959.00915887419,30.636999130249023
62959.076044059664,30.666000366210938
62959.142929245136,30.64299964904785
62959.20981443061,30.64299964904785
62959.27669961608,30.632999420166016
62959.34358480155,30.632999420166016
62959.41046998702,30.632999420166016
62959.477355172494,30.663999557495117
62959.54424035796,30.74799919128418
62959.61112554343,30.74799919128418
62959.6780107289,30.749000549316406
62959.74489591437,30.749000549316406
62959.811781099845,30.749000549316406
62959.878666285316,30.64299964904785
62959.94555147079,30.73900032043457
62960.01243665626,30.73900032043457
62960.07932184173,30.638999938964844
62960.1462070272,30.59600067138672
62960.213092212674,30.59600067138672
62960.279977398146,30.59600067138672
62960.34686258362,30.648000717163086
62960.41374776909,30.648000717163086
62960.48063295456,30.740999221801758
62960.54751814003,30.740999221801758
62960.614403325504,30.711000442504883
62960.681288510976,30.711000442504883
62960.74817369645,30.711000442504883
62960.81505888192,30.697999954223633
62960.88194406739,30.6560001373291
62960.94882925286,30.6560001373291
62961.015714438334,30.60300064086914
62961.082599623805,30.60300064086914
62961.14948480928,30.60300064086914
62961.21636999475,30.650999069213867
62961.28325518022,30.63599967956543
62961.35014036569,30.63599967956543
62961.41702555116,30.5939998626709
62961.483910736635,30.5939998626709
62961.55079592211,30.5939998626709
62961.61768110758,30.61199951171875
62961.68456629305,30.655000686645508
62961.751451478514,30.655000686645508
62961.818336663986,30.63800048828125
62961.88522184946,30.63800048828125
62961.95210703493,30.63800048828125
62962.0189922204,30.666000366210938
62962.08587740587,30.64299964904785
62962.152762591344,30.64299964904785
62962.219647776816,30.70400047302246
62962.28653296229,30.70400047302246
62962.35341814776,30.624000549316406
62962.42030333323,30.624000549316406
62962.4871885187,30.624000549316406
62962.554073704174,30.624000549316406
62962.620958889645,30.624000549316406
62962.68784407512,30.625
62962.75472926059,30.695999145507812
62962.82161444606,30.695999145507812
62962.88849963153,30.69099998474121
62962.955384817,30.69099998474121
62963.022270002475,30.69099998474121
62963.08915518795,30.65399932861328
62963.15604037342,30.56599998474121
62963.22292555889,30.56599998474121
62963.28981074436,30.742000579833984
62963.35669592983,30.742000579833984
62963.423581115305,30.742000579833984
62963.49046630078,30.674999237060547
62963.55735148625,30.823999404907227
62963.62423667172,30.823999404907227
62963.69112185719,30.711000442504883
62963.75800704266,30.711000442504883
62963.824892228135,30.711000442504883
62963.891777413606,30.732999801635742
62963.95866259907,30.707000732421875
62964.02554778454,30.707000732421875
62964.092432970014,30.660999298095703
62964.159318155485,30.639999389648438
62964.22620334096,30.639999389648438
62964.29308852643,30.639999389648438
62964.3599737119,30.631999969482422
62964.42685889737,30.631999969482422
62964.49374408284,30.628000259399414
62964.560629268315,30.628000259399414
62964.62751445379,30.66200065612793
62964.69439963926,30.66200065612793
62964.76128482473,30.66200065612793
62964.8281700102,30.641000747680664
62964.89505519567,30.631999969482422
62964.961940381145,30.631999969482422
62965.02882556662,30.593000411987305
62965.09571075209,30.593000411987305
62965.16259593756,30.593000411987305
62965.22948112303,30.611000061035156
62965.2963663085,30.65399932861328
62965.363251493975,30.65399932861328
62965.430136679446,30.708999633789062
62965.49702186492,30.708999633789062
62965.56390705039,30.708999633789062
62965.63079223586,30.69700050354004
62965.69767742133,30.621000289916992
62965.764562606804,30.621000289916992
62965.831447792276,30.659000396728516
62965.89833297775,30.659000396728516
62965.96521816322,30.659000396728516
62966.03210334869,30.746000289916992
62966.09898853416,30.606000900268555
62966.165873719634,30.606000900268555
62966.2327589051,30.652000427246094
62966.29964409057,30.652000427246094
62966.36652927604,30.652000427246094
62966.43341446151,30.743000030517578
62966.500299646985,30.746999740600586
62966.56718483246,30.746999740600586
62966.63407001793,30.71299934387207
62966.7009552034,30.698999404907227
62966.76784038887,30.698999404907227
62966.83472557434,30.698999404907227
62966.901610759815,30.691999435424805
62966.968495945286,30.691999435424805
62967.03538113076,30.76099967956543
62967.10226631623,30.76099967956543
62967.1691515017,30.7549991607666
62967.23603668717,30.7549991607666
62967.302921872644,30.7549991607666
62967.369807058116,30.716999053955078
62967.43669224359,30.716999053955078
62967.50357742906,30.770999908447266
62967.57046261453,30.687999725341797
62967.6373478,30.687999725341797
62967.704232985474,30.687999725341797
62967.771118170946,30.687999725341797
62967.83800335642,30.687999725341797
62967.90488854189,30.652000427246094
62967.97177372736,30.672000885009766
62968.03865891283,30.672000885009766
62968.105544098304,30.645000457763672
62968.172429283775,30.645000457763672
62968.23931446925,30.645000457763672
62968.30619965472,30.634000778198242
62968.37308484019,30.700000762939453
62968.439970025654,30.700000762939453
62968.506855211126,30.621999740600586
62968.5737403966,30.621999740600586
62968.64062558207,30.621999740600586
62968.70751076754,30.69499969482422
62968.77439595301,30.76099967956543
62968.841281138484,30.76099967956543
62968.908166323956,30.719999313354492
62968.97505150943,30.808000564575195
62969.0419366949,30.808000564575195
62969.10882188037,30.808000564575195
62969.17570706584,30.808000564575195
62969.242592251314,30.70400047302246
62969.309477436786,30.69499969482422
62969.37636262226,30.69499969482422
62969.44324780773,30.6200008392334
62969.5101329932,30.6200008392334
62969.57701817867,30.6200008392334
62969.64390336414,30.694000244140625
62969.710788549615,30.76099967956543
62969.77767373509,30.76099967956543
62969.84455892056,30.68400001525879
62969.91144410603,30.68400001525879
62969.9783292915,30.68400001525879
62970.04521447697,30.68600082397461
62970.112099662445,30.687000274658203
62970.17898484792,30.687000274658203
62970.24587003339,30.722999572753906
62970.31275521886,30.722999572753906
62970.37964040433,30.722999572753906
62970.4465255898,30.738000869750977
62970.513410775275,30.708999633789062
62970.580295960746,30.708999633789062
62970.64718114621,30.69700050354004
62970.71406633168,30.69700050354004
62970.780951517154,30.69700050354004
62970.847836702626,30.726999282836914
62970.9147218881,30.775999069213867
62970.98160707357,30.775999069213867
62971.04849225904,30.690000534057617
62971.11537744451,30.724000930786133
62971.18226262998,30.724000930786133
62971.249147815455,30.724000930786133
62971.31603300093,30.631999969482422
62971.3829181864,30.631999969482422
62971.44980337187,30.628000259399414
62971.51668855734,30.628000259399414
62971.58357374281,30.732999801635742
62971.650458928285,30.732999801635742
62971.71734411376,30.732999801635742
62971.78422929923,30.777999877929688
62971.8511144847,30.6560001373291
62971.91799967017,30.6560001373291
62971.98488485564,30.63800048828125
62972.051770041115,30.63800048828125
62972.118655226586,30.63800048828125
62972.18554041206,30.666000366210938
62972.25242559753,30.67799949645996
62972.319310783,30.67799949645996
62972.38619596847,30.68400001525879
62972.453081153944,30.68400001525879
62972.519966339416,30.68400001525879
62972.58685152489,30.72100067138672
62972.65373671036,30.72100067138672
62972.72062189583,30.631000518798828
62972.7875070813,30.628000259399414
62972.85439226677,30.628000259399414
62972.92127745224,30.69700050354004
62972.98816263771,30.69700050354004
62973.05504782318,30.69700050354004
62973.12193300865,30.691999435424805
62973.188818194125,30.760000228881836
62973.2557033796,30.760000228881836
62973.32258856507,30.790000915527344
62973.38947375054,30.790000915527344
62973.45635893601,30.790000915527344
62973.52324412148,30.767000198364258
62973.590129306955,30.827999114990234
62973.657014492426,30.827999114990234
62973.7238996779,30.784000396728516
62973.79078486337,30.764999389648438
62973.85767004884,30.764999389648438
62973.92455523431,30.764999389648438
62973.991440419784,30.72100067138672
62974.058325605256,30.72100067138672
62974.12521079073,30.70199966430664
62974.1920959762,30.70199966430664
62974.25898116167,30.764999389648438
62974.32586634714,30.764999389648438
62974.392751532614,30.764999389648438
62974.459636718086,30.756000518798828
62974.52652190356,30.68199920654297
62974.59340708903,30.68199920654297
62974.6602922745,30.684999465942383
62974.72717745997,30.684999465942383
62974.794062645444,30.684999465942383
62974.860947830915,30.722000122070312
62974.92783301639,30.66699981689453
62974.99471820186,30.66699981689453
62975.06160338733,30.64299964904785
62975.128488572795,30.64299964904785
62975.195373758266,30.64299964904785
62975.26225894374,30.597000122070312
62975.32914412921,30.7549991607666
62975.39602931468,30.7549991607666
62975.46291450015,30.788000106811523
62975.529799685624,30.788000106811523
62975.596684871096,30.788000106811523
62975.66357005657,30.731000900268555
62975.73045524204,30.742000579833984
62975.79734042751,30.742000579833984
62975.86422561298,30.85300064086914
62975.931110798454,30.85300064086914
62975.997995983926,30.85300064086914
62976.0648811694,30.759000778198242
62976.13176635487,30.788999557495117
62976.19865154034,30.788999557495117
62976.26553672581,30.83799934387207
62976.332421911284,30.823999404907227
62976.399307096755,30.823999404907227
62976.46619228223,30.823999404907227
62976.5330774677,30.823999404907227
62976.59996265317,30.674999237060547
62976.66684783864,30.64699935913086
62976.73373302411,30.64699935913086
62976.800618209585,30.740999221801758
62976.86750339506,30.740999221801758
62976.93438858053,30.740999221801758
62977.001273766,30.7810001373291
62977.06815895147,30.763999938964844
62977.13504413694,30.763999938964844
62977.201929322415,30.719999313354492
62977.26881450789,30.719999313354492
62977.33569969335,30.719999313354492
62977.40258487882,30.773000717163086
62977.469470064294,30.760000228881836
62977.536355249766,30.760000228881836
62977.60324043524,30.753999710083008
62977.67012562071,30.753999710083008
62977.73701080618,30.680999755859375
62977.80389599165,30.680999755859375
62977.870781177124,30.680999755859375
62977.937666362595,30.756000518798828
62978.00455154807,30.680999755859375
62978.07143673354,30.680999755859375
62978.13832191901,30.684999465942383
62978.20520710448,30.650999069213867
62978.27209228995,30.650999069213867
62978.338977475425,30.650999069213867
62978.4058626609,30.63599967956543
62978.47274784637,30.63599967956543
62978.53963303184,30.665000915527344
62978.60651821731,30.665000915527344
62978.67340340278,30.642000198364258
62978.740288588255,30.642000198364258
62978.80717377373,30.642000198364258
62978.8740589592,30.667999267578125
62978.94094414467,30.75
62979.00782933014,30.75
62979.07471451561,30.820999145507812
62979.141599701084,30.820999145507812
62979.208484886556,30.820999145507812
62979.27537007203,30.7450008392334
62979.3422552575,30.711999893188477
62979.40914044297,30.711999893188477
62979.47602562844,30.80500030517578
62979.54291081391,30.80500030517578
62979.60979599938,30.80500030517578
62979.67668118485,30.80900001525879
62979.74356637032,30.775999069213867
62979.81045155579,30.775999069213867
62979.877336741265,30.72599983215332
62979.94422192674,30.72599983215332
62980.01110711221,30.72599983215332
62980.07799229768,30.70400047302246
62980.14487748315,30.729999542236328
62980.21176266862,30.729999542236328
62980.278647854095,30.812000274658203
62980.34553303957,30.812000274658203
62980.41241822504,30.812000274658203
62980.47930341051,30.847999572753906
62980.54618859598,30.863000869750977
62980.61307378145,30.863000869750977
62980.679958966924,30.8700008392334
62980.746844152396,30.802000045776367
62980.81372933787,30.802000045776367
62980.88061452334,30.802000045776367
62980.94749970881,30.77199935913086
62981.01438489428,30.77199935913086
62981.081270079754,30.795000076293945
62981.148155265226,30.795000076293945
62981.2150404507,30.628000259399414
62981.28192563617,30.628000259399414
62981.34881082164,30.628000259399414
62981.41569600711,30.625999450683594
62981.482581192584,30.625999450683594
62981.549466378056,30.625999450683594
62981.61635156353,30.695999145507812
62981.683236749,30.695999145507812
62981.75012193447,30.695999145507812
62981.817007119935,30.6560001373291
62981.883892305406,30.63800048828125
62981.95077749088,30.63800048828125
62982.01766267635,30.70199966430664
62982.08454786182,30.70199966430664
62982.15143304729,30.70199966430664
62982.218318232764,30.729000091552734
62982.285203418236,30.775999069213867
62982.35208860371,30.775999069213867
62982.41897378918,30.76099967956543
62982.48585897465,30.76099967956543
62982.55274416012,30.76099967956543
62982.619629345594,30.861000061035156
62982.686514531066,30.79800033569336
62982.75339971654,30.79800033569336
62982.82028490201,30.841999053955078
62982.88717008748,30.841999053955078
62982.95405527295,30.825000762939453
62983.020940458424,30.783000946044922
62983.087825643895,30.783000946044922
62983.15471082937,30.783000946044922
62983.22159601484,30.783000946044922
62983.28848120031,30.729000091552734
62983.35536638578,30.775999069213867
62983.42225157125,30.775999069213867
62983.489136756725,30.797000885009766
62983.5560219422,30.797000885009766
62983.62290712767,30.797000885009766
62983.68979231314,30.663999557495117
62983.75667749861,30.74799919128418
62983.82356268408,30.74799919128418
62983.890447869555,30.714000701904297
62983.95733305503,30.714000701904297
62984.02421824049,30.714000701904297
62984.09110342596,30.663000106811523
62984.157988611434,30.642000198364258
62984.224873796906,30.642000198364258
62984.29175898238,30.702999114990234
62984.35864416785,30.702999114990234
62984.42552935332,30.702999114990234
62984.49241453879,30.801000595092773
62984.559299724264,30.736000061035156
62984.626184909735,30.736000061035156
62984.69307009521,30.780000686645508
62984.75995528068,30.780000686645508
62984.82684046615,30.780000686645508
62984.89372565162,30.79800033569336
62984.96061083709,30.770999908447266
62985.027496022565,30.770999908447266
62985.09438120804,30.79400062561035
62985.16126639351,30.733999252319336
62985.22815157898,30.733999252319336
62985.29503676445,30.733999252319336
62985.36192194992,30.733999252319336
62985.428807135395,30.849000930786133
62985.49569232087,30.757999420166016
62985.56257750634,30.757999420166016
62985.62946269181,30.753000259399414
62985.69634787728,30.753000259399414
62985.76323306275,30.753000259399414
62985.830118248225,30.78700065612793
62985.897003433696,30.729999542236328
62985.96388861917,30.729999542236328
62986.03077380464,30.742000579833984
62986.09765899011,30.742000579833984
62986.16454417558,30.742000579833984
62986.23142936105,30.816999435424805
62986.29831454652,30.850000381469727
62986.36519973199,30.850000381469727
62986.43208491746,30.899999618530273
62986.49897010293,30.899999618530273
62986.565855288405,30.899999618530273
62986.63274047388,30.815000534057617
62986.69962565935,30.812999725341797
62986.76651084482,30.812999725341797
62986.83339603029,30.847999572753906
62986.90028121576,30.827999114990234
62986.967166401235,30.827999114990234
62987.03405158671,30.827999114990234
62987.10093677218,30.677000045776367
62987.16782195765,30.677000045776367
62987.23470714312,30.788999557495117
62987.30159232859,30.788999557495117
62987.368477514065,30.83799934387207
62987.435362699536,30.83799934387207
62987.50224788501,30.83799934387207
62987.56913307048,30.823999404907227
62987.63601825595,30.85300064086914
62987.70290344142,30.85300064086914
62987.769788626894,30.724000930786133
62987.836673812366,30.724000930786133
62987.90355899784,30.724000930786133
62987.97044418331,30.80900001525879
62988.03732936878,30.80900001525879
62988.10421455425,30.739999771118164
62988.171099739724,30.816999435424805
62988.237984925196,30.816999435424805
62988.30487011067,30.77899932861328
62988.37175529614,30.77899932861328
62988.4386404816,30.77899932861328
62988.505525667075,30.79800033569336
62988.57241085255,30.805999755859375
62988.63929603802,30.805999755859375
62988.70618122349,30.809999465942383
62988.77306640896,30.809999465942383
62988.83995159443,30.809999465942383
62988.906836779905,30.81100082397461
62988.973721965376,30.812000274658203
62989.04060715085,30.812000274658203
62989.10749233632,30.882999420166016
62989.17437752179,30.843000411987305
62989.24126270726,30.843000411987305
62989.308147892734,30.843000411987305
62989.375033078206,30.843000411987305
62989.44191826368,30.826000213623047
62989.50880344915,30.854000091552734
62989.57568863462,30.854000091552734
62989.64257382009,30.937000274658203
62989.709459005564,30.937000274658203
62989.776344191036,30.937000274658203
62989.84322937651,30.902000427246094
62989.91011456198,30.922000885009766
62989.97699974745,30.922000885009766
62990.04388493292,30.895000457763672
62990.110770118394,30.895000457763672
62990.177655303865,30.895000457763672
62990.24454048934,30.847999572753906
62990.31142567481,30.722000122070312
62990.37831086028,30.722000122070312
62990.44519604575,30.773000717163086
62990.51208123122,30.773000717163086
62990.578966416695,30.773000717163086
62990.64585160217,30.83099937438965
62990.71273678763,30.83099937438965
62990.7796219731,30.78499984741211
62990.846507158574,30.78499984741211
62990.913392344046,30.78499984741211
62990.98027752952,30.801000595092773
62991.04716271499,30.878000259399414
62991.11404790046,30.878000259399414
62991.18093308593,30.770000457763672
62991.247818271404,30.79400062561035
62991.314703456876,30.79400062561035
62991.38158864235,30.79400062561035
62991.44847382782,30.79400062561035
62991.51535901329,30.80500030517578
62991.58224419876,30.844999313354492
62991.649129384234,30.844999313354492
62991.716014569705,30.826000213623047
62991.78289975518,30.826000213623047
62991.84978494065,30.826000213623047
62991.91667012612,30.783000946044922
62991.98355531159,30.799999237060547
62992.05044049706,30.799999237060547
62992.117325682535,30.913000106811523
62992.18421086801,30.913000106811523
62992.25109605348,30.913000106811523
62992.31798123895,30.927000045776367
62992.38486642442,30.968000411987305
62992.45175160989,30.968000411987305
62992.518636795365,30.915000915527344
62992.585521980836,30.915000915527344
62992.65240716631,30.915000915527344
62992.71929235178,30.92799949645996
62992.78617753725,30.82699966430664
62992.85306272272,30.82699966430664
62992.91994790819,30.854000091552734
62992.98683309366,30.854000091552734
62993.05371827913,30.865999221801758
62993.1206034646,30.865999221801758
62993.187488650074,30.865999221801758
62993.254373835545,30.906999588012695
62993.32125902102,30.888999938964844
62993.38814420649,30.888999938964844
62993.45502939196,30.809999465942383
62993.52191457743,30.81100082397461
62993.5887997629,30.81100082397461
62993.655684948375,30.81100082397461
62993.72257013385,30.740999221801758
62993.78945531932,30.740999221801758
62993.85634050479,30.816999435424805
62993.92322569026,30.816999435424805
62993.99011087573,30.743999481201172
62994.056996061205,30.743999481201172
62994.123881246676,30.743999481201172
62994.19076643215,30.81800079345703
62994.25765161762,30.850000381469727
62994.32453680309,30.850000381469727
62994.39142198856,30.86400032043457
62994.458307174034,30.86400032043457
62994.525192359506,30.86400032043457
62994.59207754498,30.8700008392334
62994.65896273045,30.83799934387207
62994.72584791592,30.83799934387207
62994.79273310139,30.858999252319336
62994.859618286864,30.858999252319336
62994.926503472336,30.858999252319336
62994.99338865781,30.761999130249023
62995.06027384328,30.7549991607666
62995.12715902874,30.7549991607666
62995.194044214215,30.858999252319336
62995.26092939969,30.858999252319336
62995.32781458516,30.858999252319336
62995.39469977063,30.868000030517578
62995.4615849561,30.836000442504883
62995.52847014157,30.836000442504883
62995.595355327045,30.857999801635742
62995.662240512516,30.902999877929688
62995.72912569799,30.902999877929688
62995.79601088346,30.902999877929688
62995.86289606893,30.81599998474121
62995.9297812544,30.81599998474121
62995.996666439874,30.850000381469727
62996.063551625346,30.850000381469727
62996.13043681082,30.86400032043457
62996.19732199629,30.86400032043457
62996.26420718176,30.86400032043457
62996.33109236723,30.8700008392334
62996.397977552704,30.836999893188477
62996.464862738176,30.836999893188477
62996.53174792365,30.893999099731445
62996.59863310912,30.893999099731445
62996.66551829459,30.893999099731445
62996.73240348006,30.847999572753906
62996.799288665534,30.827999114990234
62996.866173851005,30.827999114990234
62996.93305903648,30.854999542236328
62996.99994422195,30.854999542236328
62997.06682940742,30.854999542236328
62997.13371459289,30.795000076293945
62997.20059977836,30.80500030517578
62997.267484963835,30.80500030517578
62997.3343701493,30.80900001525879
62997.40125533477,30.80900001525879
62997.46814052024,30.80900001525879
62997.535025705714,30.847000122070312
62997.601910891186,30.82699966430664
62997.66879607666,30.82699966430664
62997.73568126213,30.889999389648438
62997.8025664476,30.889999389648438
62997.86945163307,30.889999389648438
62997.936336818544,30.84600067138672
62998.003222004016,30.86199951171875
62998.07010718949,30.86199951171875
62998.13699237496,30.833999633789062
62998.20387756043,30.833999633789062
62998.2707627459,30.85700035095215
62998.337647931374,30.79599952697754
62998.404533116845,30.79599952697754
62998.47141830232,30.79599952697754
62998.53830348779,30.805999755859375
62998.60518867326,30.805999755859375
62998.67207385873,30.844999313354492
62998.7389590442,30.844999313354492
62998.805844229675,30.86199951171875
62998.87272941515,30.86199951171875
62998.93961460062,30.86199951171875
62999.00649978609,30.868999481201172
62999.07338497156,30.836999893188477
62999.14027015703,30.836999893188477
62999.207155342505,30.788000106811523
62999.27404052798,30.788000106811523
62999.34092571345,30.788000106811523
62999.40781089892,30.731000900268555
62999.47469608439,30.70599937438965
62999.54158126986,30.70599937438965
62999.60846645533,30.87299919128418
62999.6753516408,30.87299919128418
62999.74223682627,30.87299919128418
62999.80912201174,30.874000549316406
62999.876007197214,30.90999984741211
62999.942892382685,30.90999984741211
63000.00977756816,30.854999542236328
63000.07666275363,30.854999542236328
63000.1435479391,30.854999542236328
63000.21043312457,30.83099937438965
63000.27731831004,30.927000045776367
63000.344203495515,30.927000045776367
63000.41108868099,30.933000564575195
63000.47797386646,30.82900047302246
63000.54485905193,30.82900047302246
63000.6117442374,30.82900047302246
63000.67862942287,30.81999969482422
63000.745514608345,30.81999969482422
63000.81239979382,30.81599998474121
63000.87928497929,30.777999877929688
63000.94617016476,30.777999877929688
63001.01305535023,30.777999877929688
63001.0799405357,30.777999877929688
63001.146825721175,30.79800033569336
63001.213710906646,30.805999755859375
63001.28059609212,30.805999755859375
63001.34748127759,30.809999465942383
63001.41436646306,30.809999465942383
63001.48125164853,30.809999465942383
63001.548136834004,30.917999267578125
63001.615022019476,30.857999801635742
