4392.000000	0.030162	0.000000	0.000000	1760996641.478423	0.000000
4392.000000	0.030162	0.000000	0.000000	1760996641.478435	0.000000
4392.000000	0.030162	0.000000	0.000000	1760996641.478437	0.000000
4392.000000	0.030162	0.000000	0.000000	1760996641.478439	0.000000
4407.000000	0.030162	31.120000	0.000000	1760996641.478601	0.000000
4407.000000	0.030162	31.120000	0.000000	1760996641.478604	0.000000
4424.000000	0.030162	31.158000	0.000000	1760996641.478709	0.000000
4439.000000	0.030162	31.104000	0.000000	1760996641.478792	0.000000
4439.000000	0.030162	31.104000	0.000000	1760996641.478794	0.000000
5465.000000	0.030163	31.009000	0.000000	1760996641.734677	0.000000
5465.000000	0.030163	31.009000	0.000000	1760996641.734685	0.000000
5480.000000	0.030163	31.240000	0.000000	1760996641.832544	0.000000
5496.000000	0.030163	31.139000	0.000000	1760996641.988506	0.000000
5496.000000	0.030163	31.139000	0.000000	1760996641.988514	0.000000
5511.000000	0.030163	31.131000	0.000000	1760996642.057847	0.000000
5527.000000	0.030163	31.131000	0.000000	1760996642.145512	0.000000
5527.000000	0.030163	31.131000	0.000000	1760996642.145518	0.000000
5542.000000	0.030163	31.128000	0.000000	1760996642.237638	0.000000
5558.000000	0.030163	31.197000	0.000000	1760996642.421973	0.000000
5558.000000	0.030163	31.197000	0.000000	1760996642.421983	0.000000
5574.000000	0.030163	31.192000	0.000000	1760996642.430940	0.000000
5589.000000	0.030163	31.192000	0.000000	1760996642.530124	0.000000
5589.000000	0.030163	31.192000	0.000000	1760996642.530128	0.000000
5604.000000	0.030163	31.225000	0.000000	1760996642.640749	0.000000
5621.000000	0.030163	31.204000	0.000000	1760996642.738581	0.000000
5621.000000	0.030163	31.204000	0.000000	1760996642.738589	0.000000
5636.000000	0.030163	31.194000	0.000000	1760996642.883226	0.000000
5651.000000	0.030163	31.194000	0.000000	1760996642.959914	0.000000
5651.000000	0.030163	31.194000	0.000000	1760996642.959921	0.000000
5666.000000	0.030163	31.155000	0.000000	1760996643.069468	0.000000
5683.000000	0.030163	31.244000	0.000000	1760996643.146914	0.000000
5683.000000	0.030163	31.244000	0.000000	1760996643.146921	0.000000
5698.000000	0.030163	31.248000	0.000000	1760996643.261234	0.000000
5714.000000	0.030163	31.249000	0.000000	1760996643.446018	0.000000
5714.000000	0.030163	31.249000	0.000000	1760996643.446023	0.000000
5729.000000	0.030162	31.249000	0.000000	1760996643.473958	0.000000
5760.000000	0.030163	31.214000	0.000000	1760996643.969812	0.000000
5760.000000	0.030163	31.214000	0.000000	1760996643.969818	0.000000
5777.000000	0.030162	31.106000	0.000000	1760996643.969971	0.000000
5791.000000	0.030162	31.106000	0.000000	1760996643.970093	0.000000
5791.000000	0.030162	31.106000	0.000000	1760996643.970097	0.000000
5807.000000	0.030162	31.117000	0.000000	1760996644.030184	0.000000
5823.000000	0.030162	31.228000	0.000000	1760996644.131156	0.000000
5823.000000	0.030162	31.228000	0.000000	1760996644.131161	0.000000
5839.000000	0.030162	31.134000	0.000000	1760996644.198659	0.000000
5853.000000	0.030162	31.134000	0.000000	1760996644.258866	0.000000
5853.000000	0.030162	31.134000	0.000000	1760996644.258874	0.000000
5869.000000	0.030162	31.200000	0.000000	1760996644.363300	0.000000
5885.000000	0.030162	31.157000	0.000000	1760996644.488883	0.000000
5885.000000	0.030162	31.157000	0.000000	1760996644.488888	0.000000
5901.000000	0.030162	31.139000	0.000000	1760996644.562348	0.000000
5915.000000	0.030162	31.139000	0.000000	1760996644.725285	0.000000
5915.000000	0.030162	31.139000	0.000000	1760996644.725293	0.000000
5932.000000	0.030162	31.167000	0.000000	1760996644.796824	0.000000
5948.000000	0.030162	31.214000	0.000000	1760996644.946589	0.000000
5948.000000	0.030162	31.214000	0.000000	1760996644.946598	0.000000
5964.000000	0.030162	31.305000	0.000000	1760996644.994213	0.000000
5964.000000	0.030162	31.305000	0.000000	1760996644.994217	0.000000
5980.000000	0.030162	31.203000	0.000000	1760996645.105019	0.000000
5995.000000	0.030162	31.203000	0.000000	1760996645.257726	0.000000
5995.000000	0.030162	31.203000	0.000000	1760996645.257738	0.000000
6010.000000	0.030162	31.230000	0.000000	1760996645.302615	0.000000
6027.000000	0.030162	31.277000	0.000000	1760996645.459347	0.000000
6027.000000	0.030162	31.277000	0.000000	1760996645.459351	0.000000
6044.000000	0.030162	31.297000	0.000000	1760996645.564691	0.000000
6059.000000	0.030162	31.297000	0.000000	1760996645.632973	0.000000
6059.000000	0.030162	31.297000	0.000000	1760996645.632978	0.000000
6074.000000	0.030162	31.199000	0.000000	1760996645.720398	0.000000
6091.000000	0.030162	31.157000	0.000000	1760996645.823432	0.000000
6091.000000	0.030162	31.157000	0.000000	1760996645.823441	0.000000
6106.000000	0.030162	31.316000	0.000000	1760996645.940027	0.000000
6122.000000	0.030162	31.279000	0.000000	1760996646.034318	0.000000
6122.000000	0.030162	31.279000	0.000000	1760996646.034326	0.000000
6137.000000	0.030162	31.279000	0.000000	1760996646.111061	0.000000
6153.000000	0.030162	31.191000	0.000000	1760996646.213233	0.000000
6153.000000	0.030162	31.191000	0.000000	1760996646.213241	0.000000
6168.000000	0.030162	31.260000	0.000000	1760996646.344126	0.000000
6185.000000	0.030162	31.290000	0.000000	1760996646.415428	0.000000
6185.000000	0.030162	31.290000	0.000000	1760996646.415434	0.000000
6199.000000	0.030162	31.290000	0.000000	1760996646.519054	0.000000
6199.000000	0.030162	31.290000	0.000000	1760996646.519063	0.000000
6215.000000	0.030162	31.303000	0.000000	1760996646.644955	0.000000
6231.000000	0.030162	31.237000	0.000000	1760996646.724074	0.000000
6231.000000	0.030162	31.237000	0.000000	1760996646.724082	0.000000
6247.000000	0.030162	31.209000	0.000000	1760996646.834712	0.000000
6261.000000	0.030162	31.209000	0.000000	1760996646.928501	0.000000
6261.000000	0.030162	31.209000	0.000000	1760996646.928506	0.000000
6277.000000	0.030162	31.197000	0.000000	1760996647.055748	0.000000
6293.000000	0.030162	31.227000	0.000000	1760996647.140170	0.000000
6293.000000	0.030162	31.227000	0.000000	1760996647.140178	0.000000
6309.000000	0.030162	31.169000	0.000000	1760996647.309699	0.000000
6323.000000	0.030162	31.169000	0.000000	1760996647.397692	0.000000
6323.000000	0.030162	31.169000	0.000000	1760996647.397700	0.000000
6340.000000	0.030162	31.180000	0.000000	1760996647.442329	0.000000
6355.000000	0.030162	31.220000	0.000000	1760996647.546355	0.000000
6355.000000	0.030162	31.220000	0.000000	1760996647.546366	0.000000
6371.000000	0.030162	31.308000	0.000000	1760996647.653316	0.000000
6386.000000	0.030162	31.308000	0.000000	1760996647.733610	0.000000
6386.000000	0.030162	31.308000	0.000000	1760996647.733619	0.000000
6402.000000	0.030162	31.275000	0.000000	1760996647.840501	0.000000
6417.000000	0.030162	31.154000	0.000000	1760996647.940309	0.000000
6417.000000	0.030162	31.154000	0.000000	1760996647.940317	0.000000
6433.000000	0.030162	31.173000	0.000000	1760996648.066917	0.000000
6449.000000	0.030162	31.252000	0.000000	1760996648.164799	0.000000
6449.000000	0.030162	31.252000	0.000000	1760996648.164808	0.000000
6464.000000	0.030162	31.252000	0.000000	1760996648.248363	0.000000
6479.000000	0.030162	31.216000	0.000000	1760996648.361251	0.000000
6479.000000	0.030162	31.216000	0.000000	1760996648.361259	0.000000
6496.000000	0.030162	31.200000	0.000000	1760996648.469558	0.000000
6511.000000	0.030162	31.157000	0.000000	1760996648.555915	0.000000
6511.000000	0.030162	31.157000	0.000000	1760996648.555922	0.000000
6526.000000	0.030162	31.157000	0.000000	1760996648.757503	0.000000
6526.000000	0.030162	31.157000	0.000000	1760996648.757512	0.000000
6542.000000	0.030162	31.245000	0.000000	1760996648.787054	0.000000
6558.000000	0.030162	31.213000	0.000000	1760996648.854075	0.000000
6558.000000	0.030162	31.213000	0.000000	1760996648.854080	0.000000
6573.000000	0.030162	31.198000	0.000000	1760996648.948884	0.000000
6589.000000	0.030162	31.198000	0.000000	1760996649.169066	0.000000
6589.000000	0.030162	31.198000	0.000000	1760996649.169074	0.000000
6604.000000	0.030162	31.263000	0.000000	1760996649.169223	0.000000
6620.000000	0.030162	31.256000	0.000000	1760996649.260886	0.000000
6620.000000	0.030162	31.256000	0.000000	1760996649.260891	0.000000
6635.000000	0.030162	31.323000	0.000000	1760996649.421351	0.000000
6666.000000	0.030162	31.323000	0.000000	1760996650.336506	0.000000
6682.000000	0.030162	31.244000	0.000000	1760996650.336572	0.000000
6682.000000	0.030162	31.244000	0.000000	1760996650.336574	0.000000
6698.000000	0.030162	31.425000	0.000000	1760996650.593314	0.000000
6713.000000	0.030162	31.425000	0.000000	1760996650.593472	0.000000
6713.000000	0.030162	31.425000	0.000000	1760996650.593477	0.000000
6730.000000	0.030162	31.361000	0.000000	1760996650.593667	0.000000
6730.000000	0.030162	31.361000	0.000000	1760996650.593672	0.000000
6746.000000	0.030162	31.298000	0.000000	1760996650.593809	0.000000
6777.000000	0.030162	31.200000	0.000000	1760996650.822535	0.000000
6794.000000	0.030162	31.287000	0.000000	1760996650.822706	0.000000
6794.000000	0.030163	31.287000	0.000000	1760996650.822712	0.000000
6826.000000	0.030162	31.287000	0.000000	1760996651.380395	0.000000
6842.000000	0.030163	31.084000	0.000000	1760996651.380545	0.000000
6842.000000	0.030163	31.084000	0.000000	1760996651.380551	0.000000
6858.000000	0.030162	31.178000	0.000000	1760996651.380681	0.000000
6872.000000	0.030162	31.178000	0.000000	1760996651.380811	0.000000
6872.000000	0.030162	31.178000	0.000000	1760996651.380815	0.000000
6888.000000	0.030162	31.254000	0.000000	1760996651.544335	0.000000
6904.000000	0.030162	31.323000	0.000000	1760996651.544498	0.000000
6904.000000	0.030162	31.323000	0.000000	1760996651.544504	0.000000
6920.000000	0.030162	31.246000	0.000000	1760996651.544647	0.000000
6934.000000	0.030162	31.246000	0.000000	1760996651.544789	0.000000
6934.000000	0.030162	31.246000	0.000000	1760996651.544793	0.000000
6951.000000	0.030162	31.213000	0.000000	1760996651.544916	0.000000
6966.000000	0.030162	31.198000	0.000000	1760996651.612531	0.000000
6966.000000	0.030162	31.198000	0.000000	1760996651.612540	0.000000
6997.000000	0.030162	31.192000	0.000000	1760996651.831768	0.000000
6997.000000	0.030162	31.192000	0.000000	1760996651.831774	0.000000
7013.000000	0.030162	31.296000	0.000000	1760996651.978751	0.000000
7028.000000	0.030163	31.270000	0.000000	1760996651.978845	0.000000
7028.000000	0.030163	31.270000	0.000000	1760996651.978848	0.000000
7044.000000	0.030163	31.223000	0.000000	1760996652.118153	0.000000
7059.000000	0.030163	31.223000	0.000000	1760996652.179542	0.000000
7059.000000	0.030163	31.223000	0.000000	1760996652.179546	0.000000
7090.000000	0.030163	31.309000	0.000000	1760996652.591931	0.000000
7090.000000	0.030163	31.309000	0.000000	1760996652.591939	0.000000
7107.000000	0.030163	31.352000	0.000000	1760996652.592079	0.000000
7137.000000	0.030163	31.259000	0.000000	1760996652.795844	0.000000
7137.000000	0.030163	31.259000	0.000000	1760996652.795851	0.000000
7153.000000	0.030163	31.325000	0.000000	1760996652.829791	0.000000
7169.000000	0.030163	31.424000	0.000000	1760996652.853924	0.000000
7169.000000	0.030163	31.424000	0.000000	1760996652.853928	0.000000
7184.000000	0.030163	31.361000	0.000000	1760996652.992413	0.000000
7215.000000	0.030163	31.361000	0.000000	1760996653.338690	0.000000
7262.000000	0.030163	31.337000	0.000000	1760996653.800983	0.000000
7262.000000	0.030163	31.337000	0.000000	1760996653.800988	0.000000
7277.000000	0.030163	31.322000	0.000000	1760996653.801046	0.000000
7293.000000	0.030163	31.246000	0.000000	1760996653.801108	0.000000
7293.000000	0.030163	31.246000	0.000000	1760996653.801109	0.000000
7309.000000	0.030163	31.213000	0.000000	1760996653.811617	0.000000
7324.000000	0.030163	31.213000	0.000000	1760996653.867852	0.000000
7324.000000	0.030163	31.213000	0.000000	1760996653.867856	0.000000
7356.000000	0.030163	31.198000	0.000000	1760996654.203968	0.000000
7356.000000	0.030163	31.198000	0.000000	1760996654.203977	0.000000
7371.000000	0.030163	31.256000	0.000000	1760996654.208620	0.000000
7401.000000	0.030163	31.256000	0.000000	1760996654.579065	0.000000
7418.000000	0.030163	31.200000	0.000000	1760996654.579142	0.000000
7418.000000	0.030163	31.200000	0.000000	1760996654.579144	0.000000
7433.000000	0.030163	31.228000	0.000000	1760996654.618465	0.000000
7480.000000	0.030163	31.276000	0.000000	1760996655.603783	0.000000
7480.000000	0.030163	31.276000	0.000000	1760996655.603788	0.000000
7495.000000	0.030163	31.255000	0.000000	1760996655.603850	0.000000
7495.000000	0.030163	31.255000	0.000000	1760996655.603852	0.000000
7513.000000	0.030163	31.181000	0.000000	1760996655.603919	0.000000
7513.000000	0.030163	31.181000	0.000000	1760996655.603921	0.000000
7528.000000	0.030162	31.291000	0.000000	1760996655.603975	0.000000
7543.000000	0.030162	31.291000	0.000000	1760996655.604024	0.000000
7543.000000	0.030163	31.291000	0.000000	1760996655.604026	0.000000
7559.000000	0.030162	31.197000	0.000000	1760996655.604075	0.000000
7592.000000	0.030162	31.262000	0.000000	1760996656.059827	0.000000
7608.000000	0.030162	31.262000	0.000000	1760996656.219253	0.000000
7608.000000	0.030162	31.262000	0.000000	1760996656.219258	0.000000
7623.000000	0.030162	31.293000	0.000000	1760996656.219324	0.000000
7639.000000	0.030163	31.233000	0.000000	1760996656.219380	0.000000
7639.000000	0.030162	31.233000	0.000000	1760996656.219382	0.000000
7654.000000	0.030162	31.207000	0.000000	1760996656.219430	0.000000
7670.000000	0.030162	31.207000	0.000000	1760996656.219482	0.000000
7670.000000	0.030163	31.207000	0.000000	1760996656.219484	0.000000
7685.000000	0.030162	31.231000	0.000000	1760996656.265367	0.000000
7701.000000	0.030162	31.384000	0.000000	1760996656.349162	0.000000
7701.000000	0.030162	31.384000	0.000000	1760996656.349172	0.000000
7717.000000	0.030162	31.272000	0.000000	1760996656.449337	0.000000
7732.000000	0.030162	31.272000	0.000000	1760996656.540339	0.000000
7732.000000	0.030162	31.272000	0.000000	1760996656.540343	0.000000
7747.000000	0.030162	31.260000	0.000000	1760996656.697731	0.000000
7764.000000	0.030162	31.254000	0.000000	1760996656.794157	0.000000
7764.000000	0.030163	31.254000	0.000000	1760996656.794166	0.000000
7779.000000	0.030162	31.323000	0.000000	1760996656.854362	0.000000
7795.000000	0.030163	31.281000	0.000000	1760996656.982977	0.000000
7795.000000	0.030163	31.281000	0.000000	1760996656.982988	0.000000
7809.000000	0.030163	31.281000	0.000000	1760996657.085935	0.000000
7826.000000	0.030163	31.193000	0.000000	1760996657.146553	0.000000
7826.000000	0.030163	31.193000	0.000000	1760996657.146559	0.000000
7857.000000	0.030162	31.225000	0.000000	1760996657.856588	0.000000
7872.000000	0.030162	31.225000	0.000000	1760996657.856666	0.000000
7872.000000	0.030162	31.225000	0.000000	1760996657.856668	0.000000
7888.000000	0.030162	31.261000	0.000000	1760996657.856721	0.000000
7903.000000	0.030162	31.361000	0.000000	1760996657.856777	0.000000
7903.000000	0.030162	31.361000	0.000000	1760996657.856779	0.000000
7920.000000	0.030162	31.227000	0.000000	1760996657.856829	0.000000
7934.000000	0.030162	31.227000	0.000000	1760996657.875229	0.000000
7934.000000	0.030163	31.227000	0.000000	1760996657.875236	0.000000
7950.000000	0.030162	31.205000	0.000000	1760996657.969168	0.000000
7966.000000	0.030162	31.195000	0.000000	1760996658.057646	0.000000
7966.000000	0.030162	31.195000	0.000000	1760996658.057652	0.000000
7982.000000	0.030162	31.191000	0.000000	1760996658.155614	0.000000
8012.000000	0.030162	31.191000	0.000000	1760996658.616364	0.000000
8028.000000	0.030163	31.294000	0.000000	1760996658.616432	0.000000
8028.000000	0.030163	31.294000	0.000000	1760996658.616434	0.000000
8058.000000	0.030162	31.269000	0.000000	1760996658.795614	0.000000
8058.000000	0.030162	31.269000	0.000000	1760996658.795619	0.000000
8090.000000	0.030162	31.258000	0.000000	1760996659.000519	0.000000
8090.000000	0.030162	31.258000	0.000000	1760996659.000524	0.000000
8106.000000	0.030162	31.216000	0.000000	1760996659.523048	0.000000
8121.000000	0.030162	31.216000	0.000000	1760996659.523125	0.000000
8121.000000	0.030162	31.216000	0.000000	1760996659.523127	0.000000
8137.000000	0.030163	31.271000	0.000000	1760996659.523189	0.000000
8152.000000	0.030163	31.294000	0.000000	1760996659.523247	0.000000
8152.000000	0.030163	31.294000	0.000000	1760996659.523248	0.000000
8168.000000	0.030163	31.234000	0.000000	1760996659.738881	0.000000
8184.000000	0.030163	31.349000	0.000000	1760996659.739031	0.000000
8184.000000	0.030163	31.349000	0.000000	1760996659.739033	0.000000
8199.000000	0.030163	31.349000	0.000000	1760996659.739088	0.000000
8199.000000	0.030163	31.349000	0.000000	1760996659.739090	0.000000
8231.000000	0.030163	31.293000	0.000000	1760996659.919072	0.000000
8231.000000	0.030163	31.293000	0.000000	1760996659.919080	0.000000
8246.000000	0.030163	31.324000	0.000000	1760996659.948013	0.000000
8261.000000	0.030163	31.324000	0.000000	1760996660.142365	0.000000
8261.000000	0.030163	31.324000	0.000000	1760996660.142372	0.000000
8277.000000	0.030163	31.353000	0.000000	1760996660.161216	0.000000
8309.000000	0.030162	31.401000	0.000000	1760996660.537961	0.000000
8309.000000	0.030162	31.401000	0.000000	1760996660.537969	0.000000
8326.000000	0.030162	31.207000	0.000000	1760996660.538147	0.000000
8342.000000	0.030162	31.207000	0.000000	1760996660.564711	0.000000
8342.000000	0.030162	31.207000	0.000000	1760996660.564719	0.000000
8358.000000	0.030162	31.232000	0.000000	1760996660.662668	0.000000
8374.000000	0.030162	31.207000	0.000000	1760996660.735826	0.000000
8374.000000	0.030162	31.207000	0.000000	1760996660.735835	0.000000
8390.000000	0.030162	31.089000	0.000000	1760996660.833291	0.000000
8404.000000	0.030162	31.089000	0.000000	1760996660.937251	0.000000
8404.000000	0.030162	31.089000	0.000000	1760996660.937256	0.000000
8420.000000	0.030162	31.216000	0.000000	1760996661.039471	0.000000
8436.000000	0.030162	31.306000	0.000000	1760996661.135818	0.000000
8436.000000	0.030162	31.306000	0.000000	1760996661.135826	0.000000
8452.000000	0.030162	31.274000	0.000000	1760996661.235111	0.000000
8467.000000	0.030162	31.296000	0.000000	1760996661.339598	0.000000
8467.000000	0.030162	31.296000	0.000000	1760996661.339609	0.000000
8483.000000	0.030162	31.296000	0.000000	1760996661.437610	0.000000
8498.000000	0.030162	31.234000	0.000000	1760996661.547874	0.000000
8498.000000	0.030162	31.234000	0.000000	1760996661.547883	0.000000
8514.000000	0.030162	31.279000	0.000000	1760996661.643368	0.000000
8530.000000	0.030162	31.369000	0.000000	1760996661.760745	0.000000
8530.000000	0.030162	31.369000	0.000000	1760996661.760751	0.000000
8545.000000	0.030162	31.369000	0.000000	1760996661.843050	0.000000
8545.000000	0.030162	31.369000	0.000000	1760996661.843054	0.000000
8560.000000	0.030162	31.266000	0.000000	1760996661.989090	0.000000
8577.000000	0.030162	31.292000	0.000000	1760996662.103946	0.000000
8577.000000	0.030162	31.292000	0.000000	1760996662.103953	0.000000
8592.000000	0.030162	31.197000	0.000000	1760996662.157664	0.000000
8607.000000	0.030162	31.197000	0.000000	1760996662.259010	0.000000
8607.000000	0.030162	31.197000	0.000000	1760996662.259015	0.000000
8622.000000	0.030162	31.298000	0.000000	1760996662.359330	0.000000
8639.000000	0.030162	31.377000	0.000000	1760996662.454965	0.000000
8639.000000	0.030162	31.377000	0.000000	1760996662.454973	0.000000
8654.000000	0.030162	31.305000	0.000000	1760996662.576072	0.000000
8669.000000	0.030162	31.305000	0.000000	1760996662.656613	0.000000
8669.000000	0.030162	31.305000	0.000000	1760996662.656619	0.000000
8685.000000	0.030162	31.451000	0.000000	1760996662.756859	0.000000
8701.000000	0.030162	31.337000	0.000000	1760996662.859450	0.000000
8701.000000	0.030162	31.337000	0.000000	1760996662.859456	0.000000
8716.000000	0.030162	31.323000	0.000000	1760996662.962557	0.000000
8732.000000	0.030162	31.323000	0.000000	1760996663.114384	0.000000
8732.000000	0.030162	31.323000	0.000000	1760996663.114391	0.000000
8747.000000	0.030162	31.282000	0.000000	1760996663.168504	0.000000
8763.000000	0.030162	31.228000	0.000000	1760996663.288120	0.000000
8763.000000	0.030162	31.228000	0.000000	1760996663.288129	0.000000
8778.000000	0.030162	31.311000	0.000000	1760996663.366928	0.000000
8794.000000	0.030162	31.311000	0.000000	1760996663.474531	0.000000
8794.000000	0.030162	31.311000	0.000000	1760996663.474540	0.000000
8809.000000	0.030162	31.312000	0.000000	1760996663.572722	0.000000
8825.000000	0.030162	31.312000	0.000000	1760996663.696082	0.000000
8825.000000	0.030162	31.312000	0.000000	1760996663.696094	0.000000
8841.000000	0.030162	31.277000	0.000000	1760996663.789416	0.000000
8841.000000	0.030162	31.277000	0.000000	1760996663.789426	0.000000
8857.000000	0.030162	31.333000	0.000000	1760996663.879676	0.000000
8871.000000	0.030162	31.333000	0.000000	1760996663.995273	0.000000
8871.000000	0.030162	31.333000	0.000000	1760996663.995278	0.000000
8888.000000	0.030162	31.286000	0.000000	1760996664.086329	0.000000
8903.000000	0.030162	31.265000	0.000000	1760996664.187975	0.000000
8903.000000	0.030161	31.265000	0.000000	1760996664.187981	0.000000
8919.000000	0.030161	31.328000	0.000000	1760996664.311207	0.000000
8934.000000	0.030161	31.328000	0.000000	1760996664.396954	0.000000
8934.000000	0.030161	31.328000	0.000000	1760996664.396962	0.000000
8950.000000	0.030161	31.354000	0.000000	1760996664.489197	0.000000
8981.000000	0.030161	31.260000	0.000000	1760996664.807706	0.000000
8996.000000	0.030161	31.260000	0.000000	1760996664.820559	0.000000
8996.000000	0.030161	31.260000	0.000000	1760996664.820563	0.000000
9012.000000	0.030161	31.252000	0.000000	1760996664.910015	0.000000
9027.000000	0.030161	31.251000	0.000000	1760996665.062842	0.000000
9027.000000	0.030161	31.251000	0.000000	1760996665.062853	0.000000
9044.000000	0.030161	31.250000	0.000000	1760996665.099286	0.000000
9058.000000	0.030161	31.250000	0.000000	1760996665.212243	0.000000
9058.000000	0.030161	31.250000	0.000000	1760996665.212248	0.000000
9075.000000	0.030161	31.286000	0.000000	1760996665.334185	0.000000
9075.000000	0.030162	31.286000	0.000000	1760996665.334190	0.000000
9109.000000	0.030162	31.336000	0.000000	1760996665.637062	0.000000
9109.000000	0.030162	31.336000	0.000000	1760996665.637072	0.000000
9124.000000	0.030162	31.297000	0.000000	1760996665.659490	0.000000
9140.000000	0.030162	31.297000	0.000000	1760996665.738817	0.000000
9140.000000	0.030162	31.297000	0.000000	1760996665.738827	0.000000
9155.000000	0.030162	31.270000	0.000000	1760996665.857388	0.000000
9171.000000	0.030162	31.259000	0.000000	1760996666.044786	0.000000
9171.000000	0.030162	31.259000	0.000000	1760996666.044795	0.000000
9186.000000	0.030162	31.325000	0.000000	1760996666.047693	0.000000
9202.000000	0.030162	31.325000	0.000000	1760996666.146027	0.000000
9202.000000	0.030162	31.325000	0.000000	1760996666.146039	0.000000
9217.000000	0.030162	31.318000	0.000000	1760996666.234734	0.000000
9233.000000	0.030162	31.279000	0.000000	1760996666.356000	0.000000
9233.000000	0.030162	31.279000	0.000000	1760996666.356020	0.000000
9249.000000	0.030162	31.298000	0.000000	1760996666.458608	0.000000
9265.000000	0.030162	31.377000	0.000000	1760996666.582650	0.000000
9265.000000	0.030162	31.377000	0.000000	1760996666.582654	0.000000
9279.000000	0.030162	31.377000	0.000000	1760996666.793281	0.000000
9279.000000	0.030162	31.377000	0.000000	1760996666.793285	0.000000
9296.000000	0.030162	31.305000	0.000000	1760996666.793352	0.000000
9311.000000	0.030162	31.274000	0.000000	1760996666.933689	0.000000
9311.000000	0.030162	31.274000	0.000000	1760996666.933693	0.000000
9327.000000	0.030162	31.225000	0.000000	1760996667.081939	0.000000
9342.000000	0.030162	31.225000	0.000000	1760996667.082104	0.000000
9342.000000	0.030162	31.225000	0.000000	1760996667.082109	0.000000
9358.000000	0.030162	31.381000	0.000000	1760996667.220912	0.000000
9373.000000	0.030162	31.378000	0.000000	1760996667.322278	0.000000
9373.000000	0.030163	31.378000	0.000000	1760996667.322287	0.000000
9389.000000	0.030162	31.305000	0.000000	1760996667.351066	0.000000
9404.000000	0.030163	31.305000	0.000000	1760996667.501776	0.000000
9404.000000	0.030163	31.305000	0.000000	1760996667.501781	0.000000
9420.000000	0.030163	31.309000	0.000000	1760996667.578916	0.000000
9435.000000	0.030162	31.240000	0.000000	1760996667.713356	0.000000
9435.000000	0.030163	31.240000	0.000000	1760996667.713365	0.000000
9452.000000	0.030163	31.317000	0.000000	1760996667.820289	0.000000
9482.000000	0.030163	31.317000	0.000000	1760996668.625234	0.000000
9514.000000	0.030163	31.333000	0.000000	1760996669.007617	0.000000
9528.000000	0.030163	31.333000	0.000000	1760996669.007753	0.000000
9528.000000	0.030163	31.333000	0.000000	1760996669.007758	0.000000
9544.000000	0.030163	31.383000	0.000000	1760996669.007892	0.000000
9560.000000	0.030163	31.307000	0.000000	1760996669.008022	0.000000
9560.000000	0.030163	31.307000	0.000000	1760996669.008026	0.000000
9591.000000	0.030163	31.310000	0.000000	1760996669.342514	0.000000
9591.000000	0.030163	31.310000	0.000000	1760996669.342520	0.000000
9607.000000	0.030163	31.310000	0.000000	1760996669.342649	0.000000
9622.000000	0.030163	31.363000	0.000000	1760996669.342779	0.000000
9622.000000	0.030163	31.363000	0.000000	1760996669.342783	0.000000
9638.000000	0.030163	31.334000	0.000000	1760996669.651221	0.000000
9654.000000	0.030163	31.357000	0.000000	1760996669.651393	0.000000
9654.000000	0.030163	31.357000	0.000000	1760996669.651398	0.000000
9669.000000	0.030163	31.357000	0.000000	1760996669.651540	0.000000
9669.000000	0.030163	31.357000	0.000000	1760996669.651545	0.000000
9701.000000	0.030163	31.296000	0.000000	1760996669.929966	0.000000
9701.000000	0.030163	31.296000	0.000000	1760996669.929974	0.000000
9716.000000	0.030163	31.497000	0.000000	1760996669.930115	0.000000
9731.000000	0.030163	31.497000	0.000000	1760996669.930247	0.000000
9731.000000	0.030163	31.497000	0.000000	1760996669.930252	0.000000
9746.000000	0.030163	31.428000	0.000000	1760996669.930386	0.000000
9763.000000	0.030163	31.362000	0.000000	1760996669.930511	0.000000
9763.000000	0.030163	31.362000	0.000000	1760996669.930515	0.000000
9778.000000	0.030163	31.370000	0.000000	1760996669.933974	0.000000
9809.000000	0.030163	31.370000	0.000000	1760996670.312732	0.000000
9825.000000	0.030163	31.343000	0.000000	1760996670.312869	0.000000
9825.000000	0.030163	31.343000	0.000000	1760996670.312874	0.000000
9840.000000	0.030163	31.397000	0.000000	1760996671.358939	0.000000
9857.000000	0.030163	31.397000	0.000000	1760996671.359074	0.000000
9857.000000	0.030163	31.397000	0.000000	1760996671.359076	0.000000
9874.000000	0.030163	31.384000	0.000000	1760996671.359139	0.000000
9874.000000	0.030163	31.384000	0.000000	1760996671.359140	0.000000
9889.000000	0.030163	31.384000	0.000000	1760996671.359197	0.000000
9905.000000	0.030163	31.412000	0.000000	1760996671.359246	0.000000
9905.000000	0.030163	31.412000	0.000000	1760996671.359247	0.000000
9921.000000	0.030163	31.391000	0.000000	1760996671.359296	0.000000
9921.000000	0.030163	31.391000	0.000000	1760996671.359298	0.000000
9936.000000	0.030163	31.382000	0.000000	1760996671.359352	0.000000
9952.000000	0.030163	31.382000	0.000000	1760996671.359397	0.000000
9952.000000	0.030163	31.382000	0.000000	1760996671.359399	0.000000
9967.000000	0.030163	31.343000	0.000000	1760996671.359447	0.000000
9983.000000	0.030163	31.290000	0.000000	1760996671.359495	0.000000
9983.000000	0.030163	31.290000	0.000000	1760996671.359496	0.000000
9998.000000	0.030163	31.303000	0.000000	1760996671.359551	0.000000
10014.000000	0.030163	31.303000	0.000000	1760996671.456903	0.000000
10014.000000	0.030163	31.303000	0.000000	1760996671.456914	0.000000
10029.000000	0.030163	31.379000	0.000000	1760996671.619119	0.000000
10045.000000	0.030163	31.270000	0.000000	1760996671.662975	0.000000
10045.000000	0.030163	31.270000	0.000000	1760996671.662984	0.000000
10061.000000	0.030163	31.330000	0.000000	1760996671.771138	0.000000
10076.000000	0.030163	31.330000	0.000000	1760996671.936916	0.000000
10076.000000	0.030163	31.330000	0.000000	1760996671.936921	0.000000
10091.000000	0.030163	31.249000	0.000000	1760996672.023047	0.000000
10108.000000	0.030163	31.391000	0.000000	1760996672.091105	0.000000
10108.000000	0.030163	31.391000	0.000000	1760996672.091109	0.000000
10123.000000	0.030163	31.382000	0.000000	1760996672.195276	0.000000
10138.000000	0.030163	31.382000	0.000000	1760996672.281337	0.000000
10138.000000	0.030163	31.382000	0.000000	1760996672.281346	0.000000
10153.000000	0.030162	31.343000	0.000000	1760996672.387487	0.000000
10170.000000	0.030162	31.361000	0.000000	1760996672.722546	0.000000
10170.000000	0.030163	31.361000	0.000000	1760996672.722554	0.000000
10185.000000	0.030162	31.404000	0.000000	1760996672.722680	0.000000
10201.000000	0.030162	31.459000	0.000000	1760996672.937427	0.000000
10201.000000	0.030163	31.459000	0.000000	1760996672.937435	0.000000
10232.000000	0.030163	31.459000	0.000000	1760996673.400724	0.000000
10247.000000	0.030163	31.380000	0.000000	1760996673.400774	0.000000
10247.000000	0.030163	31.380000	0.000000	1760996673.400776	0.000000
10264.000000	0.030163	31.413000	0.000000	1760996673.400838	0.000000
10278.000000	0.030163	31.413000	0.000000	1760996673.842011	0.000000
10278.000000	0.030163	31.413000	0.000000	1760996673.842020	0.000000
10294.000000	0.030163	31.356000	0.000000	1760996673.842202	0.000000
10310.000000	0.030163	31.402000	0.000000	1760996673.842330	0.000000
10310.000000	0.030163	31.402000	0.000000	1760996673.842334	0.000000
10326.000000	0.030163	31.422000	0.000000	1760996673.842480	0.000000
10340.000000	0.030163	31.422000	0.000000	1760996673.842596	0.000000
10340.000000	0.030163	31.422000	0.000000	1760996673.842600	0.000000
10356.000000	0.030163	31.360000	0.000000	1760996673.842736	0.000000
10372.000000	0.030163	31.333000	0.000000	1760996673.842913	0.000000
10372.000000	0.030163	31.333000	0.000000	1760996673.842916	0.000000
10402.000000	0.030163	31.357000	0.000000	1760996674.207101	0.000000
10402.000000	0.030163	31.357000	0.000000	1760996674.207105	0.000000
10419.000000	0.030163	31.296000	0.000000	1760996674.809939	0.000000
10434.000000	0.030163	31.305000	0.000000	1760996674.810004	0.000000
10434.000000	0.030163	31.305000	0.000000	1760996674.810007	0.000000
10450.000000	0.030163	31.416000	0.000000	1760996674.810070	0.000000
10465.000000	0.030163	31.416000	0.000000	1760996674.810125	0.000000
10465.000000	0.030163	31.416000	0.000000	1760996674.810126	0.000000
10481.000000	0.030163	31.286000	0.000000	1760996674.810181	0.000000
10496.000000	0.030163	31.266000	0.000000	1760996674.810232	0.000000
10496.000000	0.030163	31.266000	0.000000	1760996674.810233	0.000000
10512.000000	0.030163	31.399000	0.000000	1760996674.810309	0.000000
10528.000000	0.030163	31.385000	0.000000	1760996674.814514	0.000000
10528.000000	0.030163	31.385000	0.000000	1760996674.814521	0.000000
10543.000000	0.030163	31.385000	0.000000	1760996674.938914	0.000000
10543.000000	0.030163	31.385000	0.000000	1760996674.938925	0.000000
10558.000000	0.030163	31.415000	0.000000	1760996675.075734	0.000000
10575.000000	0.030163	31.321000	0.000000	1760996675.171161	0.000000
10575.000000	0.030163	31.321000	0.000000	1760996675.171166	0.000000
10590.000000	0.030163	31.423000	0.000000	1760996675.240059	0.000000
10605.000000	0.030163	31.423000	0.000000	1760996675.321058	0.000000
10605.000000	0.030163	31.423000	0.000000	1760996675.321067	0.000000
10621.000000	0.030162	31.502000	0.000000	1760996675.466424	0.000000
10640.000000	0.030163	31.465000	0.000000	1760996675.585186	0.000000
10640.000000	0.030163	31.465000	0.000000	1760996675.585195	0.000000
10655.000000	0.030163	31.450000	0.000000	1760996675.650889	0.000000
10655.000000	0.030163	31.450000	0.000000	1760996675.650895	0.000000
10672.000000	0.030163	31.514000	0.000000	1760996675.761938	0.000000
10702.000000	0.030162	31.514000	0.000000	1760996676.277680	0.000000
10718.000000	0.030162	31.457000	0.000000	1760996676.277741	0.000000
10718.000000	0.030162	31.457000	0.000000	1760996676.277743	0.000000
10734.000000	0.030162	31.410000	0.000000	1760996676.277799	0.000000
10748.000000	0.030162	31.410000	0.000000	1760996676.350001	0.000000
10748.000000	0.030162	31.410000	0.000000	1760996676.350009	0.000000
10764.000000	0.030162	31.355000	0.000000	1760996676.383527	0.000000
10780.000000	0.030162	31.366000	0.000000	1760996676.465833	0.000000
10780.000000	0.030162	31.366000	0.000000	1760996676.465838	0.000000
10796.000000	0.030162	31.336000	0.000000	1760996676.626783	0.000000
10810.000000	0.030162	31.336000	0.000000	1760996676.680279	0.000000
10810.000000	0.030162	31.336000	0.000000	1760996676.680284	0.000000
10827.000000	0.030162	31.393000	0.000000	1760996676.763974	0.000000
10842.000000	0.030162	31.454000	0.000000	1760996676.929334	0.000000
10842.000000	0.030162	31.454000	0.000000	1760996676.929340	0.000000
10858.000000	0.030162	31.445000	0.000000	1760996677.005664	0.000000
10874.000000	0.030162	31.405000	0.000000	1760996677.104353	0.000000
10874.000000	0.030162	31.405000	0.000000	1760996677.104356	0.000000
10889.000000	0.030162	31.405000	0.000000	1760996677.253453	0.000000
10904.000000	0.030162	31.388000	0.000000	1760996677.276087	0.000000
10904.000000	0.030162	31.388000	0.000000	1760996677.276093	0.000000
10921.000000	0.030162	31.274000	0.000000	1760996677.373905	0.000000
10921.000000	0.030162	31.274000	0.000000	1760996677.373913	0.000000
10936.000000	0.030163	31.367000	0.000000	1760996677.472965	0.000000
10951.000000	0.030162	31.367000	0.000000	1760996677.667910	0.000000
10951.000000	0.030162	31.367000	0.000000	1760996677.667914	0.000000
10966.000000	0.030162	31.371000	0.000000	1760996677.741432	0.000000
10983.000000	0.030163	31.373000	0.000000	1760996677.819003	0.000000
10983.000000	0.030162	31.373000	0.000000	1760996677.819013	0.000000
10998.000000	0.030163	31.339000	0.000000	1760996677.883639	0.000000
11013.000000	0.030162	31.339000	0.000000	1760996678.087134	0.000000
11013.000000	0.030162	31.339000	0.000000	1760996678.087142	0.000000
11029.000000	0.030162	31.501000	0.000000	1760996678.194007	0.000000
11045.000000	0.030163	31.465000	0.000000	1760996678.196938	0.000000
11045.000000	0.030163	31.465000	0.000000	1760996678.196941	0.000000
11060.000000	0.030163	31.449000	0.000000	1760996678.286952	0.000000
11076.000000	0.030163	31.449000	0.000000	1760996678.395360	0.000000
11076.000000	0.030163	31.449000	0.000000	1760996678.395370	0.000000
11091.000000	0.030163	31.372000	0.000000	1760996678.500809	0.000000
11107.000000	0.030163	31.409000	0.000000	1760996678.594498	0.000000
11107.000000	0.030163	31.409000	0.000000	1760996678.594507	0.000000
11122.000000	0.030163	31.425000	0.000000	1760996678.720113	0.000000
11138.000000	0.030163	31.425000	0.000000	1760996678.856772	0.000000
11138.000000	0.030163	31.425000	0.000000	1760996678.856776	0.000000
11153.000000	0.030163	31.397000	0.000000	1760996679.028828	0.000000
11169.000000	0.030163	31.455000	0.000000	1760996679.422797	0.000000
11169.000000	0.030163	31.455000	0.000000	1760996679.422806	0.000000
11185.000000	0.030163	31.445000	0.000000	1760996679.422936	0.000000
11200.000000	0.030163	31.445000	0.000000	1760996679.423076	0.000000
11200.000000	0.030163	31.445000	0.000000	1760996679.423080	0.000000
11232.000000	0.030163	31.370000	0.000000	1760996679.704284	0.000000
11232.000000	0.030163	31.370000	0.000000	1760996679.704291	0.000000
11247.000000	0.030163	31.460000	0.000000	1760996679.704350	0.000000
11263.000000	0.030163	31.518000	0.000000	1760996679.704412	0.000000
11263.000000	0.030163	31.518000	0.000000	1760996679.704414	0.000000
11277.000000	0.030163	31.518000	0.000000	1760996679.743616	0.000000
11294.000000	0.030163	31.472000	0.000000	1760996679.853854	0.000000
11294.000000	0.030163	31.472000	0.000000	1760996679.853858	0.000000
11309.000000	0.030163	31.382000	0.000000	1760996679.908269	0.000000
11309.000000	0.030162	31.382000	0.000000	1760996679.908277	0.000000
11325.000000	0.030162	31.413000	0.000000	1760996680.013621	0.000000
11340.000000	0.030162	31.413000	0.000000	1760996680.126971	0.000000
11340.000000	0.030162	31.413000	0.000000	1760996680.126980	0.000000
11356.000000	0.030162	31.533000	0.000000	1760996680.217393	0.000000
11371.000000	0.030162	31.479000	0.000000	1760996680.326604	0.000000
11371.000000	0.030162	31.479000	0.000000	1760996680.326608	0.000000
11388.000000	0.030162	31.314000	0.000000	1760996680.460911	0.000000
11404.000000	0.030162	31.314000	0.000000	1760996680.524350	0.000000
11404.000000	0.030162	31.314000	0.000000	1760996680.524355	0.000000
11421.000000	0.030162	31.348000	0.000000	1760996680.750706	0.000000
11421.000000	0.030162	31.348000	0.000000	1760996680.750716	0.000000
11437.000000	0.030162	31.399000	0.000000	1760996680.778883	0.000000
11453.000000	0.030162	31.456000	0.000000	1760996680.872222	0.000000
11453.000000	0.030162	31.456000	0.000000	1760996680.872227	0.000000
11468.000000	0.030162	31.339000	0.000000	1760996680.972618	0.000000
11484.000000	0.030162	31.339000	0.000000	1760996681.133892	0.000000
11484.000000	0.030162	31.339000	0.000000	1760996681.133899	0.000000
11499.000000	0.030162	31.395000	0.000000	1760996681.168481	0.000000
11515.000000	0.030162	31.455000	0.000000	1760996681.633938	0.000000
11515.000000	0.030162	31.455000	0.000000	1760996681.633945	0.000000
11530.000000	0.030162	31.480000	0.000000	1760996681.634071	0.000000
11547.000000	0.030162	31.456000	0.000000	1760996681.634218	0.000000
11547.000000	0.030162	31.456000	0.000000	1760996681.634223	0.000000
11561.000000	0.030162	31.456000	0.000000	1760996681.676294	0.000000
11561.000000	0.030162	31.456000	0.000000	1760996681.676302	0.000000
11577.000000	0.030162	31.339000	0.000000	1760996681.695099	0.000000
11593.000000	0.030162	31.395000	0.000000	1760996681.853668	0.000000
11593.000000	0.030162	31.395000	0.000000	1760996681.853673	0.000000
11609.000000	0.030162	31.490000	0.000000	1760996682.181645	0.000000
11623.000000	0.030162	31.490000	0.000000	1760996682.181700	0.000000
11623.000000	0.030162	31.490000	0.000000	1760996682.181702	0.000000
11655.000000	0.030162	31.496000	0.000000	1760996682.361303	0.000000
11655.000000	0.030162	31.496000	0.000000	1760996682.361307	0.000000
11686.000000	0.030163	31.479000	0.000000	1760996682.871301	0.000000
11686.000000	0.030163	31.479000	0.000000	1760996682.871310	0.000000
11702.000000	0.030163	31.526000	0.000000	1760996682.871479	0.000000
11733.000000	0.030163	31.476000	0.000000	1760996683.130698	0.000000
11764.000000	0.030162	31.476000	0.000000	1760996683.359713	0.000000
11779.000000	0.030162	31.498000	0.000000	1760996683.359855	0.000000
11779.000000	0.030162	31.498000	0.000000	1760996683.359859	0.000000
11796.000000	0.030162	31.464000	0.000000	1760996683.360000	0.000000
11811.000000	0.030162	31.449000	0.000000	1760996683.360142	0.000000
11811.000000	0.030162	31.449000	0.000000	1760996683.360147	0.000000
11842.000000	0.030162	31.449000	0.000000	1760996683.610466	0.000000
11842.000000	0.030162	31.449000	0.000000	1760996683.610473	0.000000
11873.000000	0.030162	31.526000	0.000000	1760996684.317618	0.000000
11873.000000	0.030162	31.526000	0.000000	1760996684.317622	0.000000
11889.000000	0.030162	31.526000	0.000000	1760996684.317690	0.000000
11889.000000	0.030162	31.526000	0.000000	1760996684.317692	0.000000
11904.000000	0.030162	31.474000	0.000000	1760996684.317746	0.000000
11920.000000	0.030162	31.453000	0.000000	1760996684.317801	0.000000
11920.000000	0.030162	31.453000	0.000000	1760996684.317802	0.000000
11935.000000	0.030162	31.444000	0.000000	1760996684.317856	0.000000
11951.000000	0.030162	31.444000	0.000000	1760996684.317904	0.000000
11951.000000	0.030162	31.444000	0.000000	1760996684.317906	0.000000
11966.000000	0.030162	31.440000	0.000000	1760996684.317960	0.000000
11982.000000	0.030162	31.510000	0.000000	1760996684.374515	0.000000
11982.000000	0.030162	31.510000	0.000000	1760996684.374521	0.000000
11998.000000	0.030162	31.433000	0.000000	1760996684.454189	0.000000
12013.000000	0.030162	31.433000	0.000000	1760996684.532926	0.000000
12013.000000	0.030162	31.433000	0.000000	1760996684.532934	0.000000
12028.000000	0.030162	31.436000	0.000000	1760996684.642966	0.000000
12045.000000	0.030162	31.437000	0.000000	1760996684.738617	0.000000
12045.000000	0.030162	31.437000	0.000000	1760996684.738626	0.000000
12060.000000	0.030162	31.473000	0.000000	1760996684.829809	0.000000
12075.000000	0.030162	31.473000	0.000000	1760996685.056897	0.000000
12075.000000	0.030162	31.473000	0.000000	1760996685.056902	0.000000
12090.000000	0.030162	31.488000	0.000000	1760996685.191582	0.000000
12107.000000	0.030162	31.495000	0.000000	1760996685.201104	0.000000
12107.000000	0.030162	31.495000	0.000000	1760996685.201107	0.000000
12122.000000	0.030162	31.604000	0.000000	1760996685.252218	0.000000
12137.000000	0.030162	31.604000	0.000000	1760996685.361972	0.000000
12137.000000	0.030162	31.604000	0.000000	1760996685.361981	0.000000
12153.000000	0.030162	31.510000	0.000000	1760996685.441399	0.000000
12171.000000	0.030162	31.469000	0.000000	1760996685.538453	0.000000
12171.000000	0.030162	31.469000	0.000000	1760996685.538460	0.000000
12186.000000	0.030162	31.522000	0.000000	1760996685.670524	0.000000
12204.000000	0.030162	31.474000	0.000000	1760996685.805006	0.000000
12204.000000	0.030162	31.474000	0.000000	1760996685.805013	0.000000
12218.000000	0.030162	31.474000	0.000000	1760996685.887443	0.000000
12218.000000	0.030162	31.474000	0.000000	1760996685.887451	0.000000
12250.000000	0.030162	31.347000	0.000000	1760996686.317439	0.000000
12250.000000	0.030162	31.347000	0.000000	1760996686.317445	0.000000
12266.000000	0.030162	31.547000	0.000000	1760996686.317598	0.000000
12281.000000	0.030162	31.520000	0.000000	1760996686.325686	0.000000
12281.000000	0.030161	31.520000	0.000000	1760996686.325690	0.000000
12312.000000	0.030162	31.520000	0.000000	1760996686.912117	0.000000
12312.000000	0.030161	31.520000	0.000000	1760996686.912125	0.000000
12328.000000	0.030161	31.488000	0.000000	1760996686.912204	0.000000
12328.000000	0.030161	31.488000	0.000000	1760996686.912207	0.000000
12343.000000	0.030162	31.566000	0.000000	1760996686.912253	0.000000
12359.000000	0.030161	31.566000	0.000000	1760996686.912309	0.000000
12359.000000	0.030161	31.566000	0.000000	1760996686.912311	0.000000
12374.000000	0.030161	31.458000	0.000000	1760996686.912360	0.000000
12390.000000	0.030162	31.517000	0.000000	1760996687.021434	0.000000
12390.000000	0.030161	31.517000	0.000000	1760996687.021443	0.000000
12406.000000	0.030162	31.507000	0.000000	1760996687.181112	0.000000
12421.000000	0.030162	31.507000	0.000000	1760996687.630080	0.000000
12421.000000	0.030162	31.507000	0.000000	1760996687.630089	0.000000
12436.000000	0.030162	31.468000	0.000000	1760996687.630221	0.000000
12453.000000	0.030162	31.486000	0.000000	1760996687.630374	0.000000
12453.000000	0.030162	31.486000	0.000000	1760996687.630378	0.000000
12483.000000	0.030162	31.529000	0.000000	1760996688.308354	0.000000
12483.000000	0.030162	31.529000	0.000000	1760996688.308361	0.000000
12498.000000	0.030162	31.442000	0.000000	1760996688.308492	0.000000
12515.000000	0.030162	31.475000	0.000000	1760996688.308633	0.000000
12515.000000	0.030162	31.475000	0.000000	1760996688.308637	0.000000
12530.000000	0.030162	31.454000	0.000000	1760996688.308761	0.000000
12545.000000	0.030162	31.454000	0.000000	1760996688.308916	0.000000
12545.000000	0.030162	31.454000	0.000000	1760996688.308920	0.000000
12561.000000	0.030162	31.480000	0.000000	1760996688.309042	0.000000
12592.000000	0.030162	31.385000	0.000000	1760996688.519282	0.000000
12609.000000	0.030162	31.565000	0.000000	1760996688.734937	0.000000
12609.000000	0.030162	31.565000	0.000000	1760996688.734946	0.000000
12623.000000	0.030162	31.565000	0.000000	1760996688.735078	0.000000
12639.000000	0.030162	31.493000	0.000000	1760996688.735231	0.000000
12639.000000	0.030162	31.493000	0.000000	1760996688.735235	0.000000
12671.000000	0.030162	31.426000	0.000000	1760996689.066156	0.000000
12685.000000	0.030162	31.426000	0.000000	1760996689.066291	0.000000
12685.000000	0.030162	31.426000	0.000000	1760996689.066296	0.000000
12701.000000	0.030162	31.618000	0.000000	1760996689.087044	0.000000
12717.000000	0.030162	31.516000	0.000000	1760996689.121817	0.000000
12717.000000	0.030162	31.516000	0.000000	1760996689.121826	0.000000
12733.000000	0.030162	31.507000	0.000000	1760996689.423940	0.000000
12747.000000	0.030162	31.507000	0.000000	1760996689.424101	0.000000
12747.000000	0.030162	31.507000	0.000000	1760996689.424108	0.000000
12764.000000	0.030162	31.503000	0.000000	1760996689.464164	0.000000
12779.000000	0.030161	31.608000	0.000000	1760996689.563427	0.000000
12779.000000	0.030161	31.608000	0.000000	1760996689.563431	0.000000
12795.000000	0.030161	31.511000	0.000000	1760996689.639098	0.000000
12810.000000	0.030161	31.511000	0.000000	1760996689.723417	0.000000
12810.000000	0.030161	31.511000	0.000000	1760996689.723422	0.000000
12826.000000	0.030161	31.505000	0.000000	1760996689.839290	0.000000
12841.000000	0.030161	31.467000	0.000000	1760996689.938639	0.000000
12841.000000	0.030161	31.467000	0.000000	1760996689.938647	0.000000
12857.000000	0.030161	31.556000	0.000000	1760996690.028750	0.000000
12872.000000	0.030161	31.556000	0.000000	1760996690.145847	0.000000
12872.000000	0.030161	31.556000	0.000000	1760996690.145857	0.000000
12888.000000	0.030161	31.454000	0.000000	1760996690.310350	0.000000
12903.000000	0.030161	31.515000	0.000000	1760996690.335729	0.000000
12903.000000	0.030161	31.515000	0.000000	1760996690.335736	0.000000
12920.000000	0.030161	31.542000	0.000000	1760996690.450738	0.000000
12937.000000	0.030161	31.589000	0.000000	1760996690.538152	0.000000
12937.000000	0.030161	31.589000	0.000000	1760996690.538160	0.000000
12952.000000	0.030161	31.589000	0.000000	1760996690.724877	0.000000
12968.000000	0.030161	31.539000	0.000000	1760996690.742674	0.000000
12968.000000	0.030161	31.539000	0.000000	1760996690.742678	0.000000
12985.000000	0.030161	31.517000	0.000000	1760996690.931362	0.000000
12985.000000	0.030161	31.517000	0.000000	1760996690.931366	0.000000
13017.000000	0.030161	31.436000	0.000000	1760996691.405383	0.000000
13031.000000	0.030161	31.436000	0.000000	1760996691.405482	0.000000
13031.000000	0.030161	31.436000	0.000000	1760996691.405484	0.000000
13047.000000	0.030161	31.494000	0.000000	1760996691.405545	0.000000
13063.000000	0.030161	31.426000	0.000000	1760996691.482701	0.000000
13063.000000	0.030161	31.426000	0.000000	1760996691.482709	0.000000
13079.000000	0.030161	31.397000	0.000000	1760996691.644497	0.000000
13093.000000	0.030161	31.397000	0.000000	1760996691.644721	0.000000
13093.000000	0.030161	31.397000	0.000000	1760996691.644727	0.000000
13109.000000	0.030161	31.562000	0.000000	1760996691.760236	0.000000
13125.000000	0.030161	31.527000	0.000000	1760996691.793717	0.000000
13125.000000	0.030161	31.527000	0.000000	1760996691.793726	0.000000
13141.000000	0.030161	31.547000	0.000000	1760996691.893723	0.000000
13155.000000	0.030161	31.547000	0.000000	1760996692.015382	0.000000
13155.000000	0.030162	31.547000	0.000000	1760996692.015392	0.000000
13172.000000	0.030162	31.485000	0.000000	1760996692.150037	0.000000
13187.000000	0.030162	31.564000	0.000000	1760996692.195877	0.000000
13187.000000	0.030162	31.564000	0.000000	1760996692.195882	0.000000
13203.000000	0.030162	31.492000	0.000000	1760996692.368719	0.000000
13218.000000	0.030162	31.492000	0.000000	1760996692.406915	0.000000
13218.000000	0.030162	31.492000	0.000000	1760996692.406923	0.000000
13234.000000	0.030162	31.568000	0.000000	1760996692.515261	0.000000
13249.000000	0.030162	31.565000	0.000000	1760996692.711838	0.000000
13249.000000	0.030162	31.565000	0.000000	1760996692.711849	0.000000
13265.000000	0.030161	31.599000	0.000000	1760996692.738513	0.000000
13281.000000	0.030162	31.649000	0.000000	1760996692.812782	0.000000
13281.000000	0.030162	31.649000	0.000000	1760996692.812791	0.000000
13296.000000	0.030162	31.649000	0.000000	1760996692.910802	0.000000
13311.000000	0.030162	31.494000	0.000000	1760996693.031403	0.000000
13311.000000	0.030162	31.494000	0.000000	1760996693.031412	0.000000
13328.000000	0.030162	31.639000	0.000000	1760996693.149300	0.000000
13328.000000	0.030162	31.639000	0.000000	1760996693.149308	0.000000
13343.000000	0.030162	31.737000	0.000000	1760996693.225092	0.000000
13358.000000	0.030162	31.737000	0.000000	1760996693.432242	0.000000
13358.000000	0.030162	31.737000	0.000000	1760996693.432250	0.000000
13374.000000	0.030162	31.674000	0.000000	1760996693.438488	0.000000
13390.000000	0.030162	31.611000	0.000000	1760996693.524038	0.000000
13390.000000	0.030162	31.611000	0.000000	1760996693.524042	0.000000
13405.000000	0.030162	31.477000	0.000000	1760996693.656499	0.000000
13421.000000	0.030162	31.477000	0.000000	1760996693.727113	0.000000
13421.000000	0.030162	31.477000	0.000000	1760996693.727121	0.000000
13436.000000	0.030162	31.561000	0.000000	1760996693.841087	0.000000
13452.000000	0.030162	31.597000	0.000000	1760996693.990624	0.000000
13452.000000	0.030162	31.597000	0.000000	1760996693.990628	0.000000
13483.000000	0.030162	31.578000	0.000000	1760996694.650381	0.000000
13483.000000	0.030162	31.578000	0.000000	1760996694.650390	0.000000
13498.000000	0.030162	31.463000	0.000000	1760996694.650538	0.000000
13514.000000	0.030162	31.555000	0.000000	1760996694.650673	0.000000
13514.000000	0.030162	31.555000	0.000000	1760996694.650677	0.000000
13530.000000	0.030162	31.630000	0.000000	1760996694.650774	0.000000
13546.000000	0.030162	31.521000	0.000000	1760996694.650831	0.000000
13546.000000	0.030162	31.521000	0.000000	1760996694.650832	0.000000
13560.000000	0.030162	31.521000	0.000000	1760996694.657130	0.000000
13577.000000	0.030163	31.544000	0.000000	1760996694.785546	0.000000
13577.000000	0.030162	31.544000	0.000000	1760996694.785551	0.000000
13592.000000	0.030163	31.590000	0.000000	1760996694.840981	0.000000
13608.000000	0.030163	31.645000	0.000000	1760996694.958289	0.000000
13608.000000	0.030163	31.645000	0.000000	1760996694.958298	0.000000
13623.000000	0.030163	31.645000	0.000000	1760996695.063474	0.000000
13623.000000	0.030163	31.645000	0.000000	1760996695.063484	0.000000
13639.000000	0.030163	31.598000	0.000000	1760996695.171798	0.000000
13654.000000	0.030163	31.543000	0.000000	1760996695.245356	0.000000
13654.000000	0.030163	31.543000	0.000000	1760996695.245366	0.000000
13670.000000	0.030162	31.625000	0.000000	1760996695.367480	0.000000
13687.000000	0.030162	31.625000	0.000000	1760996695.449556	0.000000
13687.000000	0.030162	31.625000	0.000000	1760996695.449565	0.000000
13703.000000	0.030162	31.625000	0.000000	1760996695.549732	0.000000
13718.000000	0.030162	31.483000	0.000000	1760996695.674488	0.000000
13718.000000	0.030162	31.483000	0.000000	1760996695.674497	0.000000
13735.000000	0.030162	31.528000	0.000000	1760996695.753690	0.000000
13749.000000	0.030162	31.528000	0.000000	1760996695.863807	0.000000
13749.000000	0.030162	31.528000	0.000000	1760996695.863817	0.000000
13766.000000	0.030162	31.548000	0.000000	1760996696.055434	0.000000
13766.000000	0.030162	31.548000	0.000000	1760996696.055445	0.000000
13782.000000	0.030162	31.521000	0.000000	1760996696.098996	0.000000
13798.000000	0.030162	31.580000	0.000000	1760996696.356965	0.000000
13798.000000	0.030162	31.580000	0.000000	1760996696.356974	0.000000
13813.000000	0.030162	31.570000	0.000000	1760996696.357111	0.000000
13829.000000	0.030162	31.570000	0.000000	1760996696.393271	0.000000
13829.000000	0.030162	31.570000	0.000000	1760996696.393277	0.000000
13844.000000	0.030162	31.566000	0.000000	1760996696.493958	0.000000
13860.000000	0.030162	31.528000	0.000000	1760996697.526190	0.000000
13860.000000	0.030162	31.528000	0.000000	1760996697.526195	0.000000
13875.000000	0.030162	31.548000	0.000000	1760996697.526278	0.000000
13891.000000	0.030162	31.548000	0.000000	1760996697.526332	0.000000
13891.000000	0.030162	31.548000	0.000000	1760996697.526334	0.000000
13906.000000	0.030162	31.627000	0.000000	1760996697.526382	0.000000
13922.000000	0.030162	31.449000	0.000000	1760996697.526439	0.000000
13922.000000	0.030162	31.449000	0.000000	1760996697.526441	0.000000
13938.000000	0.030162	31.513000	0.000000	1760996697.526484	0.000000
13953.000000	0.030162	31.513000	0.000000	1760996697.526555	0.000000
13953.000000	0.030162	31.513000	0.000000	1760996697.526557	0.000000
13968.000000	0.030162	31.506000	0.000000	1760996697.526669	0.000000
13985.000000	0.030162	31.502000	0.000000	1760996697.526807	0.000000
13985.000000	0.030162	31.502000	0.000000	1760996697.526811	0.000000
14000.000000	0.030162	31.501000	0.000000	1760996697.530912	0.000000
14016.000000	0.030162	31.607000	0.000000	1760996697.602771	0.000000
14016.000000	0.030162	31.607000	0.000000	1760996697.602777	0.000000
14030.000000	0.030162	31.607000	0.000000	1760996697.910091	0.000000
14047.000000	0.030162	31.582000	0.000000	1760996697.910259	0.000000
14047.000000	0.030162	31.582000	0.000000	1760996697.910265	0.000000
14062.000000	0.030162	31.500000	0.000000	1760996697.927912	0.000000
14062.000000	0.030162	31.500000	0.000000	1760996697.927918	0.000000
14078.000000	0.030162	31.535000	0.000000	1760996698.062003	0.000000
14093.000000	0.030162	31.535000	0.000000	1760996698.148446	0.000000
14093.000000	0.030162	31.535000	0.000000	1760996698.148456	0.000000
14109.000000	0.030162	31.586000	0.000000	1760996698.234647	0.000000
14124.000000	0.030162	31.608000	0.000000	1760996698.326434	0.000000
14124.000000	0.030162	31.608000	0.000000	1760996698.326438	0.000000
14141.000000	0.030162	31.618000	0.000000	1760996698.452354	0.000000
14155.000000	0.030162	31.618000	0.000000	1760996698.553508	0.000000
14155.000000	0.030162	31.618000	0.000000	1760996698.553516	0.000000
14187.000000	0.030162	31.586000	0.000000	1760996698.968054	0.000000
14187.000000	0.030162	31.586000	0.000000	1760996698.968060	0.000000
14233.000000	0.030162	31.618000	0.000000	1760996699.434829	0.000000
14249.000000	0.030162	31.583000	0.000000	1760996699.434887	0.000000
14249.000000	0.030162	31.583000	0.000000	1760996699.434890	0.000000
14265.000000	0.030162	31.642000	0.000000	1760996699.434946	0.000000
14279.000000	0.030162	31.642000	0.000000	1760996699.434989	0.000000
14279.000000	0.030162	31.642000	0.000000	1760996699.434992	0.000000
14296.000000	0.030162	31.739000	0.000000	1760996699.698956	0.000000
14311.000000	0.030162	31.710000	0.000000	1760996699.699032	0.000000
14311.000000	0.030162	31.710000	0.000000	1760996699.699034	0.000000
14358.000000	0.030162	31.626000	0.000000	1760996700.952059	0.000000
14373.000000	0.030162	31.534000	0.000000	1760996700.952122	0.000000
14373.000000	0.030162	31.534000	0.000000	1760996700.952124	0.000000
14389.000000	0.030162	31.586000	0.000000	1760996700.952174	0.000000
14405.000000	0.030162	31.573000	0.000000	1760996700.952219	0.000000
14405.000000	0.030162	31.573000	0.000000	1760996700.952220	0.000000
14420.000000	0.030162	31.573000	0.000000	1760996700.952274	0.000000
14420.000000	0.030162	31.573000	0.000000	1760996700.952276	0.000000
14435.000000	0.030162	31.602000	0.000000	1760996700.952330	0.000000
14454.000000	0.030162	31.615000	0.000000	1760996700.952394	0.000000
14454.000000	0.030162	31.615000	0.000000	1760996700.952396	0.000000
14469.000000	0.030162	31.585000	0.000000	1760996700.952451	0.000000
14484.000000	0.030162	31.585000	0.000000	1760996700.952504	0.000000
14484.000000	0.030162	31.585000	0.000000	1760996700.952506	0.000000
14500.000000	0.030162	31.608000	0.000000	1760996700.952559	0.000000
14516.000000	0.030162	31.759000	0.000000	1760996700.952610	0.000000
14516.000000	0.030162	31.759000	0.000000	1760996700.952611	0.000000
14531.000000	0.030162	31.754000	0.000000	1760996701.065281	0.000000
14548.000000	0.030162	31.754000	0.000000	1760996701.129225	0.000000
14548.000000	0.030162	31.754000	0.000000	1760996701.129233	0.000000
14563.000000	0.030162	31.681000	0.000000	1760996701.206604	0.000000
14563.000000	0.030162	31.681000	0.000000	1760996701.206613	0.000000
14579.000000	0.030162	31.649000	0.000000	1760996701.332330	0.000000
14595.000000	0.030162	31.671000	0.000000	1760996701.421273	0.000000
14595.000000	0.030162	31.671000	0.000000	1760996701.421281	0.000000
14611.000000	0.030162	31.680000	0.000000	1760996701.536583	0.000000
14626.000000	0.030162	31.613000	0.000000	1760996701.625568	0.000000
14626.000000	0.030162	31.613000	0.000000	1760996701.625573	0.000000
14641.000000	0.030162	31.613000	0.000000	1760996701.704045	0.000000
14657.000000	0.030162	31.620000	0.000000	1760996701.809223	0.000000
14657.000000	0.030162	31.620000	0.000000	1760996701.809229	0.000000
14673.000000	0.030162	31.658000	0.000000	1760996701.950790	0.000000
14688.000000	0.030162	31.710000	0.000000	1760996702.524397	0.000000
14688.000000	0.030162	31.710000	0.000000	1760996702.524407	0.000000
14704.000000	0.030162	31.710000	0.000000	1760996702.524563	0.000000
14704.000000	0.030162	31.710000	0.000000	1760996702.524567	0.000000
14719.000000	0.030162	31.662000	0.000000	1760996702.524702	0.000000
14735.000000	0.030162	31.641000	0.000000	1760996702.524845	0.000000
14735.000000	0.030162	31.641000	0.000000	1760996702.524850	0.000000
14751.000000	0.030162	31.738000	0.000000	1760996702.524982	0.000000
14766.000000	0.030162	31.738000	0.000000	1760996702.581200	0.000000
14766.000000	0.030162	31.738000	0.000000	1760996702.581206	0.000000
14781.000000	0.030162	31.780000	0.000000	1760996702.625015	0.000000
14798.000000	0.030162	31.728000	0.000000	1760996702.770048	0.000000
14798.000000	0.030162	31.728000	0.000000	1760996702.770058	0.000000
14828.000000	0.030162	31.776000	0.000000	1760996703.282323	0.000000
14828.000000	0.030162	31.776000	0.000000	1760996703.282330	0.000000
14843.000000	0.030162	31.655000	0.000000	1760996703.282465	0.000000
14860.000000	0.030162	31.567000	0.000000	1760996703.282599	0.000000
14860.000000	0.030162	31.567000	0.000000	1760996703.282604	0.000000
14875.000000	0.030162	31.564000	0.000000	1760996703.284397	0.000000
14890.000000	0.030162	31.564000	0.000000	1760996703.338071	0.000000
14890.000000	0.030162	31.564000	0.000000	1760996703.338078	0.000000
14906.000000	0.030162	31.528000	0.000000	1760996703.430045	0.000000
14922.000000	0.030162	31.548000	0.000000	1760996703.588002	0.000000
14922.000000	0.030162	31.548000	0.000000	1760996703.588010	0.000000
14937.000000	0.030162	31.591000	0.000000	1760996703.626484	0.000000
14953.000000	0.030162	31.591000	0.000000	1760996703.783897	0.000000
14953.000000	0.030162	31.591000	0.000000	1760996703.783908	0.000000
14968.000000	0.030162	31.575000	0.000000	1760996703.865986	0.000000
14999.000000	0.030162	31.603000	0.000000	1760996704.266397	0.000000
15016.000000	0.030162	31.570000	0.000000	1760996704.266555	0.000000
15016.000000	0.030162	31.570000	0.000000	1760996704.266559	0.000000
15062.000000	0.030162	31.570000	0.000000	1760996704.887201	0.000000
15062.000000	0.030162	31.570000	0.000000	1760996704.887208	0.000000
15078.000000	0.030162	31.601000	0.000000	1760996704.887339	0.000000
15092.000000	0.030162	31.601000	0.000000	1760996704.887469	0.000000
15092.000000	0.030162	31.601000	0.000000	1760996704.887473	0.000000
15109.000000	0.030162	31.614000	0.000000	1760996704.887602	0.000000
15124.000000	0.030162	31.656000	0.000000	1760996704.891772	0.000000
15124.000000	0.030162	31.656000	0.000000	1760996704.891780	0.000000
15140.000000	0.030162	31.638000	0.000000	1760996704.954135	0.000000
15155.000000	0.030162	31.638000	0.000000	1760996705.068337	0.000000
15155.000000	0.030162	31.638000	0.000000	1760996705.068341	0.000000
15171.000000	0.030162	31.560000	0.000000	1760996705.168945	0.000000
15186.000000	0.030162	31.632000	0.000000	1760996705.308329	0.000000
15186.000000	0.030162	31.632000	0.000000	1760996705.308340	0.000000
15202.000000	0.030162	31.664000	0.000000	1760996705.365075	0.000000
15219.000000	0.030163	31.664000	0.000000	1760996705.465437	0.000000
15219.000000	0.030163	31.664000	0.000000	1760996705.465445	0.000000
15235.000000	0.030163	31.677000	0.000000	1760996705.564790	0.000000
15250.000000	0.030163	31.612000	0.000000	1760996705.670531	0.000000
15250.000000	0.030163	31.612000	0.000000	1760996705.670539	0.000000
15267.000000	0.030163	31.690000	0.000000	1760996705.769534	0.000000
15282.000000	0.030163	31.689000	0.000000	1760996705.878566	0.000000
15282.000000	0.030163	31.689000	0.000000	1760996705.878575	0.000000
15297.000000	0.030163	31.689000	0.000000	1760996706.002847	0.000000
15313.000000	0.030163	31.653000	0.000000	1760996706.080056	0.000000
15313.000000	0.030163	31.653000	0.000000	1760996706.080060	0.000000
15330.000000	0.030163	31.708000	0.000000	1760996706.203666	0.000000
15330.000000	0.030163	31.708000	0.000000	1760996706.203674	0.000000
15345.000000	0.030163	31.803000	0.000000	1760996706.384156	0.000000
15362.000000	0.030163	31.631000	0.000000	1760996706.427903	0.000000
15362.000000	0.030163	31.631000	0.000000	1760996706.427909	0.000000
15376.000000	0.030163	31.631000	0.000000	1760996706.504335	0.000000
15392.000000	0.030163	31.628000	0.000000	1760996706.627022	0.000000
15392.000000	0.030163	31.628000	0.000000	1760996706.627026	0.000000
15408.000000	0.030163	31.662000	0.000000	1760996706.721769	0.000000
15408.000000	0.030163	31.662000	0.000000	1760996706.721778	0.000000
15424.000000	0.030163	31.712000	0.000000	1760996706.820333	0.000000
15438.000000	0.030163	31.712000	0.000000	1760996706.934471	0.000000
15438.000000	0.030163	31.712000	0.000000	1760996706.934482	0.000000
15454.000000	0.030163	31.733000	0.000000	1760996707.310445	0.000000
15470.000000	0.030163	31.707000	0.000000	1760996707.310606	0.000000
15470.000000	0.030163	31.707000	0.000000	1760996707.310610	0.000000
15486.000000	0.030163	31.696000	0.000000	1760996707.525025	0.000000
15500.000000	0.030163	31.696000	0.000000	1760996707.525175	0.000000
15500.000000	0.030162	31.696000	0.000000	1760996707.525179	0.000000
15517.000000	0.030163	31.656000	0.000000	1760996707.525317	0.000000
15532.000000	0.030163	31.745000	0.000000	1760996707.540345	0.000000
15532.000000	0.030163	31.745000	0.000000	1760996707.540351	0.000000
15548.000000	0.030163	31.606000	0.000000	1760996707.626149	0.000000
15579.000000	0.030162	31.606000	0.000000	1760996708.128196	0.000000
15594.000000	0.030162	31.723000	0.000000	1760996708.128254	0.000000
15594.000000	0.030162	31.723000	0.000000	1760996708.128256	0.000000
15610.000000	0.030162	31.774000	0.000000	1760996708.128307	0.000000
15641.000000	0.030162	31.774000	0.000000	1760996708.338034	0.000000
15656.000000	0.030163	31.704000	0.000000	1760996708.432413	0.000000
15656.000000	0.030163	31.704000	0.000000	1760996708.432417	0.000000
15673.000000	0.030162	31.694000	0.000000	1760996708.441045	0.000000
15688.000000	0.030162	31.726000	0.000000	1760996708.586535	0.000000
15688.000000	0.030162	31.726000	0.000000	1760996708.586544	0.000000
15703.000000	0.030163	31.726000	0.000000	1760996708.646994	0.000000
15719.000000	0.030163	31.633000	0.000000	1760996708.734545	0.000000
15719.000000	0.030163	31.633000	0.000000	1760996708.734549	0.000000
15735.000000	0.030163	31.629000	0.000000	1760996708.856454	0.000000
15750.000000	0.030163	31.662000	0.000000	1760996708.974420	0.000000
15750.000000	0.030163	31.662000	0.000000	1760996708.974430	0.000000
15766.000000	0.030163	31.662000	0.000000	1760996709.360619	0.000000
15766.000000	0.030163	31.662000	0.000000	1760996709.360624	0.000000
15781.000000	0.030163	31.712000	0.000000	1760996709.360690	0.000000
15812.000000	0.030163	31.734000	0.000000	1760996709.569312	0.000000
15828.000000	0.030163	31.734000	0.000000	1760996709.569373	0.000000
15828.000000	0.030163	31.734000	0.000000	1760996709.569375	0.000000
15843.000000	0.030163	31.732000	0.000000	1760996709.588923	0.000000
15859.000000	0.030163	31.848000	0.000000	1760996709.656114	0.000000
15859.000000	0.030163	31.848000	0.000000	1760996709.656119	0.000000
15875.000000	0.030163	31.757000	0.000000	1760996709.756045	0.000000
15890.000000	0.030163	31.757000	0.000000	1760996709.941329	0.000000
15890.000000	0.030163	31.757000	0.000000	1760996709.941333	0.000000
15905.000000	0.030163	31.753000	0.000000	1760996710.072571	0.000000
15922.000000	0.030163	31.645000	0.000000	1760996710.075471	0.000000
15922.000000	0.030163	31.645000	0.000000	1760996710.075476	0.000000
15937.000000	0.030163	31.740000	0.000000	1760996710.203084	0.000000
15952.000000	0.030163	31.740000	0.000000	1760996710.318368	0.000000
15952.000000	0.030163	31.740000	0.000000	1760996710.318378	0.000000
15967.000000	0.030163	31.710000	0.000000	1760996710.385933	0.000000
15986.000000	0.030163	31.697000	0.000000	1760996710.482656	0.000000
15986.000000	0.030163	31.697000	0.000000	1760996710.482662	0.000000
16001.000000	0.030163	31.656000	0.000000	1760996710.593629	0.000000
16016.000000	0.030163	31.656000	0.000000	1760996710.717600	0.000000
16016.000000	0.030163	31.656000	0.000000	1760996710.717609	0.000000
16032.000000	0.030163	31.745000	0.000000	1760996710.766931	0.000000
16048.000000	0.030163	31.748000	0.000000	1760996710.903709	0.000000
16048.000000	0.030163	31.748000	0.000000	1760996710.903717	0.000000
16063.000000	0.030163	31.678000	0.000000	1760996710.976586	0.000000
16094.000000	0.030163	31.790000	0.000000	1760996711.821411	0.000000
16111.000000	0.030163	31.696000	0.000000	1760996711.821487	0.000000
16111.000000	0.030163	31.696000	0.000000	1760996711.821489	0.000000
16111.000000	0.030163	31.384000	0.000000	1760996711.821490	0.000000
16127.000000	0.030163	31.727000	0.000000	1760996711.821552	0.000000
16143.000000	0.030163	31.704000	0.000000	1760996711.821611	0.000000
16143.000000	0.030163	31.704000	0.000000	1760996711.821612	0.000000
16158.000000	0.030163	31.695000	0.000000	1760996711.821666	0.000000
16174.000000	0.030163	31.695000	0.000000	1760996711.821711	0.000000
16174.000000	0.030163	31.695000	0.000000	1760996711.821713	0.000000
16189.000000	0.030163	31.691000	0.000000	1760996711.824911	0.000000
16205.000000	0.030163	31.689000	0.000000	1760996711.920176	0.000000
16205.000000	0.030163	31.689000	0.000000	1760996711.920181	0.000000
16220.000000	0.030163	31.759000	0.000000	1760996712.022888	0.000000
16236.000000	0.030163	31.759000	0.000000	1760996712.146682	0.000000
16236.000000	0.030163	31.759000	0.000000	1760996712.146687	0.000000
16251.000000	0.030163	31.754000	0.000000	1760996712.289052	0.000000
16267.000000	0.030163	31.752000	0.000000	1760996712.323017	0.000000
16267.000000	0.030163	31.752000	0.000000	1760996712.323026	0.000000
16283.000000	0.030163	31.751000	0.000000	1760996712.453761	0.000000
16298.000000	0.030163	31.751000	0.000000	1760996712.591624	0.000000
16298.000000	0.030163	31.751000	0.000000	1760996712.591632	0.000000
16313.000000	0.030163	31.715000	0.000000	1760996712.638622	0.000000
16330.000000	0.030163	31.735000	0.000000	1760996712.769390	0.000000
16330.000000	0.030163	31.735000	0.000000	1760996712.769395	0.000000
16345.000000	0.030163	31.814000	0.000000	1760996712.828078	0.000000
16361.000000	0.030163	31.849000	0.000000	1760996712.936424	0.000000
16361.000000	0.030163	31.849000	0.000000	1760996712.936430	0.000000
16375.000000	0.030163	31.849000	0.000000	1760996713.052351	0.000000
16392.000000	0.030163	31.686000	0.000000	1760996713.141504	0.000000
16392.000000	0.030163	31.686000	0.000000	1760996713.141509	0.000000
16423.000000	0.030163	31.687000	0.000000	1760996713.579463	0.000000
16454.000000	0.030163	31.687000	0.000000	1760996714.114604	0.000000
16469.000000	0.030163	31.752000	0.000000	1760996714.114757	0.000000
16469.000000	0.030163	31.752000	0.000000	1760996714.114762	0.000000
16486.000000	0.030163	31.715000	0.000000	1760996714.114892	0.000000
16500.000000	0.030163	31.715000	0.000000	1760996714.115024	0.000000
16500.000000	0.030163	31.715000	0.000000	1760996714.115028	0.000000
16516.000000	0.030163	31.770000	0.000000	1760996714.115153	0.000000
16532.000000	0.030163	31.723000	0.000000	1760996714.150877	0.000000
16532.000000	0.030163	31.723000	0.000000	1760996714.150884	0.000000
16548.000000	0.030162	31.668000	0.000000	1760996714.180405	0.000000
16562.000000	0.030163	31.668000	0.000000	1760996714.278937	0.000000
16562.000000	0.030162	31.668000	0.000000	1760996714.278942	0.000000
16578.000000	0.030162	31.714000	0.000000	1760996714.386756	0.000000
16594.000000	0.030162	31.841000	0.000000	1760996714.500696	0.000000
16594.000000	0.030162	31.841000	0.000000	1760996714.500705	0.000000
16624.000000	0.030162	31.754000	0.000000	1760996715.275404	0.000000
16624.000000	0.030162	31.754000	0.000000	1760996715.275406	0.000000
16641.000000	0.030162	31.645000	0.000000	1760996715.275464	0.000000
16656.000000	0.030162	31.669000	0.000000	1760996715.275521	0.000000
16656.000000	0.030162	31.669000	0.000000	1760996715.275523	0.000000
16672.000000	0.030162	31.751000	0.000000	1760996715.275584	0.000000
16688.000000	0.030162	31.786000	0.000000	1760996715.275636	0.000000
16688.000000	0.030162	31.786000	0.000000	1760996715.275637	0.000000
16703.000000	0.030162	31.786000	0.000000	1760996715.275684	0.000000
16718.000000	0.030162	31.765000	0.000000	1760996715.303795	0.000000
16718.000000	0.030162	31.765000	0.000000	1760996715.303802	0.000000
16734.000000	0.030162	31.757000	0.000000	1760996715.399773	0.000000
16752.000000	0.030162	31.824000	0.000000	1760996715.468523	0.000000
16752.000000	0.030162	31.824000	0.000000	1760996715.468531	0.000000
16767.000000	0.030162	31.824000	0.000000	1760996715.629749	0.000000
16767.000000	0.030162	31.824000	0.000000	1760996715.629754	0.000000
16782.000000	0.030162	31.782000	0.000000	1760996715.722321	0.000000
16799.000000	0.030162	31.799000	0.000000	1760996715.836998	0.000000
16799.000000	0.030162	31.799000	0.000000	1760996715.837006	0.000000
16814.000000	0.030162	31.878000	0.000000	1760996715.877891	0.000000
16829.000000	0.030162	31.878000	0.000000	1760996715.975642	0.000000
16829.000000	0.030162	31.878000	0.000000	1760996715.975651	0.000000
16845.000000	0.030162	31.876000	0.000000	1760996716.172573	0.000000
16861.000000	0.030162	31.840000	0.000000	1760996716.227687	0.000000
16861.000000	0.030162	31.840000	0.000000	1760996716.227693	0.000000
16876.000000	0.030162	31.754000	0.000000	1760996716.308726	0.000000
16893.000000	0.030162	31.754000	0.000000	1760996716.434143	0.000000
16893.000000	0.030162	31.754000	0.000000	1760996716.434153	0.000000
16908.000000	0.030162	31.681000	0.000000	1760996716.522164	0.000000
16908.000000	0.030162	31.681000	0.000000	1760996716.522172	0.000000
16924.000000	0.030162	31.614000	0.000000	1760996716.687917	0.000000
16940.000000	0.030162	31.762000	0.000000	1760996716.744626	0.000000
16940.000000	0.030162	31.762000	0.000000	1760996716.744630	0.000000
16956.000000	0.030162	31.720000	0.000000	1760996716.842622	0.000000
16970.000000	0.030162	31.720000	0.000000	1760996716.964882	0.000000
16970.000000	0.030162	31.720000	0.000000	1760996716.964891	0.000000
16986.000000	0.030162	31.701000	0.000000	1760996717.026404	0.000000
17002.000000	0.030162	31.729000	0.000000	1760996717.131916	0.000000
17002.000000	0.030162	31.729000	0.000000	1760996717.131923	0.000000
17018.000000	0.030162	31.812000	0.000000	1760996717.227454	0.000000
17032.000000	0.030162	31.812000	0.000000	1760996717.337524	0.000000
17032.000000	0.030162	31.812000	0.000000	1760996717.337533	0.000000
17049.000000	0.030162	31.741000	0.000000	1760996717.453415	0.000000
17064.000000	0.030162	31.746000	0.000000	1760996717.547462	0.000000
17064.000000	0.030162	31.746000	0.000000	1760996717.547472	0.000000
17080.000000	0.030162	31.713000	0.000000	1760996717.708760	0.000000
17096.000000	0.030162	31.734000	0.000000	1760996717.797609	0.000000
17096.000000	0.030162	31.734000	0.000000	1760996717.797616	0.000000
17111.000000	0.030162	31.734000	0.000000	1760996717.878745	0.000000
17111.000000	0.030162	31.734000	0.000000	1760996717.878753	0.000000
17126.000000	0.030162	31.743000	0.000000	1760996717.974045	0.000000
17143.000000	0.030162	31.782000	0.000000	1760996718.059379	0.000000
17143.000000	0.030163	31.782000	0.000000	1760996718.059383	0.000000
17158.000000	0.030162	31.729000	0.000000	1760996718.204254	0.000000
17173.000000	0.030162	31.729000	0.000000	1760996718.258855	0.000000
17173.000000	0.030163	31.729000	0.000000	1760996718.258860	0.000000
17188.000000	0.030162	31.776000	0.000000	1760996718.392143	0.000000
17205.000000	0.030162	31.761000	0.000000	1760996718.459319	0.000000
17205.000000	0.030162	31.761000	0.000000	1760996718.459323	0.000000
17220.000000	0.030163	31.719000	0.000000	1760996718.565309	0.000000
17235.000000	0.030163	31.719000	0.000000	1760996718.990710	0.000000
17235.000000	0.030163	31.719000	0.000000	1760996718.990719	0.000000
17251.000000	0.030163	31.772000	0.000000	1760996718.990866	0.000000
17267.000000	0.030163	31.760000	0.000000	1760996718.991005	0.000000
17267.000000	0.030163	31.760000	0.000000	1760996718.991009	0.000000
17282.000000	0.030163	31.861000	0.000000	1760996718.995351	0.000000
17298.000000	0.030163	31.861000	0.000000	1760996719.375716	0.000000
17298.000000	0.030163	31.861000	0.000000	1760996719.375725	0.000000
17313.000000	0.030163	31.798000	0.000000	1760996719.375875	0.000000
17329.000000	0.030163	31.664000	0.000000	1760996719.376010	0.000000
17329.000000	0.030163	31.664000	0.000000	1760996719.376015	0.000000
17344.000000	0.030163	31.748000	0.000000	1760996719.416120	0.000000
17360.000000	0.030163	31.748000	0.000000	1760996719.473409	0.000000
17360.000000	0.030162	31.748000	0.000000	1760996719.473418	0.000000
17375.000000	0.030162	31.714000	0.000000	1760996719.571729	0.000000
17391.000000	0.030162	31.770000	0.000000	1760996719.669452	0.000000
17391.000000	0.030162	31.770000	0.000000	1760996719.669457	0.000000
17407.000000	0.030162	31.759000	0.000000	1760996719.800643	0.000000
17423.000000	0.030162	31.754000	0.000000	1760996719.867103	0.000000
17423.000000	0.030162	31.754000	0.000000	1760996719.867110	0.000000
17437.000000	0.030162	31.754000	0.000000	1760996719.973609	0.000000
17454.000000	0.030162	31.787000	0.000000	1760996720.106976	0.000000
17454.000000	0.030162	31.787000	0.000000	1760996720.106982	0.000000
17469.000000	0.030162	31.766000	0.000000	1760996720.200807	0.000000
17469.000000	0.030162	31.766000	0.000000	1760996720.200814	0.000000
17485.000000	0.030162	31.721000	0.000000	1760996720.276092	0.000000
17500.000000	0.030162	31.721000	0.000000	1760996720.381956	0.000000
17500.000000	0.030162	31.721000	0.000000	1760996720.381959	0.000000
17518.000000	0.030162	31.738000	0.000000	1760996720.523041	0.000000
17533.000000	0.030162	31.886000	0.000000	1760996720.647101	0.000000
17533.000000	0.030162	31.886000	0.000000	1760996720.647110	0.000000
17549.000000	0.030162	31.809000	0.000000	1760996720.719162	0.000000
17564.000000	0.030162	31.809000	0.000000	1760996720.798110	0.000000
17564.000000	0.030162	31.809000	0.000000	1760996720.798114	0.000000
17580.000000	0.030162	31.811000	0.000000	1760996720.935940	0.000000
17595.000000	0.030162	31.812000	0.000000	1760996720.997266	0.000000
17595.000000	0.030162	31.812000	0.000000	1760996720.997270	0.000000
17612.000000	0.030162	31.848000	0.000000	1760996721.120711	0.000000
17626.000000	0.030162	31.848000	0.000000	1760996721.188502	0.000000
17626.000000	0.030162	31.848000	0.000000	1760996721.188509	0.000000
17642.000000	0.030163	31.863000	0.000000	1760996721.291778	0.000000
17658.000000	0.030163	31.834000	0.000000	1760996721.407925	0.000000
17658.000000	0.030162	31.834000	0.000000	1760996721.407929	0.000000
17675.000000	0.030163	31.822000	0.000000	1760996721.534174	0.000000
17675.000000	0.030163	31.822000	0.000000	1760996721.534182	0.000000
17690.000000	0.030163	31.781000	0.000000	1760996721.729845	0.000000
17706.000000	0.030163	31.781000	0.000000	1760996721.767287	0.000000
17706.000000	0.030163	31.781000	0.000000	1760996721.767298	0.000000
17721.000000	0.030163	31.763000	0.000000	1760996721.830315	0.000000
17737.000000	0.030162	31.720000	0.000000	1760996721.933046	0.000000
17737.000000	0.030162	31.720000	0.000000	1760996721.933056	0.000000
17752.000000	0.030162	31.737000	0.000000	1760996722.063922	0.000000
17769.000000	0.030163	31.780000	0.000000	1760996722.162608	0.000000
17769.000000	0.030163	31.780000	0.000000	1760996722.162618	0.000000
17783.000000	0.030162	31.780000	0.000000	1760996722.229216	0.000000
17799.000000	0.030162	31.763000	0.000000	1760996722.373452	0.000000
17799.000000	0.030163	31.763000	0.000000	1760996722.373457	0.000000
17815.000000	0.030162	31.720000	0.000000	1760996722.463934	0.000000
17815.000000	0.030162	31.720000	0.000000	1760996722.463943	0.000000
17831.000000	0.030163	31.737000	0.000000	1760996722.548589	0.000000
17845.000000	0.030163	31.737000	0.000000	1760996722.658067	0.000000
17845.000000	0.030163	31.737000	0.000000	1760996722.658077	0.000000
