time,eda
62863.907442217365,0.14832699298858643
62863.9742644569,0.14838699996471405
62864.04108669644,0.14845100045204163
62864.10790893598,0.14851100742816925
62864.17473117551,0.14858399331569672
62864.24155341505,0.14863499999046326
62864.30837565458,0.1486700028181076
62864.37519789412,0.14869600534439087
62864.44202013366,0.14874400198459625
62864.508842373194,0.14879199862480164
62864.575664612734,0.1488109976053238
62864.642486852266,0.14882700145244598
62864.709309091806,0.14884600043296814
62864.776131331346,0.14890100061893463
62864.84295357088,0.14899399876594543
62864.90977581042,0.14913800358772278
62864.97659804995,0.14925099909305573
62865.04342028949,0.14934100210666656
62865.11024252902,0.1494079977273941
62865.17706476856,0.1494790017604828
62865.2438870081,0.14954400062561035
62865.310709247635,0.14961500465869904
62865.377531487175,0.14968299865722656
62865.44435372671,0.1497569978237152
62865.51117596625,0.1497959941625595
62865.57799820579,0.14980599284172058
62865.64482044532,0.14978300034999847
62865.71164268486,0.1497569978237152
62865.77846492439,0.14974400401115417
62865.84528716393,0.14974099397659302
62865.91210940347,0.14974400401115417
62865.978931643,0.14973799884319305
62866.04575388254,0.14972800016403198
62866.112576122076,0.14973099529743195
62866.179398361615,0.14972800016403198
62866.246220601155,0.14972800016403198
62866.31304284069,0.14974400401115417
62866.37986508023,0.14972800016403198
62866.44668731976,0.14973099529743195
62866.5135095593,0.14969900250434875
62866.58033179884,0.14967000484466553
62866.64715403837,0.1496499925851822
62866.71397627791,0.14964699745178223
62866.780798517444,0.14964699745178223
62866.847620756984,0.1496340036392212
62866.914442996516,0.14962799847126007
62866.981265236056,0.14960500597953796
62867.048087475596,0.14961199462413788
62867.11490971513,0.14961500465869904
62867.18173195467,0.14963099360466003
62867.2485541942,0.1496340036392212
62867.31537643374,0.14964699745178223
62867.38219867328,0.1496569961309433
62867.44902091281,0.14963799715042114
62867.51584315235,0.1496250033378601
62867.582665391885,0.14961199462413788
62867.649487631425,0.14961500465869904
62867.716309870964,0.14960500597953796
62867.7831321105,0.14961199462413788
62867.84995435004,0.1496250033378601
62867.91677658957,0.1496250033378601
62867.98359882911,0.14964400231838226
62868.05042106865,0.14964699745178223
62868.11724330818,0.1496569961309433
62868.18406554772,0.1496729999780655
62868.25088778725,0.14966699481010437
62868.31771002679,0.14969299733638763
62868.384532266326,0.14968900382518768
62868.451354505865,0.14967000484466553
62868.518176745405,0.1496569961309433
62868.58499898494,0.14965400099754333
62868.65182122448,0.14966000616550446
62868.71864346401,0.14966000616550446
62868.78546570355,0.1496499925851822
62868.85228794309,0.14965400099754333
62868.91911018262,0.14968599379062653
62868.98593242216,0.14969299733638763
62869.052754661694,0.14970499277114868
62869.119576901234,0.14971500635147095
62869.18639914077,0.14972500503063202
62869.253221380306,0.14973799884319305
62869.320043619846,0.14976400136947632
62869.38686585938,0.14974099397659302
62869.45368809892,0.14972500503063202
62869.52051033846,0.14972199499607086
62869.58733257799,0.14975400269031525
62869.65415481753,0.14976100623607635
62869.72097705706,0.1497569978237152
62869.7877992966,0.14978599548339844
62869.85462153614,0.1497959941625595
62869.921443775675,0.1498190015554428
62869.988266015214,0.14982900023460388
62870.05508825475,0.149835005402565
62870.12191049429,0.14984500408172607
62870.18873273382,0.14986400306224823
62870.25555497336,0.14986099302768707
62870.3223772129,0.1498579978942871
62870.38919945243,0.1498669981956482
62870.45602169197,0.1498969942331314
62870.5228439315,0.1499129980802536
62870.58966617104,0.14991900324821472
62870.65648841058,0.14993900060653687
62870.723310650115,0.1499750018119812
62870.790132889655,0.15000100433826447
62870.85695512919,0.1500300019979477
62870.92377736873,0.15006600320339203
62870.99059960827,0.15011799335479736
62871.0574218478,0.1501529961824417
62871.12424408734,0.150176003575325
62871.19106632687,0.15017999708652496
62871.25788856641,0.15018600225448608
62871.32471080595,0.1502089947462082
62871.391533045484,0.15021899342536926
62871.45835528502,0.1502149999141693
62871.525177524556,0.15022499859333038
62871.591999764096,0.15024800598621368
62871.658822003636,0.1502709984779358
62871.72564424317,0.15028999745845795
62871.79246648271,0.15029700100421906
62871.85928872224,0.15031300485134125
62871.92611096178,0.15029700100421906
62871.99293320131,0.1502770036458969
62872.05975544085,0.1502709984779358
62872.12657768039,0.15028400719165802
62872.193399919925,0.15029700100421906
62872.260222159464,0.15028700232505798
62872.327044399,0.15030699968338013
62872.39386663854,0.1503390073776245
62872.460688878076,0.15034599602222443
62872.52751111761,0.1503390073776245
62872.59433335715,0.1503559947013855
62872.66115559668,0.1503719985485077
62872.72797783622,0.15035200119018555
62872.79480007576,0.15034900605678558
62872.86162231529,0.15034599602222443
62872.92844455483,0.15035200119018555
62872.995266794365,0.15036199986934662
62873.062089033905,0.15036499500274658
62873.128911273445,0.15038500726222992
62873.19573351298,0.15040500462055206
62873.26255575252,0.15042400360107422
62873.32937799205,0.1504340022802353
62873.39620023159,0.15047000348567963
62873.46302247112,0.15049299597740173
62873.52984471066,0.15049000084400177
62873.5966669502,0.1504729986190796
62873.663489189734,0.15047700703144073
62873.73031142927,0.15048299729824066
62873.797133668806,0.1505029946565628
62873.863955908346,0.1505260020494461
62873.930778147886,0.15052199363708496
62873.99760038742,0.15055200457572937
62874.06442262696,0.15057100355625153
62874.13124486649,0.15058399736881256
62874.19806710603,0.15059100091457367
62874.26488934557,0.15060700476169586
62874.3317115851,0.15062400698661804
62874.39853382464,0.1506499946117401
62874.465356064175,0.15062999725341797
62874.532178303714,0.15062400698661804
62874.599000543254,0.150627002120018
62874.66582278279,0.15065999329090118
62874.732645022326,0.1506730020046234
62874.79946726186,0.15068000555038452
62874.8662895014,0.15069299936294556
62874.93311174094,0.1507059931755066
62874.99993398047,0.15073899924755096
62875.06675622001,0.15074799954891205
62875.13357845954,0.15075500309467316
62875.20040069908,0.1507750004529953
62875.267222938615,0.15080100297927856
62875.334045178155,0.15081100165843964
62875.400867417695,0.1507910043001175
62875.46768965723,0.15080100297927856
62875.53451189677,0.15082399547100067
62875.6013341363,0.1508370041847229
62875.66815637584,0.15084700286388397
62875.73497861538,0.15087300539016724
62875.80180085491,0.15089599788188934
62875.86862309445,0.15091900527477264
62875.935445333984,0.1509229987859726
62876.00226757352,0.1509390026330948
62876.06908981306,0.1509619951248169
62876.135912052596,0.1509779989719391
62876.202734292136,0.15098799765110016
62876.26955653167,0.1509779989719391
62876.33637877121,0.150968998670578
62876.40320101075,0.1509850025177002
62876.47002325028,0.15100200474262238
62876.53684548982,0.15101799368858337
62876.60366772935,0.15103399753570557
62876.67048996889,0.15104100108146667
62876.737312208425,0.15107400715351105
62876.804134447964,0.15109999477863312
62876.870956687504,0.15113000571727753
62876.93777892704,0.15115299820899963
62877.004601166576,0.15115000307559967
62877.07142340611,0.1511629968881607
62877.13824564565,0.15117600560188293
62877.20506788519,0.1511629968881607
62877.27189012472,0.15117600560188293
62877.33871236426,0.15118299424648285
62877.40553460379,0.15118299424648285
62877.47235684333,0.15119600296020508
62877.53917908287,0.15119899809360504
62877.606001322405,0.15121600031852722
62877.672823561945,0.15124599635601044
62877.73964580148,0.15127499401569366
62877.80646804102,0.15128199756145477
62877.87329028056,0.15128199756145477
62877.94011252009,0.15129199624061584
62878.00693475963,0.15130199491977692
62878.07375699916,0.15130800008773804
62878.1405792387,0.15129800140857697
62878.20740147824,0.15128900110721588
62878.27422371777,0.15130800008773804
62878.34104595731,0.15133799612522125
62878.407868196846,0.15135100483894348
62878.474690436386,0.1513579934835434
62878.54151267592,0.15137800574302673
62878.60833491546,0.15138399600982666
62878.675157155,0.15139800310134888
62878.74197939453,0.1514039933681488
62878.80880163407,0.15144699811935425
62878.8756238736,0.15147100389003754
62878.94244611314,0.1514810025691986
62879.00926835268,0.1514810025691986
62879.076090592214,0.1514810025691986
62879.142912831754,0.15150700509548187
62879.20973507129,0.15154999494552612
62879.276557310826,0.15157000720500946
62879.343379550366,0.1515900045633316
62879.4102017899,0.15162000060081482
62879.47702402944,0.1516599953174591
62879.54384626897,0.15169000625610352
62879.61066850851,0.15171299874782562
62879.67749074805,0.1517390012741089
62879.74431298758,0.15176300704479218
62879.81113522712,0.15178300440311432
62879.877957466655,0.15178599953651428
62879.944779706195,0.15180300176143646
62880.01160194573,0.15183299779891968
62880.07842418527,0.15185600519180298
62880.14524642481,0.15187899768352509
62880.21206866434,0.15189899504184723
62880.27889090388,0.1519329994916916
62880.34571314341,0.15197299420833588
62880.41253538295,0.1519930064678192
62880.47935762249,0.15202300250530243
62880.54617986202,0.15205900371074677
62880.61300210156,0.15206299722194672
62880.679824341096,0.15205299854278564
62880.746646580636,0.1520790010690689
62880.813468820175,0.15208299458026886
62880.88029105971,0.1521030068397522
62880.94711329925,0.15214300155639648
62881.01393553878,0.15215599536895752
62881.08075777832,0.15216299891471863
62881.14758001786,0.15218999981880188
62881.21440225739,0.152196004986763
62881.28122449693,0.15220600366592407
62881.348046736464,0.15223300457000732
62881.414868976004,0.15224699676036835
62881.481691215544,0.15223300457000732
62881.548513455076,0.1522430032491684
62881.615335694616,0.15225699543952942
62881.68215793415,0.1522669941186905
62881.74898017369,0.15228000283241272
62881.81580241322,0.15230399370193481
62881.88262465276,0.15232400596141815
62881.9494468923,0.15234699845314026
62882.01626913183,0.15237100422382355
62882.08309137137,0.15240399539470673
62882.149913610905,0.15240700542926788
62882.216735850445,0.15242399275302887
62882.283558089985,0.15242800116539001
62882.35038032952,0.15243099629878998
62882.41720256906,0.15242399275302887
62882.48402480859,0.15242399275302887
62882.55084704813,0.15244799852371216
62882.61766928767,0.15244799852371216
62882.6844915272,0.1524749994277954
62882.75131376674,0.15250100195407867
62882.81813600627,0.1525219976902008
62882.88495824581,0.15254800021648407
62882.95178048535,0.15257200598716736
62883.018602724886,0.15260900557041168
62883.085424964425,0.1526159942150116
62883.15224720396,0.15263600647449493
62883.2190694435,0.1526319980621338
62883.28589168304,0.1526319980621338
62883.35271392257,0.152646005153656
62883.41953616211,0.15265600383281708
62883.48635840164,0.1526859998703003
62883.55318064118,0.1527169942855835
62883.620002880714,0.15275399386882782
62883.686825120254,0.15280799567699432
62883.753647359794,0.15285100042819977
62883.820469599326,0.15290500223636627
62883.887291838866,0.1530030071735382
62883.9541140784,0.15313200652599335
62884.02093631794,0.15324099361896515
62884.08775855748,0.1533149927854538
62884.15458079701,0.15338599681854248
62884.22140303655,0.15345799922943115
62884.28822527608,0.15351200103759766
62884.35504751562,0.15358400344848633
62884.42186975516,0.153671994805336
62884.488691994695,0.15375100076198578
62884.555514234235,0.1538500040769577
62884.62233647377,0.15393200516700745
62884.68915871331,0.1540279984474182
62884.75598095285,0.15412400662899017
62884.82280319238,0.15417499840259552
62884.88962543192,0.15420599281787872
62884.95644767145,0.15425799787044525
62885.02326991099,0.15430599451065063
62885.09009215052,0.1543470025062561
62885.15691439006,0.1543949991464615
62885.2237366296,0.1544259935617447
62885.290558869136,0.15448099374771118
62885.357381108675,0.15450899302959442
62885.42420334821,0.15452300012111664
62885.49102558775,0.1545329988002777
62885.55784782729,0.1545500010251999
62885.62467006682,0.1545500010251999
62885.69149230636,0.1545639932155609
62885.75831454589,0.15457500517368317
62885.82513678543,0.15459200739860535
62885.89195902497,0.15457800030708313
62885.958781264504,0.15457500517368317
62886.025603504044,0.15457500517368317
62886.092425743576,0.15455399453639984
62886.159247983116,0.15453000366687775
62886.226070222656,0.1545190066099167
62886.29289246219,0.15449200570583344
62886.35971470173,0.1544709950685501
62886.42653694126,0.15447799861431122
62886.4933591808,0.15447500348091125
62886.56018142034,0.15449200570583344
62886.62700365987,0.1544879972934723
62886.69382589941,0.15449200570583344
62886.760648138945,0.15450599789619446
62886.827470378485,0.15450599789619446
62886.89429261802,0.15448099374771118
62886.96111485756,0.15447799861431122
62887.0279370971,0.15447799861431122
62887.09475933663,0.15446099638938904
62887.16158157617,0.15446099638938904
62887.2284038157,0.1544709950685501
62887.29522605524,0.15446799993515015
62887.36204829478,0.1544709950685501
62887.42887053431,0.15448500216007233
62887.49569277385,0.15449899435043335
62887.562515013386,0.15449899435043335
62887.629337252925,0.15449899435043335
62887.696159492465,0.15450599789619446
62887.762981732,0.15450899302959442
62887.82980397154,0.15452300012111664
62887.89662621107,0.15450599789619446
62887.96344845061,0.15451300144195557
62888.03027069015,0.15452300012111664
62888.09709292968,0.1545259952545166
62888.16391516922,0.15453000366687775
62888.230737408754,0.1545329988002777
62888.297559648294,0.1545639932155609
62888.364381887826,0.15457800030708313
62888.431204127366,0.1545950025320053
62888.498026366906,0.15460899472236633
62888.56484860644,0.1546189934015274
62888.63167084598,0.1546259969472885
62888.69849308551,0.15463300049304962
62888.76531532505,0.15462300181388855
62888.83213756459,0.1545950025320053
62888.89895980412,0.15459899604320526
62888.96578204366,0.15460599958896637
62889.032604283195,0.15464399755001068
62889.099426522735,0.15464399755001068
62889.166248762274,0.15463699400424957
62889.23307100181,0.1546510010957718
62889.29989324135,0.15467500686645508
62889.36671548088,0.15470899641513824
62889.43353772042,0.15472300350666046
62889.50035995996,0.15471599996089935
62889.56718219949,0.15470199286937714
62889.63400443903,0.15470199286937714
62889.70082667856,0.15470600128173828
62889.7676489181,0.15473000705242157
62889.83447115764,0.15474000573158264
62889.901293397175,0.15474699437618256
62889.968115636715,0.15475399792194366
62890.03493787625,0.15476499497890472
62890.10176011579,0.154789000749588
62890.16858235532,0.15481700003147125
62890.23540459486,0.1548369973897934
62890.3022268344,0.15483400225639343
62890.36904907393,0.15482699871063232
62890.43587131347,0.15482300519943237
62890.502693553004,0.15482699871063232
62890.569515792544,0.15484799444675446
62890.63633803208,0.15485799312591553
62890.703160271616,0.1548680067062378
62890.769982511156,0.15489299595355988
62890.83680475069,0.15490299463272095
62890.90362699023,0.15491999685764313
62890.97044922977,0.15494799613952637
62891.0372714693,0.15496599674224854
62891.10409370884,0.15496599674224854
62891.17091594837,0.15497900545597076
62891.23773818791,0.15497200191020966
62891.30456042745,0.15497900545597076
62891.371382666985,0.155007004737854
62891.438204906524,0.15501099824905396
62891.50502714606,0.15502800047397614
62891.5718493856,0.15505599975585938
62891.63867162513,0.15507300198078156
62891.70549386467,0.15508699417114258
62891.77231610421,0.15511099994182587
62891.83913834374,0.15511499345302582
62891.90596058328,0.15512199699878693
62891.97278282281,0.15512500703334808
62892.03960506235,0.15514600276947021
62892.10642730189,0.15515999495983124
62892.173249541425,0.1551630049943924
62892.240071780965,0.15517699718475342
62892.3068940205,0.15519100427627563
62892.37371626004,0.15519799292087555
62892.44053849958,0.1552329957485199
62892.50736073911,0.15526799857616425
62892.57418297865,0.1552709937095642
62892.64100521818,0.15531300008296967
62892.70782745772,0.15532399713993073
62892.77464969726,0.15534399449825287
62892.841471936794,0.1553339958190918
62892.90829417633,0.1553409993648529
62892.975116415866,0.15535800158977509
62893.041938655406,0.15538300573825836
62893.108760894946,0.15540699660778046
62893.17558313448,0.15542499721050262
62893.24240537402,0.1554349958896637
62893.30922761355,0.15546999871730804
62893.37604985309,0.15549099445343018
62893.44287209262,0.1555120050907135
62893.50969433216,0.15552900731563568
62893.5765165717,0.15552900731563568
62893.643338811235,0.15552900731563568
62893.710161050774,0.15554000437259674
62893.77698329031,0.15555700659751892
62893.84380552985,0.15556800365447998
62893.910627769386,0.15559600293636322
62893.97745000892,0.15563100576400757
62894.04427224846,0.1556449979543686
62894.11109448799,0.155676007270813
62894.17791672753,0.15569399297237396
62894.24473896707,0.15571799874305725
62894.3115612066,0.1557459980249405
62894.37838344614,0.15577100217342377
62894.445205685675,0.15577800571918488
62894.512027925215,0.15580199658870697
62894.578850164755,0.1558299958705902
62894.64567240429,0.15583400428295135
62894.71249464383,0.15585799515247345
62894.77931688336,0.15588299930095673
62894.8461391229,0.1559009999036789
62894.91296136243,0.15590399503707886
62894.97978360197,0.15592500567436218
62895.04660584151,0.15594300627708435
62895.113428081044,0.15596400201320648
62895.18025032058,0.1559849977493286
62895.247072560116,0.1560090035200119
62895.313894799656,0.1560479998588562
62895.380717039196,0.15609000623226166
62895.44753927873,0.1561110019683838
62895.51436151827,0.156126007437706
62895.5811837578,0.15611499547958374
62895.64800599734,0.156126007437706
62895.71482823688,0.15613999962806702
62895.78165047641,0.15614299476146698
62895.84847271595,0.15614299476146698
62895.915294955485,0.15614700317382812
62895.982117195024,0.15618200600147247
62896.048939434564,0.1561959981918335
62896.1157616741,0.15622800588607788
62896.182583913636,0.15625600516796112
62896.24940615317,0.1562809944152832
62896.31622839271,0.15629799664020538
62896.38305063225,0.15630899369716644
62896.44987287178,0.1563050001859665
62896.51669511132,0.15630899369716644
62896.58351735085,0.1563050001859665
62896.65033959039,0.15630899369716644
62896.717161829925,0.1563439965248108
62896.783984069465,0.1563510000705719
62896.850806309005,0.15636500716209412
62896.91762854854,0.15637600421905518
62896.98445078808,0.15641799569129944
62897.05127302761,0.15645399689674377
62897.11809526715,0.15644299983978271
62897.18491750669,0.15645399689674377
62897.25173974622,0.15646399557590485
62897.31856198576,0.1564749926328659
62897.385384225294,0.1564749926328659
62897.45220646483,0.15648500621318817
62897.51902870437,0.15649600327014923
62897.585850943906,0.15649999678134918
62897.652673183446,0.15650300681591034
62897.71949542298,0.15650999546051025
62897.78631766252,0.15653499960899353
62897.85313990206,0.15656299889087677
62897.91996214159,0.15657000243663788
62897.98678438113,0.156577005982399
62898.05360662066,0.15658800303936005
62898.1204288602,0.15661300718784332
62898.18725109974,0.15660600364208221
62898.254073339274,0.1565990000963211
62898.320895578814,0.15660600364208221
62898.38771781835,0.1566230058670044
62898.454540057886,0.1566379964351654
62898.52136229742,0.15665200352668762
62898.58818453696,0.1566620022058487
62898.6550067765,0.15668700635433197
62898.72182901603,0.1567090004682541
62898.78865125557,0.1567160040140152
62898.8554734951,0.1567399948835373
62898.92229573464,0.1567550003528595
62898.98911797418,0.1567620038986206
62899.055940213715,0.15676499903202057
62899.122762453255,0.15679000318050385
62899.18958469279,0.15679700672626495
62899.25640693233,0.15681900084018707
62899.32322917187,0.15682199597358704
62899.3900514114,0.1568470001220703
62899.45687365094,0.15685799717903137
62899.52369589047,0.15688200294971466
62899.59051813001,0.15690399706363678
62899.65734036955,0.15692900121212006
62899.72416260908,0.15693899989128113
62899.79098484862,0.15693899989128113
62899.857807088156,0.1569499969482422
62899.924629327696,0.15696799755096436
62899.99145156723,0.15697099268436432
62900.05827380677,0.15698599815368652
62900.12509604631,0.15701399743556976
62900.19191828584,0.15702499449253082
62900.25874052538,0.1570499986410141
62900.32556276491,0.15707799792289734
62900.39238500445,0.15710000693798065
62900.45920724399,0.15710000693798065
62900.526029483524,0.1571280062198639
62900.592851723064,0.1571349948644638
62900.6596739626,0.15714600682258606
62900.726496202136,0.15715700387954712
62900.793318441676,0.15717099606990814
62900.86014068121,0.1571889966726303
62900.92696292075,0.15721000730991364
62900.99378516028,0.15724599361419678
62901.06060739982,0.1572670042514801
62901.12742963936,0.15729199349880219
62901.19425187889,0.1573459953069687
62901.26107411843,0.15737800300121307
62901.327896357965,0.15737800300121307
62901.394718597505,0.15740300714969635
62901.461540837045,0.15742500126361847
62901.52836307658,0.15746000409126282
62901.59518531612,0.15748900175094604
62901.66200755565,0.15751099586486816
62901.72882979519,0.1575320065021515
62901.79565203472,0.15755699574947357
62901.86247427426,0.15758199989795685
62901.9292965138,0.1576250046491623
62901.99611875333,0.1576399952173233
62902.06294099287,0.15765400230884552
62902.129763232406,0.15765400230884552
62902.196585471946,0.15764999389648438
62902.263407711485,0.15767599642276764
62902.33022995102,0.15772199630737305
62902.39705219056,0.15773999691009521
62902.46387443009,0.1577650010585785
62902.53069666963,0.1577869951725006
62902.59751890917,0.15782999992370605
62902.6643411487,0.15786199271678925
62902.73116338824,0.15786999464035034
62902.797985627774,0.1578879952430725
62902.864807867314,0.15790599584579468
62902.931630106854,0.15790599584579468
62902.998452346386,0.15790599584579468
62903.065274585926,0.157927006483078
62903.13209682546,0.15796299278736115
62903.198919065,0.1579809933900833
62903.26574130453,0.15800699591636658
62903.33256354407,0.15801699459552765
62903.39938578361,0.1580680012702942
62903.46620802314,0.15811499953269958
62903.53303026268,0.15814700722694397
62903.599852502215,0.1581829935312271
62903.666674741755,0.15824100375175476
62903.733496981295,0.1582919955253601
62903.80031922083,0.15830299258232117
62903.86714146037,0.15830999612808228
62903.9339636999,0.1583459973335266
62904.00078593944,0.1583860069513321
62904.06760817898,0.1584399938583374
62904.13443041851,0.15847299993038177
62904.20125265805,0.1584949940443039
62904.26807489758,0.1585569977760315
62904.33489713712,0.1586039960384369
62904.40171937666,0.1586579978466034
62904.468541616196,0.15869499742984772
62904.535363855735,0.15873800218105316
62904.60218609527,0.15875999629497528
62904.66900833481,0.1587889939546585
62904.73583057435,0.15882599353790283
62904.80265281388,0.15882200002670288
62904.86947505342,0.15882200002670288
62904.93629729295,0.1588509976863861
62905.00311953249,0.15887700021266937
62905.069941772024,0.15890200436115265
62905.136764011564,0.1589280068874359
62905.203586251104,0.1589680016040802
62905.270408490636,0.1590230017900467
62905.337230730176,0.15906299650669098
62905.40405296971,0.1590770035982132
62905.47087520925,0.1591069996356964
62905.53769744879,0.15912500023841858
62905.60451968832,0.1591469943523407
62905.67134192786,0.159169003367424
62905.73816416739,0.15915800631046295
62905.80498640693,0.159169003367424
62905.87180864647,0.15917600691318512
62905.938630886005,0.15920500457286835
62906.005453125545,0.15921999514102936
62906.07227536508,0.15925300121307373
62906.13909760462,0.15929000079631805
62906.20591984416,0.15931500494480133
62906.27274208369,0.15932300686836243
62906.33956432323,0.15935200452804565
62906.40638656276,0.15936699509620667
62906.4732088023,0.15938100218772888
62906.54003104183,0.1594180017709732
62906.60685328137,0.15943600237369537
62906.67367552091,0.15942500531673431
62906.740497760446,0.15941399335861206
62906.807319999985,0.1594180017709732
62906.87414223952,0.15943600237369537
62906.94096447906,0.15945099294185638
62907.0077867186,0.15946200489997864
62907.07460895813,0.1594880074262619
62907.14143119767,0.15950199961662292
62907.2082534372,0.1595280021429062
62907.27507567674,0.15953899919986725
62907.34189791628,0.1595579981803894
62907.408720155814,0.15956099331378937
62907.475542395354,0.15956099331378937
62907.542364634886,0.15958699584007263
62907.609186874426,0.15957200527191162
62907.676009113966,0.15956099331378937
62907.7428313535,0.15956099331378937
62907.80965359304,0.15956899523735046
62907.87647583257,0.1595650017261505
62907.94329807211,0.15957599878311157
62908.01012031165,0.15960900485515594
62908.07694255118,0.15961599349975586
62908.14376479072,0.15963900089263916
62908.210587030255,0.15963900089263916
62908.277409269795,0.15966099500656128
62908.34423150933,0.1596830040216446
62908.41105374887,0.15971599519252777
62908.47787598841,0.15974199771881104
62908.54469822794,0.15971200168132782
62908.61152046748,0.15971599519252777
62908.67834270701,0.15972700715065002
62908.74516494655,0.15972700715065002
62908.81198718609,0.15973800420761108
62908.87880942562,0.159744992852211
62908.94563166516,0.15975600481033325
62909.012453904696,0.15977799892425537
62909.079276144235,0.15979699790477753
62909.146098383775,0.15981200337409973
62909.21292062331,0.15983399748802185
62909.27974286285,0.15985600650310516
62909.34656510238,0.15985600650310516
62909.41338734192,0.15984100103378296
62909.48020958146,0.15987099707126617
62909.54703182099,0.15988899767398834
62909.61385406053,0.15988899767398834
62909.680676300064,0.15989699959754944
62909.747498539604,0.15991100668907166
62909.814320779136,0.15992599725723267
62909.881143018676,0.15994800627231598
62909.947965258216,0.15997399389743805
62910.01478749775,0.16002200543880463
62910.08160973729,0.16003699600696564
62910.14843197682,0.16002200543880463
62910.21525421636,0.16003699600696564
62910.2820764559,0.16004100441932678
62910.34889869543,0.16005900502204895
62910.41572093497,0.1600780040025711
62910.482543174505,0.16009600460529327
62910.549365414045,0.1601410061120987
62910.616187653584,0.16015200316905975
62910.68300989312,0.16015900671482086
62910.74983213266,0.16018499433994293
62910.81665437219,0.16019999980926514
62910.88347661173,0.1602109968662262
62910.95029885127,0.16022199392318726
62911.0171210908,0.16025599837303162
62911.08394333034,0.16026300191879272
62911.15076556987,0.16027800738811493
62911.21758780941,0.16029299795627594
62911.28441004895,0.16033299267292023
62911.351232288485,0.16036300361156464
62911.418054528025,0.16037799417972565
62911.48487676756,0.16042299568653107
62911.5516990071,0.1604519933462143
62911.61852124663,0.16045600175857544
62911.68534348617,0.16045600175857544
62911.75216572571,0.1604669988155365
62911.81898796524,0.1604750007390976
62911.88581020478,0.16050399839878082
62911.952632444314,0.16052299737930298
62912.019454683854,0.16053399443626404
62912.08627692339,0.16057099401950836
62912.153099162926,0.16058599948883057
62912.219921402466,0.16061599552631378
62912.286743642,0.1606460064649582
62912.35356588154,0.16068699955940247
62912.42038812108,0.16069099307060242
62912.48721036061,0.16068300604820251
62912.55403260015,0.16069099307060242
62912.62085483968,0.16069099307060242
62912.68767707922,0.16070599853992462
62912.75449931876,0.16072799265384674
62912.821321558295,0.1607470065355301
62912.888143797834,0.1607619971036911
62912.95496603737,0.16079099476337433
62913.02178827691,0.16081400215625763
62913.088610516446,0.1608469933271408
62913.15543275598,0.160861998796463
62913.22225499552,0.1608850061893463
62913.28907723505,0.16091500222682953
62913.35589947459,0.1609179973602295
62913.42272171412,0.1609330028295517
62913.48954395366,0.1609330028295517
62913.5563661932,0.16094499826431274
62913.623188432735,0.160971000790596
62913.690010672275,0.16097499430179596
62913.75683291181,0.16099299490451813
62913.82365515135,0.16101600229740143
62913.89047739089,0.16103099286556244
62913.95729963042,0.16104599833488464
62914.02412186996,0.16107900440692902
62914.09094410949,0.16111299395561218
62914.15776634903,0.16113199293613434
62914.22458858857,0.1611730009317398
62914.291410828104,0.16118399798870087
62914.35823306764,0.161188006401062
62914.425055307176,0.1611810028553009
62914.491877546716,0.16121399402618408
62914.558699786256,0.16122199594974518
62914.62552202579,0.16124799847602844
62914.69234426533,0.16125600039958954
62914.75916650486,0.1612669974565506
62914.8259887444,0.16129299998283386
62914.89281098393,0.16132700443267822
62914.95963322347,0.16134600341320038
62915.02645546301,0.16141000390052795
62915.093277702545,0.16143999993801117
62915.160099942084,0.16146999597549438
62915.22692218162,0.16147799789905548
62915.29374442116,0.16147400438785553
62915.360566660696,0.16143999993801117
62915.42738890023,0.16145500540733337
62915.49421113977,0.16149599850177765
62915.5610333793,0.1615149974822998
62915.62785561884,0.16151900589466095
62915.69467785838,0.161530002951622
62915.76150009791,0.16154199838638306
62915.82832233745,0.16159099340438843
62915.895144576985,0.1616249978542328
62915.961966816525,0.16168099641799927
62916.028789056065,0.16172300279140472
62916.0956112956,0.16174499690532684
62916.16243353514,0.1617719978094101
62916.22925577467,0.16180600225925446
62916.29607801421,0.16179099678993225
62916.36290025375,0.1617719978094101
62916.42972249328,0.1617940068244934
62916.49654473282,0.16181300580501556
62916.563366972354,0.16181699931621552
62916.63018921189,0.16184000670909882
62916.697011451426,0.16187000274658203
62916.763833690966,0.16188199818134308
62916.830655930506,0.16189999878406525
62916.89747817004,0.1619420051574707
62916.96430040958,0.16195300221443176
62917.03112264911,0.16196900606155396
62917.09794488865,0.16198000311851501
62917.16476712819,0.16201399266719818
62917.23158936772,0.16199100017547607
62917.29841160726,0.16197599470615387
62917.365233846795,0.1619880050420761
62917.432056086334,0.16202899813652039
62917.498878325874,0.16204799711704254
62917.56570056541,0.16204799711704254
62917.632522804946,0.1620749980211258
62917.69934504448,0.1620970070362091
62917.76616728402,0.1621129959821701
62917.83298952356,0.16214300692081451
62917.89981176309,0.16217300295829773
62917.96663400263,0.16219599545001984
62918.03345624216,0.162214994430542
62918.1002784817,0.16220000386238098
62918.167100721235,0.16220399737358093
62918.233922960775,0.1622299998998642
62918.300745200315,0.1622530072927475
62918.36756743985,0.1622530072927475
62918.43438967939,0.16226500272750854
62918.50121191892,0.1622609943151474
62918.56803415846,0.1622990071773529
62918.634856398,0.16232599318027496
62918.70167863753,0.16233299672603607
62918.76850087707,0.16235600411891937
62918.835323116604,0.16237899661064148
62918.90214535614,0.16239400207996368
62918.96896759568,0.16238999366760254
62919.035789835216,0.16238999366760254
62919.102612074756,0.16237099468708038
62919.16943431429,0.16237899661064148
62919.23625655383,0.16238999366760254
62919.30307879337,0.16240499913692474
62919.3699010329,0.16241300106048584
62919.43672327244,0.1624470055103302
62919.50354551197,0.16247400641441345
62919.57036775151,0.16249699890613556
62919.63718999105,0.1625239998102188
62919.704012230584,0.16255399584770203
62919.770834470124,0.16255399584770203
62919.83765670966,0.16253499686717987
62919.904478949196,0.16254299879074097
62919.97130118873,0.16256199777126312
62920.03812342827,0.16258099675178528
62920.10494566781,0.16258500516414642
62920.17176790734,0.16257700324058533
62920.23859014688,0.16261500120162964
62920.30541238641,0.1626340001821518
62920.37223462595,0.16266100108623505
62920.43905686549,0.1626880019903183
62920.505879105025,0.1627179980278015
62920.572701344565,0.16272200644016266
62920.6395235841,0.1627179980278015
62920.70634582364,0.16273799538612366
62920.77316806318,0.16272999346256256
62920.83999030271,0.16274100542068481
62920.90681254225,0.16277199983596802
62920.97363478178,0.16279900074005127
62921.04045702132,0.16281400620937347
62921.10727926086,0.16284500062465668
62921.17410150039,0.16287900507450104
62921.24092373993,0.1628980040550232
62921.307745979466,0.1629209965467453
62921.374568219006,0.16294799745082855
62921.44139045854,0.162990003824234
62921.50821269808,0.16299399733543396
62921.57503493762,0.16296300292015076
62921.64185717715,0.16293300688266754
62921.70867941669,0.16297100484371185
62921.77550165622,0.16297900676727295
62921.84232389576,0.16298699378967285
62921.9091461353,0.1629980057477951
62921.975968374834,0.1630209982395172
62922.042790614374,0.16305600106716156
62922.10961285391,0.16309000551700592
62922.176435093446,0.16311700642108917
62922.243257332986,0.16314400732517242
62922.31007957252,0.16316300630569458
62922.37690181206,0.16317899525165558
62922.44372405159,0.16318200528621674
62922.51054629113,0.16320499777793884
62922.57736853067,0.163224995136261
62922.6441907702,0.1632400006055832
62922.71101300974,0.16325899958610535
62922.777835249275,0.1633020043373108
62922.844657488815,0.16332100331783295
62922.911479728355,0.16335199773311615
62922.97830196789,0.1634020060300827
62923.04512420743,0.16342100501060486
62923.11194644696,0.16344399750232697
62923.1787686865,0.16347099840641022
62923.24559092603,0.16348299384117126
62923.31241316557,0.16349799931049347
62923.37923540511,0.16350999474525452
62923.44605764464,0.16353699564933777
62923.51287988418,0.16355200111865997
62923.579702123716,0.16356399655342102
62923.646524363256,0.16359899938106537
62923.713346602795,0.16362600028514862
62923.78016884233,0.16363699734210968
62923.84699108187,0.16366800665855408
62923.9138133214,0.16370700299739838
62923.98063556094,0.16375400125980377
62924.04745780048,0.16378100216388702
62924.11428004001,0.16380800306797028
62924.18110227955,0.16383500397205353
62924.247924519084,0.1638229936361313
62924.314746758624,0.16383099555969238
62924.381568998164,0.16384999454021454
62924.448391237696,0.16385400295257568
62924.515213477236,0.16388100385665894
62924.58203571677,0.16390100121498108
62924.64885795631,0.16392000019550323
62924.71568019585,0.16395899653434753
62924.78250243538,0.16397100687026978
62924.84932467492,0.16399000585079193
62924.91614691445,0.16403299570083618
62924.98296915399,0.16405999660491943
62925.049791393525,0.16409100592136383
62925.116613633065,0.16410300135612488
62925.183435872605,0.16411800682544708
62925.25025811214,0.16410699486732483
62925.31708035168,0.16409899294376373
62925.38390259121,0.16412200033664703
62925.45072483075,0.16415299475193024
62925.51754707029,0.16415299475193024
62925.58436930982,0.16419200599193573
62925.65119154936,0.16421599686145782
62925.71801378889,0.16423499584197998
62925.78483602843,0.16424700617790222
62925.85165826797,0.16425900161266327
62925.918480507506,0.16429699957370758
62925.985302747045,0.16435199975967407
62926.05212498658,0.16438299417495728
62926.11894722612,0.16439500451087952
62926.18576946566,0.16441099345684052
62926.25259170519,0.16441799700260162
62926.31941394473,0.16444599628448486
62926.38623618426,0.1644809991121292
62926.4530584238,0.16451600193977356
62926.519880663334,0.1645669937133789
62926.586702902874,0.1646140068769455
62926.653525142414,0.1646299958229065
62926.720347381946,0.16468000411987305
62926.787169621486,0.16471600532531738
62926.85399186102,0.16476699709892273
62926.92081410056,0.16481000185012817
62926.9876363401,0.16482199728488922
62927.05445857963,0.16482199728488922
62927.12128081917,0.16485700011253357
62927.1881030587,0.1649080067873001
62927.25492529824,0.16493499279022217
62927.32174753778,0.1649550050497055
62927.388569777315,0.1649859994649887
62927.455392016855,0.165010005235672
62927.52221425639,0.16503000259399414
62927.58903649593,0.16506899893283844
62927.65585873547,0.16514800488948822
62927.722680975,0.16516000032424927
62927.78950321454,0.16517500579357147
62927.85632545407,0.16517500579357147
62927.92314769361,0.16519899666309357
62927.98996993315,0.16523100435733795
62928.05679217268,0.1652500033378601
62928.12361441222,0.16527000069618225
62928.190436651756,0.16530199348926544
62928.257258891295,0.16533300280570984
62928.32408113083,0.16534900665283203
62928.39090337037,0.16536499559879303
62928.45772560991,0.16539999842643738
62928.52454784944,0.1654359996318817
62928.59137008898,0.1654520034790039
62928.65819232851,0.1654440015554428
62928.72501456805,0.16545599699020386
62928.79183680759,0.16548700630664825
62928.858659047124,0.1654909998178482
62928.925481286664,0.16551099717617035
62928.992303526196,0.1655389964580536
62929.059125765736,0.16556599736213684
62929.125948005276,0.16560199856758118
62929.19277024481,0.16562999784946442
62929.25959248435,0.16564999520778656
62929.32641472388,0.16570499539375305
62929.39323696342,0.16568100452423096
62929.46005920296,0.1656849980354309
62929.52688144249,0.16569699347019196
62929.59370368203,0.1657170057296753
62929.660525921565,0.16576099395751953
62929.727348161105,0.16577599942684174
62929.79417040064,0.16576899588108063
62929.86099264018,0.16580800712108612
62929.92781487972,0.16584399342536926
62929.99463711925,0.16585199534893036
62930.06145935879,0.1658959984779358
62930.12828159832,0.1659190058708191
62930.19510383786,0.1659429967403412
62930.2619260774,0.1659349948167801
62930.32874831693,0.16593100130558014
62930.39557055647,0.16596700251102448
62930.462392796006,0.16599899530410767
62930.529215035545,0.1660030037164688
62930.596037275085,0.16600699722766876
62930.66285951462,0.16603100299835205
62930.72968175416,0.16605499386787415
62930.79650399369,0.16607899963855743
62930.86332623323,0.16610699892044067
62930.93014847277,0.16613399982452393
62930.9969707123,0.16617800295352936
62931.06379295184,0.16620199382305145
62931.130615191374,0.1662220060825348
62931.197437430914,0.16621799767017365
62931.26425967045,0.1662299931049347
62931.331081909986,0.16625399887561798
62931.397904149526,0.16627399623394012
62931.46472638906,0.16628199815750122
62931.5315486286,0.16632600128650665
62931.59837086813,0.16635799407958984
62931.66519310767,0.16639000177383423
62931.73201534721,0.16640600562095642
62931.79883758674,0.16644999384880066
62931.86565982628,0.166485995054245
62931.932482065815,0.166485995054245
62931.999304305355,0.16652600467205048
62932.066126544894,0.16652999818325043
62932.13294878443,0.16652600467205048
62932.19977102397,0.16652600467205048
62932.2665932635,0.16654199361801147
62932.33341550304,0.16656599938869476
62932.40023774258,0.16659000515937805
62932.46705998211,0.1666100025177002
62932.53388222165,0.1666419953107834
62932.60070446118,0.16667400300502777
62932.66752670072,0.1667180061340332
62932.73434894026,0.1667339950799942
62932.801171179795,0.16677099466323853
62932.867993419335,0.1668190062046051
62932.93481565887,0.166826993227005
62933.00163789841,0.16686299443244934
62933.06846013794,0.1668349951505661
62933.13528237748,0.1668429970741272
62933.20210461702,0.16687899827957153
62933.26892685655,0.16690699756145477
62933.33574909609,0.16692699491977692
62933.402571335624,0.16695599257946014
62933.469393575164,0.16698800027370453
62933.5362158147,0.16701999306678772
62933.603038054236,0.167043998837471
62933.669860293776,0.16708000004291534
62933.73668253331,0.16712500154972076
62933.80350477285,0.16714900732040405
62933.87032701239,0.16720600426197052
62933.93714925192,0.16720999777317047
62934.00397149146,0.16720999777317047
62934.07079373099,0.16724200546741486
62934.13761597053,0.1672780066728592
62934.20443821007,0.16731899976730347
62934.271260449605,0.16734300553798676
62934.338082689144,0.1673630028963089
62934.40490492868,0.16741199791431427
62934.47172716822,0.1674640029668808
62934.53854940776,0.16749699413776398
62934.60537164729,0.1675489991903305
62934.67219388683,0.16759400069713593
62934.73901612636,0.16761399805545807
62934.8058383659,0.1676589995622635
62934.87266060543,0.16767500340938568
62934.93948284497,0.16765500605106354
62935.00630508451,0.16767099499702454
62935.073127324045,0.16769999265670776
62935.139949563585,0.1677359938621521
62935.20677180312,0.1677359938621521
62935.27359404266,0.1677439957857132
62935.3404162822,0.16778500378131866
62935.40723852173,0.1678050011396408
62935.47406076127,0.16783000528812408
62935.5408830008,0.16787000000476837
62935.60770524034,0.16791099309921265
62935.67452747988,0.16793499886989594
62935.741349719414,0.1679600030183792
62935.80817195895,0.16794399917125702
62935.874994198486,0.16794000566005707
62935.941816438026,0.16794399917125702
62936.008638677566,0.16798800230026245
62936.0754609171,0.1680009961128235
62936.14228315664,0.16800500452518463
62936.20910539617,0.16802500188350677
62936.27592763571,0.16804100573062897
62936.34274987524,0.1680620014667511
62936.40957211478,0.1680860072374344
62936.47639435432,0.16811500489711761
62936.543216593855,0.1681559979915619
62936.610038833394,0.16817599534988403
62936.67686107293,0.16818399727344513
62936.74368331247,0.16818800568580627
62936.810505552006,0.1682170033454895
62936.87732779154,0.16826200485229492
62936.94415003108,0.16826599836349487
62937.01097227061,0.16829900443553925
62937.07779451015,0.16833999752998352
62937.14461674969,0.16839300096035004
62937.21143898922,0.16841700673103333
62937.27826122876,0.1684499979019165
62937.345083468295,0.16849100589752197
62937.411905707835,0.16849499940872192
62937.478727947375,0.16849100589752197
62937.54555018691,0.16849100589752197
62937.61237242645,0.1685120016336441
62937.67919466598,0.1685280054807663
62937.74601690552,0.16857700049877167
62937.81283914506,0.16857700049877167
62937.87966138459,0.16859400272369385
62937.94648362413,0.16864299774169922
62938.013305863664,0.16867199540138245
62938.0801281032,0.16869600117206573
62938.146950342736,0.168721005320549
62938.213772582276,0.1687539964914322
62938.280594821816,0.1687539964914322
62938.34741706135,0.16873799264431
62938.41423930089,0.16875800490379333
62938.48106154042,0.16878700256347656
62938.54788377996,0.1687989979982376
62938.6147060195,0.1688079982995987
62938.68152825903,0.16884900629520416
62938.74835049857,0.1688770055770874
62938.815172738105,0.1688770055770874
62938.881994977644,0.1688939929008484
62938.948817217184,0.1689230054616928
62939.01563945672,0.16894300282001495
62939.082461696256,0.16896399855613708
62939.14928393579,0.16896399855613708
62939.21610617533,0.16898100078105927
62939.28292841487,0.16900500655174255
62939.3497506544,0.16903400421142578
62939.41657289394,0.1690549999475479
62939.48339513347,0.16904699802398682
62939.55021737301,0.169063001871109
62939.61703961255,0.16910399496555328
62939.683861852085,0.16912899911403656
62939.750684091625,0.1691579967737198
62939.81750633116,0.1691790074110031
62939.8843285707,0.16921600699424744
62939.95115081023,0.16922399401664734
62940.01797304977,0.16923199594020844
62940.08479528931,0.16924099624156952
62940.15161752884,0.1692740023136139
62940.21843976838,0.16928599774837494
62940.285262007914,0.16930699348449707
62940.35208424745,0.16933199763298035
62940.41890648699,0.16935700178146362
62940.485728726526,0.16938099265098572
62940.552550966066,0.1693979948759079
62940.6193732056,0.16943100094795227
62940.68619544514,0.16948500275611877
62940.75301768468,0.16951799392700195
62940.81983992421,0.16952699422836304
62940.88666216375,0.169514000415802
62940.95348440328,0.16951799392700195
62941.02030664282,0.16952699422836304
62941.08712888236,0.16957199573516846
62941.153951121894,0.16960999369621277
62941.220773361434,0.1696300059556961
62941.28759560097,0.1696300059556961
62941.354417840506,0.16966000199317932
62941.42124008004,0.16967999935150146
62941.48806231958,0.1696929931640625
62941.55488455912,0.16973400115966797
62941.62170679865,0.16977599263191223
62941.68852903819,0.1698179990053177
62941.75535127772,0.16982999444007874
62941.82217351726,0.16979700326919556
62941.8889957568,0.1698089987039566
62941.955817996335,0.16982999444007874
62942.022640235875,0.1698630005121231
62942.08946247541,0.16989700496196747
62942.15628471495,0.16991299390792847
62942.22310695449,0.16994699835777283
62942.28992919402,0.16996799409389496
62942.35675143356,0.16998900473117828
62942.42357367309,0.17002199590206146
62942.49039591263,0.17005500197410583
62942.55721815217,0.17006799578666687
62942.6240403917,0.17010100185871124
62942.69086263124,0.1700890064239502
62942.757684870776,0.17007599771022797
62942.824507110316,0.1701049953699112
62942.891329349855,0.1701350063085556
62942.95815158939,0.17015600204467773
62943.02497382893,0.17016400396823883
62943.09179606846,0.17016400396823883
62943.158618308,0.17020200192928314
62943.22544054753,0.17021000385284424
62943.29226278707,0.1702519953250885
62943.35908502661,0.17032299935817719
62943.425907266144,0.17034000158309937
62943.492729505684,0.1703149974346161
62943.55955174522,0.17033599317073822
62943.626373984756,0.1703689992427826
62943.693196224296,0.17038999497890472
62943.76001846383,0.17042799293994904
62943.82684070337,0.17044000327587128
62943.8936629429,0.17045700550079346
62943.96048518244,0.17049500346183777
62944.02730742198,0.17051999270915985
62944.09412966151,0.17055000364780426
62944.16095190105,0.17058299481868744
62944.227774140585,0.17059199512004852
62944.294596380125,0.17060799896717072
62944.361418619665,0.17060799896717072
62944.4282408592,0.1706169992685318
62944.49506309874,0.17062899470329285
62944.56188533827,0.17064200341701508
62944.62870757781,0.17068399488925934
62944.69552981734,0.1707179993391037
62944.76235205688,0.17076000571250916
62944.82917429642,0.17080600559711456
62944.89599653595,0.17084400355815887
62944.96281877549,0.17086899280548096
62945.029641015026,0.17091600596904755
62945.096463254566,0.17092399299144745
62945.163285494105,0.17095400393009186
62945.23010773364,0.17097899317741394
62945.29692997318,0.17100399732589722
62945.36375221271,0.17104700207710266
62945.43057445225,0.17110200226306915
62945.49739669179,0.17114000022411346
62945.56421893132,0.17117400467395782
62945.63104117086,0.17122399806976318
62945.697863410394,0.17127099633216858
62945.764685649934,0.1712840050458908
62945.831507889474,0.17131799459457397
62945.898330129006,0.17133000493049622
62945.965152368546,0.17136000096797943
62946.03197460808,0.17138099670410156
62946.09879684762,0.1713940054178238
62946.16561908716,0.1714020073413849
62946.23244132669,0.171424001455307
62946.29926356623,0.17146199941635132
62946.36608580576,0.17149999737739563
62946.4329080453,0.17150400578975677
62946.499730284835,0.17154699563980103
62946.566552524375,0.17158499360084534
62946.633374763915,0.17160600423812866
62946.70019700345,0.17162300646305084
62946.76701924299,0.17162300646305084
62946.83384148252,0.17163200676441193
62946.90066372206,0.17163999378681183
62946.9674859616,0.171656996011734
62947.03430820113,0.17168700695037842
62947.10113044067,0.1717129945755005
62947.1679526802,0.1717420071363449
62947.23477491974,0.17175500094890594
62947.30159715928,0.17177200317382812
62947.368419398816,0.1717890053987503
62947.435241638355,0.1718360036611557
62947.50206387789,0.17185799777507782
62947.56888611743,0.17186200618743896
62947.63570835697,0.17186200618743896
62947.7025305965,0.1718830019235611
62947.76935283604,0.17190000414848328
62947.83617507557,0.17190900444984436
62947.90299731511,0.17192600667476654
62947.969819554644,0.1719689965248108
62948.036641794184,0.17198599874973297
62948.103464033724,0.17201100289821625
62948.170286273256,0.17203299701213837
62948.237108512796,0.1720450073480606
62948.30393075233,0.17209699749946594
62948.37075299187,0.17214399576187134
62948.43757523141,0.1721400022506714
62948.50439747094,0.1721310019493103
62948.57121971048,0.17214800417423248
62948.63804195001,0.17216899991035461
62948.70486418955,0.17220400273799896
62948.77168642909,0.17222100496292114
62948.838508668625,0.17223399877548218
62948.905330908165,0.1722719967365265
62948.9721531477,0.17229799926280975
62949.03897538724,0.17231899499893188
62949.10579762678,0.17236700654029846
62949.17261986631,0.1724099963903427
62949.23944210585,0.1724269986152649
62949.30626434538,0.1724649965763092
62949.37308658492,0.17246100306510925
62949.43990882446,0.17243100702762604
62949.50673106399,0.17244799435138702
62949.57355330353,0.1724739968776703
62949.640375543066,0.17250800132751465
62949.707197782605,0.17253799736499786
62949.77402002214,0.1725510060787201
62949.84084226168,0.17259900271892548
62949.90766450122,0.17263300716876984
62949.97448674075,0.172666996717453
62950.04130898029,0.1726759970188141
62950.10813121982,0.17271099984645844
62950.17495345936,0.17274899780750275
62950.2417756989,0.1727840006351471
62950.308597938434,0.17280100286006927
62950.375420177974,0.17280499637126923
62950.442242417506,0.17283999919891357
62950.509064657046,0.17287899553775787
62950.575886896586,0.17292200028896332
62950.64270913612,0.17296500504016876
62950.70953137566,0.17299099266529083
62950.77635361519,0.17303000390529633
62950.84317585473,0.1730780005455017
62950.90999809427,0.17313799262046814
62950.9768203338,0.1731729954481125
62951.04364257334,0.1731940060853958
62951.110464812875,0.17321999371051788
62951.177287052415,0.17324599623680115
62951.24410929195,0.17326800525188446
62951.31093153149,0.17328499257564545
62951.37775377103,0.17329800128936768
62951.44457601056,0.1733109951019287
62951.5113982501,0.17331600189208984
62951.57822048963,0.17334599792957306
62951.64504272917,0.17336399853229523
62951.71186496871,0.1733980029821396
62951.77868720824,0.1734199970960617
62951.84550944778,0.17344200611114502
62951.912331687316,0.1734980046749115
62951.979153926855,0.17352400720119476
62952.045976166395,0.17356300354003906
62952.11279840593,0.17356300354003906
62952.17962064547,0.17355899512767792
62952.246442885,0.17355899512767792
62952.31326512454,0.17359399795532227
62952.38008736408,0.17360299825668335
62952.44690960361,0.17361100018024445
62952.51373184315,0.17364199459552765
62952.580554082684,0.17365500330924988
62952.647376322224,0.173676997423172
62952.71419856176,0.1737069934606552
62952.781020801296,0.17371100187301636
62952.847843040836,0.17373299598693848
62952.91466528037,0.17377200722694397
62952.98148751991,0.1737769991159439
62953.04830975944,0.1737550050020218
62953.11513199898,0.17375899851322174
62953.18195423852,0.173785999417305
62953.24877647805,0.1738249957561493
62953.31559871759,0.17382000386714935
62953.382420957125,0.17383399605751038
62953.449243196665,0.17385999858379364
62953.516065436204,0.1738860011100769
62953.58288767574,0.1738860011100769
62953.64970991528,0.17392100393772125
62953.71653215481,0.17393800616264343
62953.78335439435,0.17395099997520447
62953.85017663389,0.17395099997520447
62953.91699887342,0.17396900057792664
62953.98382111296,0.17400400340557098
62954.05064335249,0.17401699721813202
62954.11746559203,0.1740259975194931
62954.18428783157,0.17405200004577637
62954.251110071105,0.17407800257205963
62954.317932310645,0.1740960031747818
62954.38475455018,0.17412599921226501
62954.45157678972,0.17417499423027039
62954.51839902926,0.1741970032453537
62954.58522126879,0.17418800294399261
62954.65204350833,0.17417900264263153
62954.71886574786,0.17422300577163696
62954.7856879874,0.174235999584198
62954.852510226934,0.17425799369812012
62954.919332466474,0.17429299652576447
62954.98615470601,0.1743279993534088
62955.052976945546,0.17435400187969208
62955.119799185086,0.1743900030851364
62955.18662142462,0.1744289994239807
62955.25344366416,0.17444700002670288
62955.3202659037,0.174468994140625
62955.38708814323,0.1744769960641861
62955.45391038277,0.17448200285434723
62955.5207326223,0.1744769960641861
62955.58755486184,0.1745080053806305
62955.65437710138,0.17454299330711365
62955.721199340915,0.17458300292491913
62955.788021580454,0.1746090054512024
62955.85484381999,0.17466199398040771
62955.92166605953,0.1747020035982132
62955.98848829907,0.17473700642585754
62956.0553105386,0.1747719943523407
62956.12213277814,0.17478600144386292
62956.18895501767,0.17479899525642395
62956.25577725721,0.17480799555778503
62956.32259949674,0.17483900487422943
62956.38942173628,0.17484299838542938
62956.45624397582,0.17487399280071259
62956.523066215355,0.17490899562835693
62956.589888454895,0.17494000494480133
62956.65671069443,0.17497600615024567
62956.72353293397,0.17500199377536774
62956.79035517351,0.17502400279045105
62956.85717741304,0.17506900429725647
62956.92399965258,0.17508600652217865
62956.99082189211,0.17511700093746185
62957.05764413165,0.17513899505138397
62957.12446637119,0.17513899505138397
62957.191288610724,0.1751440018415451
62957.25811085026,0.17515699565410614
62957.324933089796,0.1751839965581894
62957.391755329336,0.17521899938583374
62957.458577568876,0.17524099349975586
62957.52539980841,0.17526400089263916
62957.59222204795,0.17529000341892242
62957.65904428748,0.17532600462436676
62957.72586652702,0.175369992852211
62957.79268876656,0.17541000247001648
62957.85951100609,0.17542800307273865
62957.92633324563,0.175463005900383
62957.993155485165,0.17549000680446625
62958.059977724704,0.1754940003156662
62958.12679996424,0.17549000680446625
62958.19362220378,0.17551200091838837
62958.26044444332,0.1755480021238327
62958.32726668285,0.17556600272655487
62958.39408892239,0.17559200525283813
62958.46091116192,0.17563700675964355
62958.52773340146,0.17568999528884888
62958.594555641,0.17569500207901
62958.66137788053,0.17572200298309326
62958.72820012007,0.17575299739837646
62958.795022359605,0.17577099800109863
62958.861844599145,0.17578400671482086
62958.928666838685,0.17578400671482086
62958.99548907822,0.17581500113010406
62959.06231131776,0.1758510023355484
62959.12913355729,0.17586900293827057
62959.19595579683,0.17590899765491486
62959.26277803637,0.17593100666999817
62959.3296002759,0.1759359985589981
62959.39642251544,0.1759759932756424
62959.463244754974,0.17602500319480896
62959.53006699451,0.1760610044002533
62959.596889234046,0.1761150062084198
62959.663711473586,0.17615999281406403
62959.730533713126,0.17618699371814728
62959.79735595266,0.1762090027332306
62959.8641781922,0.1762309968471527
62959.93100043173,0.17626699805259705
62959.99782267127,0.17630299925804138
62960.06464491081,0.17632099986076355
62960.13146715034,0.1763480007648468
62960.19828938988,0.17640699446201324
62960.265111629415,0.1764560043811798
62960.331933868954,0.176486998796463
62960.398756108494,0.17653700709342957
62960.46557834803,0.176596000790596
62960.53240058757,0.1766359955072403
62960.5992228271,0.1766500025987625
62960.66604506664,0.1766590029001236
62960.73286730618,0.17665399610996246
62960.79968954571,0.1766590029001236
62960.86651178525,0.17667199671268463
62960.93333402478,0.17668600380420685
62961.00015626432,0.17670799791812897
62961.06697850386,0.17671699821949005
62961.133800743395,0.17676199972629547
62961.200622982935,0.17681199312210083
62961.26744522247,0.17684400081634521
62961.33426746201,0.17686200141906738
62961.40108970154,0.17688000202178955
62961.46791194108,0.17687499523162842
62961.53473418062,0.1769160032272339
62961.60155642015,0.17692899703979492
62961.66837865969,0.1769160032272339
62961.735200899224,0.17692500352859497
62961.80202313876,0.17695200443267822
62961.8688453783,0.17696599662303925
62961.935667617836,0.17699700593948364
62962.002489857376,0.1770150065422058
62962.06931209691,0.17702899873256683
62962.13613433645,0.17706100642681122
62962.20295657599,0.17706100642681122
62962.26977881552,0.17708300054073334
62962.33660105506,0.17709699273109436
62962.40342329459,0.17711499333381653
62962.47024553413,0.1771470010280609
62962.53706777367,0.17712000012397766
62962.603890013204,0.1771239936351776
62962.670712252744,0.1771329939365387
62962.73753449228,0.17716500163078308
62962.80435673182,0.17719200253486633
62962.87117897135,0.17721900343894958
62962.93800121089,0.17723700404167175
62963.00482345043,0.17725999653339386
62963.07164568996,0.1773100048303604
62963.1384679295,0.1773190051317215
62963.20529016903,0.17733700573444366
62963.27211240857,0.17733700573444366
62963.33893464811,0.1773419976234436
62963.405756887645,0.1773419976234436
62963.472579127185,0.17736899852752686
62963.53940136672,0.1773959994316101
62963.60622360626,0.1774280071258545
62963.6730458458,0.17743299901485443
62963.73986808533,0.17746399343013763
62963.80669032487,0.17749199271202087
62963.8735125644,0.1775279939174652
62963.94033480394,0.17756499350070953
62964.00715704348,0.17756900191307068
62964.07397928301,0.1775829941034317
62964.14080152255,0.17758700251579285
62964.207623762086,0.17759600281715393
62964.274446001626,0.17760999500751495
62964.341268241165,0.17764200270175934
62964.4080904807,0.17765599489212036
62964.47491272024,0.1776829957962036
62964.54173495977,0.17772400379180908
62964.60855719931,0.1777700036764145
62964.67537943884,0.17782500386238098
62964.74220167838,0.17786599695682526
62964.80902391792,0.17790700495243073
62964.875846157454,0.17792999744415283
62964.942668396994,0.17795200645923615
62965.00949063653,0.17798000574111938
62965.07631287607,0.1780260056257248
62965.143135115606,0.17806200683116913
62965.20995735514,0.17808100581169128
62965.27677959468,0.17813600599765778
62965.34360183421,0.17815899848937988
62965.41042407375,0.17820000648498535
62965.47724631329,0.17826400697231293
62965.54406855282,0.1783050000667572
62965.61089079236,0.1783279925584793
62965.677713031895,0.17836500704288483
62965.744535271435,0.1783740073442459
62965.811357510975,0.17838799953460693
62965.87817975051,0.1784060001373291
62965.94500199005,0.17841100692749023
62966.01182422958,0.17843399941921234
62966.07864646912,0.1784520000219345
62966.14546870865,0.17847099900245667
62966.21229094819,0.17851200699806213
62966.27911318773,0.17853499948978424
62966.34593542726,0.1785770058631897
62966.4127576668,0.1786089986562729
62966.479579906336,0.17863699793815613
62966.546402145876,0.17868700623512268
62966.613224385415,0.17868700623512268
62966.68004662495,0.17868700623512268
62966.74686886449,0.17868299782276154
62966.81369110402,0.17870600521564484
62966.88051334356,0.1787469983100891
62966.9473355831,0.17877499759197235
62967.01415782263,0.17878399789333344
62967.08098006217,0.17881600558757782
62967.147802301704,0.17883999645709991
62967.214624541244,0.17887599766254425
62967.281446780784,0.1788949966430664
62967.34826902032,0.1789270043373108
62967.415091259856,0.17895500361919403
62967.48191349939,0.17895999550819397
62967.54873573893,0.17896400392055511
62967.61555797847,0.17896400392055511
62967.682380218,0.17896899580955505
62967.74920245754,0.17900100350379944
62967.81602469707,0.17901499569416046
62967.88284693661,0.17904800176620483
62967.949669176145,0.17907500267028809
62968.016491415685,0.1791359931230545
62968.083313655225,0.1791590005159378
62968.15013589476,0.179190993309021
62968.2169581343,0.17918699979782104
62968.28378037383,0.17920100688934326
62968.35060261337,0.17924199998378754
62968.41742485291,0.179284006357193
62968.48424709244,0.17926999926567078
62968.55106933198,0.17930300533771515
62968.61789157151,0.17931200563907623
62968.68471381105,0.17931699752807617
62968.75153605059,0.17936299741268158
62968.818358290126,0.179408997297287
62968.885180529665,0.17944200336933136
62968.9520027692,0.17946100234985352
62969.01882500874,0.1794700026512146
62969.08564724828,0.1795019954442978
62969.15246948781,0.17955400049686432
62969.21929172735,0.1795720010995865
62969.28611396688,0.17957699298858643
62969.35293620642,0.17959100008010864
62969.41975844596,0.17959100008010864
62969.486580685494,0.17960500717163086
62969.553402925034,0.17964699864387512
62969.62022516457,0.1796649992465973
62969.687047404106,0.17969800531864166
62969.75386964364,0.17973999679088593
62969.82069188318,0.17976300418376923
62969.88751412272,0.1797959953546524
62969.95433636225,0.1798049956560135
62970.02115860179,0.17982399463653564
62970.08798084132,0.17987599968910217
62970.15480308086,0.1799039989709854
62970.2216253204,0.17991800606250763
62970.288447559935,0.17994099855422974
62970.355269799475,0.17994099855422974
62970.42209203901,0.17994099855422974
62970.48891427855,0.1799830049276352
62970.55573651809,0.17999699711799622
62970.62255875762,0.18002499639987946
62970.68938099716,0.1800439953804016
62970.75620323669,0.18006299436092377
62970.82302547623,0.1800999939441681
62970.88984771577,0.18010899424552917
62970.9566699553,0.18013300001621246
62971.02349219484,0.1801699995994568
62971.090314434376,0.18018899857997894
62971.157136673915,0.18019400537014008
62971.22395891345,0.18018899857997894
62971.29078115299,0.18020300567150116
62971.35760339253,0.18024499714374542
62971.42442563206,0.18027399480342865
62971.4912478716,0.18030600249767303
62971.55807011113,0.1803250014781952
62971.62489235067,0.18034400045871735
62971.69171459021,0.18039600551128387
62971.758536829744,0.18042400479316711
62971.825359069284,0.1804569959640503
62971.892181308816,0.1804800033569336
62971.959003548356,0.18047599494457245
62972.025825787896,0.1804710030555725
62972.09264802743,0.18052299320697784
62972.15947026697,0.18055100739002228
62972.2262925065,0.18057000637054443
62972.29311474604,0.18058399856090546
62972.35993698558,0.18063600361347198
62972.42675922511,0.18064500391483307
62972.49358146465,0.18066899478435516
62972.560403704185,0.18071599304676056
62972.627225943725,0.180744007229805
62972.694048183264,0.1807820051908493
62972.7608704228,0.18081499636173248
62972.82769266234,0.18084299564361572
62972.89451490187,0.1808760017156601
62972.96133714141,0.1809139996767044
62973.02815938094,0.18095700442790985
62973.09498162048,0.1809989959001541
62973.16180386002,0.1810320019721985
62973.22862609955,0.1810609996318817
62973.29544833909,0.18113699555397034
62973.362270578626,0.18118900060653687
62973.429092818165,0.1812410056591034
62973.495915057705,0.18126000463962555
62973.56273729724,0.18128399550914764
62973.62955953678,0.1813410073518753
62973.69638177631,0.1813639998435974
62973.76320401585,0.18143099546432495
62973.83002625539,0.18146400153636932
62973.89684849492,0.1814880073070526
62973.96367073446,0.18151600658893585
62974.030492973994,0.18156899511814117
62974.097315213534,0.18161199986934662
62974.16413745307,0.18167799711227417
62974.230959692606,0.18173100054264069
62974.297781932146,0.18173600733280182
62974.36460417168,0.18175500631332397
62974.43142641122,0.18181200325489044
62974.49824865075,0.18184499442577362
62974.56507089029,0.1819169968366623
62974.63189312983,0.18199299275875092
62974.69871536936,0.18206000328063965
62974.7655376089,0.1822430044412613
62974.832359848435,0.1824059933423996
62974.899182087975,0.18253099918365479
62974.966004327514,0.18261300027370453
62975.03282656705,0.1827089935541153
62975.09964880659,0.18279600143432617
62975.16647104612,0.18284399807453156
62975.23329328566,0.182888001203537
62975.3001155252,0.18293100595474243
62975.36693776473,0.18299399316310883
62975.43376000427,0.18302300572395325
62975.5005822438,0.1830810010433197
62975.56740448334,0.18310999870300293
62975.63422672288,0.18317300081253052
62975.701048962415,0.18323099613189697
62975.767871201955,0.1832749992609024
62975.83469344149,0.18332800269126892
62975.90151568103,0.1833769977092743
62975.96833792057,0.18343999981880188
62976.0351601601,0.183445006608963
62976.10198239964,0.18345899879932404
62976.16880463917,0.1834689974784851
62976.23562687871,0.18355199694633484
62976.302449118244,0.1836639940738678
62976.369271357784,0.18374699354171753
62976.43609359732,0.18385900557041168
62976.502915836856,0.184005007147789
62976.569738076396,0.18408900499343872
62976.63656031593,0.18417200446128845
62976.70338255547,0.1842159926891327
62976.77020479501,0.18426500260829926
62976.83702703454,0.18427500128746033
62976.90384927408,0.18424999713897705
62976.97067151361,0.18424999713897705
62977.03749375315,0.18427999317646027
62977.10431599269,0.18432900309562683
62977.171138232225,0.18431900441646576
62977.237960471764,0.18435800075531006
62977.3047827113,0.18438799679279327
62977.37160495084,0.18442200124263763
62977.43842719038,0.184456005692482
62977.50524942991,0.18449099361896515
62977.57207166945,0.18450500071048737
62977.63889390898,0.1845400035381317
62977.70571614852,0.18454499542713165
62977.77253838805,0.18454499542713165
62977.83936062759,0.18455000221729279
62977.90618286713,0.18458400666713715
62977.973005106665,0.1846040040254593
62978.039827346205,0.18463799357414246
62978.10664958574,0.1846580058336258
62978.17347182528,0.18467800319194794
62978.24029406482,0.18472200632095337
62978.30711630435,0.18476100265979767
62978.37393854389,0.18479600548744202
62978.44076078342,0.18482999503612518
62978.50758302296,0.1848600059747696
62978.5744052625,0.18491899967193604
62978.641227502034,0.1849689930677414
62978.70804974157,0.18498800694942474
62978.774871981106,0.18498800694942474
62978.841694220646,0.1850080043077469
62978.908516460186,0.18502800166606903
62978.97533869972,0.18505799770355225
62979.04216093926,0.18506300449371338
62979.10898317879,0.18507300317287445
62979.17580541833,0.18511199951171875
62979.24262765787,0.18515199422836304
62979.3094498974,0.1851619929075241
62979.37627213694,0.18518100678920746
62979.443094376475,0.18520599603652954
62979.509916616014,0.18522599339485168
62979.57673885555,0.18526099622249603
62979.64356109509,0.18526099622249603
62979.71038333463,0.18526600301265717
62979.77720557416,0.18528500199317932
62979.8440278137,0.1852950006723404
62979.91085005323,0.18531499803066254
62979.97767229277,0.18534499406814575
62980.04449453231,0.18538500368595123
62980.11131677184,0.18538500368595123
62980.17813901138,0.18539999425411224
62980.244961250915,0.18542900681495667
62980.311783490455,0.1854739934206009
62980.378605729995,0.1854739934206009
62980.44542796953,0.18543900549411774
62980.51225020907,0.18543900549411774
62980.5790724486,0.18547900021076202
62980.64589468814,0.18553400039672852
62980.71271692768,0.18555399775505066
62980.77953916721,0.18558800220489502
62980.84636140675,0.1856279969215393
62980.913183646284,0.18564799427986145
62980.98000588582,0.18565799295902252
62981.046828125356,0.18565799295902252
62981.113650364896,0.18568800389766693
62981.180472604436,0.18570800125598907
62981.24729484397,0.18572799861431122
62981.31411708351,0.1857379972934723
62981.38093932304,0.18577800691127777
62981.44776156258,0.18576300144195557
62981.51458380212,0.1857679933309555
62981.58140604165,0.18579800426959991
62981.64822828119,0.18584699928760529
62981.715050520725,0.18584699928760529
62981.781872760264,0.18585699796676636
62981.848694999804,0.18588200211524963
62981.91551723934,0.1858920007944107
62981.98233947888,0.18591199815273285
62982.04916171841,0.18592700362205505
62982.11598395795,0.185931995511055
62982.18280619749,0.18596699833869934
62982.24962843702,0.18599200248718262
62982.31645067656,0.18599699437618256
62982.38327291609,0.18598699569702148
62982.45009515563,0.18600699305534363
62982.51691739517,0.18602700531482697
62982.583739634705,0.18605199456214905
62982.650561874245,0.18607699871063232
62982.71738411378,0.18609200417995453
62982.78420635332,0.1861169934272766
62982.85102859285,0.1861419975757599
62982.91785083239,0.18614700436592102
62982.98467307193,0.18617700040340424
62983.05149531146,0.18619699776172638
62983.118317551,0.18623200058937073
62983.185139790534,0.18621200323104858
62983.25196203007,0.18620699644088745
62983.31878426961,0.18621200323104858
62983.385606509146,0.18624700605869293
62983.452428748686,0.18624700605869293
62983.51925098822,0.18625199794769287
62983.58607322776,0.1862969994544983
62983.6528954673,0.18633300065994263
62983.71971770683,0.18638299405574799
62983.78653994637,0.18640300631523132
62983.8533621859,0.18638299405574799
62983.92018442544,0.18640300631523132
62983.98700666498,0.18638800084590912
62984.053828904514,0.1863979995250702
62984.120651144054,0.18642300367355347
62984.18747338359,0.1864430010318756
62984.25429562313,0.1864430010318756
62984.321117862666,0.1864680051803589
62984.3879401022,0.18649299442768097
62984.45476234174,0.18651799857616425
62984.52158458127,0.18654799461364746
62984.58840682081,0.18655799329280853
62984.65522906034,0.18658900260925293
62984.72205129988,0.1865839958190918
62984.78887353942,0.1865839958190918
62984.855695778955,0.18660899996757507
62984.922518018495,0.18662400543689728
62984.98934025803,0.18664400279521942
62985.05616249757,0.18664400279521942
62985.12298473711,0.18669399619102478
62985.18980697664,0.18670900166034698
62985.25662921618,0.18672899901866913
62985.32345145571,0.18676500022411346
62985.39027369525,0.1867849975824356
62985.45709593479,0.18679499626159668
62985.52391817432,0.18682000041007996
62985.59074041386,0.18684999644756317
62985.657562653396,0.18686099350452423
62985.724384892936,0.18686600029468536
62985.791207132475,0.1868859976530075
62985.85802937201,0.1869010031223297
62985.92485161155,0.18693099915981293
62985.99167385108,0.18696600198745728
62986.05849609062,0.18700699508190155
62986.12531833015,0.18703199923038483
62986.19214056969,0.1870419979095459
62986.25896280923,0.18707799911499023
62986.325785048764,0.18711300194263458
62986.392607288304,0.1871030032634735
62986.45942952784,0.1871030032634735
62986.52625176738,0.18712300062179565
62986.593074006916,0.18715299665927887
62986.65989624645,0.18715299665927887
62986.72671848599,0.18716900050640106
62986.79354072552,0.18720899522304535
62986.86036296506,0.18723900616168976
62986.9271852046,0.18726499378681183
62986.99400744413,0.1872750073671341
62987.06082968367,0.18729999661445618
62987.127651923205,0.18734100461006165
62987.194474162745,0.18735599517822266
62987.261296402285,0.18738099932670593
62987.32811864182,0.18740199506282806
62987.39494088136,0.18737100064754486
62987.46176312089,0.18738600611686707
62987.52858536043,0.18741199374198914
62987.59540759997,0.18744699656963348
62987.6622298395,0.1874369978904724
62987.72905207904,0.18747800588607788
62987.79587431857,0.18751800060272217
62987.86269655811,0.18751800060272217
62987.929518797646,0.18752899765968323
62987.996341037186,0.1875540018081665
62988.063163276725,0.18759499490261078
62988.12998551626,0.18762999773025513
62988.1968077558,0.18767599761486053
62988.26362999533,0.1876710057258606
62988.33045223487,0.1876710057258606
62988.39727447441,0.18769100308418274
62988.46409671394,0.18769599497318268
62988.53091895348,0.18771199882030487
62988.597741193014,0.18773700296878815
62988.664563432554,0.18777799606323242
62988.731385672094,0.1878180056810379
62988.79820791163,0.18782900273799896
62988.865030151166,0.18787400424480438
62988.9318523907,0.18790000677108765
62988.99867463024,0.1879200041294098
62989.06549686978,0.18795600533485413
62989.13231910931,0.1879819929599762
62989.19914134885,0.18796099722385406
62989.26596358838,0.1879660040140152
62989.33278582792,0.18801699578762054
62989.399608067455,0.18804800510406494
62989.466430306995,0.188073992729187
62989.533252546535,0.18808400630950928
62989.60007478607,0.1881140023469925
62989.66689702561,0.1881760060787201
62989.73371926514,0.18821200728416443
62989.80054150468,0.18824699521064758
62989.86736374422,0.18824200332164764
62989.93418598375,0.18827299773693085
62990.00100822329,0.18827800452709198
62990.06783046282,0.1883240044116974
62990.13465270236,0.18833400309085846
62990.2014749419,0.18833400309085846
62990.268297181436,0.18836499750614166
62990.335119420975,0.18841099739074707
62990.40194166051,0.18843699991703033
62990.46876390005,0.1884319931268692
62990.53558613959,0.18845699727535248
62990.60240837912,0.18851399421691895
62990.66923061866,0.18852899968624115
62990.73605285819,0.18854999542236328
62990.80287509773,0.18857499957084656
62990.86969733727,0.18859100341796875
62990.936519576804,0.18862199783325195
62991.003341816344,0.18864700198173523
62991.07016405588,0.18864700198173523
62991.136986295416,0.1886419951915741
62991.20380853495,0.18864700198173523
62991.27063077449,0.18866799771785736
62991.33745301403,0.18868300318717957
62991.40427525356,0.1886730045080185
62991.4710974931,0.18869400024414062
62991.53791973263,0.18872499465942383
62991.60474197217,0.18872499465942383
62991.67156421171,0.1887039989233017
62991.738386451245,0.1887190043926239
62991.805208690785,0.18880200386047363
62991.87203093032,0.18883800506591797
62991.93885316986,0.18886899948120117
62992.0056754094,0.18887899816036224
62992.07249764893,0.1888429969549179
62992.13931988847,0.1888740062713623
62992.206142128,0.18889400362968445
62992.27296436754,0.18891499936580658
62992.33978660708,0.18894599378108978
62992.40660884661,0.18898199498653412
62992.47343108615,0.18898199498653412
62992.540253325686,0.1889979988336563
62992.607075565225,0.18901300430297852
62992.67389780476,0.18904900550842285
62992.7407200443,0.18903900682926178
62992.80754228384,0.18907499313354492
62992.87436452337,0.18910600244998932
62992.94118676291,0.18909600377082825
62993.00800900244,0.18907999992370605
62993.07483124198,0.18907999992370605
62993.14165348152,0.18910099565982819
62993.208475721054,0.18907999992370605
62993.275297960594,0.18911099433898926
62993.34212020013,0.1891629993915558
62993.408942439666,0.1892089992761612
62993.475764679206,0.18923500180244446
62993.54258691874,0.1892250031232834
62993.60940915828,0.1892399936914444
62993.67623139781,0.18928200006484985
62993.74305363735,0.18927599489688873
62993.80987587689,0.1892399936914444
62993.87669811642,0.18923500180244446
62993.94352035596,0.18926599621772766
62994.010342595495,0.189301997423172
62994.077164835035,0.18932299315929413
62994.143987074574,0.1893640011548996
62994.21080931411,0.1893959939479828
62994.27763155365,0.189410999417305
62994.34445379318,0.1894419938325882
62994.41127603272,0.1894579976797104
62994.47809827225,0.18946300446987152
62994.54492051179,0.18946799635887146
62994.61174275133,0.18946799635887146
62994.67856499086,0.18947799503803253
62994.7453872304,0.18949399888515472
62994.812209469936,0.18951000273227692
62994.879031709475,0.18953600525856018
62994.945853949015,0.189520001411438
62995.01267618855,0.18953600525856018
62995.07949842809,0.1895820051431656
62995.14632066762,0.1896129995584488
62995.21314290716,0.18963399529457092
62995.2799651467,0.18966500461101532
62995.34678738623,0.18970200419425964
62995.41360962577,0.18974800407886505
62995.480431865304,0.1897220015525818
62995.547254104844,0.18970200419425964
62995.614076344384,0.18976399302482605
62995.680898583916,0.18975399434566498
62995.747720823456,0.18978500366210938
62995.81454306299,0.1898210048675537
62995.88136530253,0.1898369938135147
62995.94818754207,0.18987299501895905
62996.0150097816,0.18992500007152557
62996.08183202114,0.18993599712848663
62996.14865426067,0.18995100259780884
62996.21547650021,0.18998299539089203
62996.282298739745,0.18998800218105316
62996.349120979285,0.18998800218105316
62996.415943218824,0.19001400470733643
62996.48276545836,0.19001400470733643
62996.5495876979,0.19003500044345856
62996.61640993743,0.190077006816864
62996.68323217697,0.1901179999113083
62996.75005441651,0.19013899564743042
62996.81687665604,0.1901710033416748
62996.88369889558,0.1902180016040802
62996.95052113511,0.19023799896240234
62997.01734337465,0.1902649998664856
62997.08416561419,0.19027499854564667
62997.150987853725,0.1902959942817688
62997.217810093265,0.19031700491905212
62997.2846323328,0.1903270035982132
62997.35145457234,0.1903270035982132
62997.41827681188,0.19033299386501312
62997.48509905141,0.19036400318145752
62997.55192129095,0.19040100276470184
62997.61874353048,0.19038499891757965
62997.68556577002,0.19043199717998505
62997.752388009554,0.19048400223255157
62997.819210249094,0.19050000607967377
62997.886032488634,0.1905370056629181
62997.952854728166,0.1905680000782013
62998.019676967706,0.19058899581432343
62998.08649920724,0.1906210035085678
62998.15332144678,0.1906210035085678
62998.22014368632,0.19063100218772888
62998.28696592585,0.1906210035085678
62998.35378816539,0.19063700735569
62998.42061040492,0.19065800309181213
62998.48743264446,0.19069400429725647
62998.554254884,0.1906999945640564
62998.621077123535,0.1907310038805008
62998.687899363074,0.1907780021429062
62998.75472160261,0.19080500304698944
62998.82154384215,0.1908310055732727
62998.88836608169,0.1908780038356781
62998.95518832122,0.19090500473976135
62999.02201056076,0.19091500341892242
62999.08883280029,0.19091999530792236
62999.15565503983,0.19093100726604462
62999.22247727937,0.1909630000591278
62999.2892995189,0.1909630000591278
62999.35612175844,0.190993994474411
62999.422943997975,0.19103099405765533
62999.489766237515,0.19104699790477753
62999.55658847705,0.19106300175189972
62999.62341071659,0.19107800722122192
62999.69023295613,0.19114699959754944
62999.75705519566,0.19116799533367157
62999.8238774352,0.19116799533367157
62999.89069967473,0.19121600687503815
62999.95752191427,0.19126300513744354
63000.02434415381,0.1912579983472824
63000.091166393344,0.19126300513744354
63000.157988632884,0.19126799702644348
63000.224810872416,0.19130000472068787
63000.291633111956,0.19131100177764893
63000.358455351496,0.19135800004005432
63000.42527759103,0.19140100479125977
63000.49209983057,0.19141699373722076
63000.5589220701,0.19145900011062622
63000.62574430964,0.1914909929037094
63000.69256654918,0.19152800738811493
63000.75938878871,0.19156500697135925
63000.82621102825,0.19158600270748138
63000.893033267785,0.19162799417972565
63000.959855507324,0.1916549950838089
63001.02667774686,0.1916390061378479
63001.0934999864,0.1916390061378479
63001.16032222594,0.19164399802684784
63001.22714446547,0.1916549950838089
63001.29396670501,0.19169700145721436
63001.36078894454,0.19169700145721436
63001.42761118408,0.19171300530433655
63001.49443342362,0.19176599383354187
63001.56125566315,0.19178800284862518
63001.62807790269,0.19180400669574738
