time,hr_bpm,is_valid,hr_bpm_clean
63012.0,71.25713412095713,True,73.93151002452483
63013.0,71.25713412095713,True,74.7929725795074
63014.0,79.28026183166023,True,73.72753940731225
63015.0,77.37736024445512,True,72.65376505118525
63016.0,69.46580671853164,True,71.55866743895442
63017.0,65.88826234032207,True,69.50252491193592
63018.0,65.78164605980307,True,68.8468527769243
63019.0,68.99954919656778,True,69.07570553842551
63020.0,74.09899956939688,True,69.26135539923673
63021.0,70.61007052603776,True,69.34263118063953
63022.0,66.81651164437821,True,69.28560014005328
63023.0,66.188024966817,True,69.4092067566827
63024.0,68.71439399363655,True,70.43725950767117
63025.0,74.71703265254399,True,71.00357430174424
63026.0,75.75033428098008,True,71.26339450761562
63027.0,69.64808561474354,True,70.84600215607493
63028.0,67.48712599617389,True,70.11727008506824
63029.0,66.62743223593314,True,69.85517569228848
63030.0,71.07337229751055,True,71.86614877004129
63031.0,74.4398623170813,True,75.45484343696243
63032.0,79.70295100350758,True,77.82068035087568
63033.0,85.4305993307796,True,77.67007020688793
63034.0,78.45661680549931,True,76.17548073314231
63035.0,70.32032157757183,True,73.77711318989043
63036.0,66.9669149483532,True,71.11373863619772
63037.0,67.71111328724818,True,70.06728956228359
63038.0,72.11372656231603,True,69.43753429342678
63039.0,73.22437143592873,True,68.9193836049865
63040.0,67.17154523328773,True,68.2640244812666
63041.0,64.37616150615176,True,67.13387897903907
63042.0,64.43431766864879,True,66.46883515889708
63043.0,66.46299905117831,True,66.21319503643564
63044.0,69.8991523352188,True,66.28650913789066
63045.0,65.89334462098053,True,66.3884050532816
63046.0,64.74273201342686,True,65.97485822684284
63047.0,64.94379724560352,True,65.12228342560692
63048.0,64.3952649189845,True,65.07610604202308
63049.0,65.63627832903914,True,65.02182257661757
63050.0,65.66245770306136,True,64.81629521811416
63051.0,64.47131468639927,True,65.16193537258039
63052.0,63.916160453086576,True,66.13507411657079
63053.0,66.12346569131557,True,67.83878244481802
63054.0,70.50197204899118,True,70.02135794683792
63055.0,74.18099934429756,True,70.8465736066746
63056.0,75.38419219649877,True,70.26266074956004
63057.0,68.04223875226991,True,69.59765391499226
63058.0,63.20390140574277,True,67.53918357198674
63059.0,67.17693787615237,True,65.73429038024094
63060.0,63.88864762926994,True,66.43497864331448
63061.0,66.35972623776975,True,67.65160201129241
63062.0,71.54568006763756,True,67.05311284560187
63063.0,69.28701824563251,True,66.87465894039084
63064.0,64.18449204769954,True,66.11682510790718
63065.0,62.99637810321478,True,64.32180050940761
63066.0,62.57055707535147,True,63.25921029550907
63067.0,62.57055707513974,True,63.86281640921768
63068.0,63.974067176139826,True,65.60488541484462
63069.0,67.20252261624253,True,67.73269277984448
63070.0,71.70672313134952,True,68.60229428039251
63071.0,73.20959390035085,True,68.63882162720469
63072.0,66.91856457787985,True,68.39501018919034
63073.0,64.15670391020068,True,66.56777697795683
63074.0,65.98346542617081,True,64.38837356986161
63075.0,62.57055707518192,True,63.56482140630946
63076.0,62.31257685987482,True,63.99437828926161
63077.0,62.80080376011914,True,65.20240724678634
63078.0,66.30448832496137,True,67.19665878496241
63079.0,72.0236102137944,True,68.15412227250759
63080.0,72.54181476606229,True,69.48460120235534
63081.0,67.09989429760078,True,68.79056286734833
63082.0,69.45319840935785,True,67.73757483664068
63083.0,62.83429664992632,True,67.42816436735404
63084.0,66.75867006025608,True,67.80195130532636
63085.0,70.99476241962917,True,66.84474067689345
63086.0,68.96882898746239,True,66.72888914165442
63087.0,64.66714526719323,True,65.9933055676704
63088.0,62.25503897373118,True,65.47141533582378
63089.0,63.080752190336085,True,66.39837763899361
63090.0,68.38531126039598,True,67.62612016769022
63091.0,73.60364050331158,True,68.30917975982189
63092.0,70.80585791067627,True,68.7572115682236
63093.0,65.67033693438954,True,68.70364636676129
63094.0,65.32091123234468,True,67.05798129962122
63095.0,68.11748525308438,True,65.57485245061743
63096.0,65.37531516761122,True,65.640999552858
63097.0,63.390213665657264,True,66.6115628185272
63098.0,66.00107244559248,True,69.3067711713328
63099.0,70.17372756069071,True,72.49348755885269
63100.0,81.5935270171123,True,74.15602174343243
63101.0,81.30889710521066,True,73.37518166869421
63102.0,71.702884588556,True,73.12033410630745
63103.0,62.09687207190136,True,69.52245525914333
63104.0,68.89948974875692,True,65.77478725310263
63105.0,63.6041327812917,True,64.0821388111407
63106.0,62.570557075007144,True,64.52930653684683
63107.0,63.23964237874633,True,63.6663527035141
63108.0,64.33271070043209,True,64.17918977849641
63109.0,64.58472058209318,True,66.17712733203743
63110.0,66.16831815620331,True,70.68002722163371
63111.0,72.56024484271222,True,75.31862100488337
63112.0,85.75414182672769,True,79.58392101064109
63113.0,87.52567961668048,True,81.74021241739354
63114.0,85.91122061088177,True,80.49675279863261
63115.0,76.9497751899655,True,75.5068152904952
63116.0,66.34294674890756,True,69.3454674169903
63117.0,60.80445428604065,True,63.453380338760326
63118.0,56.71894024915608,True,59.562881609212546
63119.0,56.45078521973189,True,58.24664687669908
63120.0,57.49728154222654,True,58.998204122969845
63121.0,59.76177308634021,True,61.8253522397947
63122.0,64.56224051739449,True,66.61299027550271
63123.0,70.85468083328034,True,71.52612530954464
63124.0,80.388975398272,True,74.76816195548125
63125.0,82.06295671243613,True,75.55447509053745
63126.0,75.9719563160233,True,74.2300241116021
63127.0,68.49380619267546,True,70.59990633703208
63128.0,64.23242593860364,True,66.5710710823572
63129.0,62.23838652542186,True,63.98145571690795
63130.0,61.91878043906172,True,63.9115101835092
63131.0,63.023879488777105,True,66.34978487885402
63132.0,68.14407852568168,True,70.79690482420828
63133.0,76.42379941532772,True,75.41958313876363
63134.0,84.47398625219321,True,79.7367417107303
63135.0,85.03217201183845,True,81.07963372222035
63136.0,84.60967234861046,True,79.42416010014361
63137.0,74.8585385831319,True,75.34843529780487
63138.0,68.14643130494397,True,70.99224496107698
63139.0,64.09536224049957,True,67.452712602204
63140.0,63.251220328198954,True,67.67626818100692
63141.0,66.9120105542456,True,70.61616685023846
63142.0,75.97631647714648,True,74.4251019158535
63143.0,82.8459246511017,True,77.5332219273412
63144.0,83.14003756857468,True,78.11087756076031
63145.0,78.79182038563748,True,75.56300830256674
63146.0,69.80028872134122,True,71.32694277523902
63147.0,63.23697018617868,True,67.04826284456887
63148.0,61.665597014463074,True,64.10194459175861
63149.0,61.74663791522389,True,63.18929645517594
63150.0,64.06022912158618,True,64.80645773098954
63151.0,65.23704803842787,True,68.92421118370751
63152.0,71.32277656524666,True,73.76686483077167
63153.0,82.25436427805293,True,78.11571462210016
63154.0,85.95990615054465,True,80.66785705815053
63155.0,85.80447807822863,True,80.41880958945069
63156.0,77.99776021867982,True,76.89950291198876
63157.0,70.07753922174744,True,72.2476616649468
63158.0,64.65783089074323,True,67.72817402707221
63159.0,62.70069991533491,True,66.06836500803139
63160.0,63.20703988885563,True,67.55599020070042
63161.0,69.6987151234758,True,70.6509455436783
63162.0,77.51566518509252,True,73.1568419469458
63163.0,80.13260760563263,True,74.03210157074533
63164.0,75.2301819316724,True,72.54274408634635
63165.0,67.5833380078533,True,69.17063742105242
63166.0,62.25192770148083,True,65.43373693805754
63167.0,60.655131858622894,True,63.683662407447436
63168.0,61.448105190658275,True,64.88628629023634
63169.0,66.47980927862187,True,68.76503792971366
63170.0,73.59645742179784,True,73.09387237234263
63171.0,81.64568589886746,True,76.32750696045545
63172.0,82.29930407176772,True,77.04185184416517
63173.0,77.61627813122246,True,75.6132178145047
63174.0,70.0515336971704,True,72.1131183695595
63175.0,66.45328727349542,True,68.30762616933384
63176.0,64.1451886741415,True,65.43226509037216
63177.0,63.27184307063943,True,64.62975267448562
63178.0,63.239472736414,True,65.89301957576444
63179.0,66.03897161773772,True,67.84044689593573
63180.0,72.7696217798895,True,69.18868338053517
63181.0,73.88232527499801,True,69.60429095145072
63182.0,70.01302549363666,True,69.08011351487048
63183.0,65.31751059099173,True,67.30011113607311
63184.0,63.41808443483651,True,65.7374938460654
63185.0,63.86960988590268,True,65.13773251210065
63186.0,66.0692388249595,True,66.17422499660874
63187.0,67.01421882381285,True,69.6118412773694
63188.0,70.49997301353224,True,73.81130500969894
63189.0,80.60616583863978,True,76.4910623798005
63190.0,84.86692854755032,True,76.96970102006878
63191.0,79.46802567546726,True,75.49901755842905
63192.0,69.40741202515433,True,71.50881076242567
63193.0,63.14655570533355,True,66.82528581182753
63194.0,60.655131858622894,True,63.493158740901684
63195.0,61.449303794559576,True,62.92989052238098
63196.0,62.80739032083812,True,65.15338246022813
63197.0,66.59107093255075,True,68.78370607139406
63198.0,74.2640153945693,True,72.00070473901513
63199.0,78.80674991445261,True,73.36856690567134
63200.0,77.53429713266489,True,73.57433199519235
63201.0,69.64670115411919,True,71.78622984937492
63202.0,67.61989638015572,True,69.52120012616373
63203.0,65.32350466548223,True,68.7700837469138
63204.0,67.48160129839664,True,70.77020638884126
63205.0,73.77871523641521,True,72.05881319843635
63206.0,79.64731436375651,True,73.39405620379816
63207.0,74.06293042813124,True,73.44963640604294
63208.0,71.99971969229124,True,71.90323318576185
63209.0,67.75950230962053,True,69.7260963889587
63210.0,66.0466991350097,True,69.90226010220766
63211.0,68.76163037974078,True,71.62837558539448
63212.0,74.94374899437605,True,75.56446981156282
63213.0,80.63029710822534,True,80.3667850384149
63214.0,87.43997344046227,True,82.88754975685274
63215.0,90.05827526927007,True,83.0915199663772
63216.0,81.36545397192991,True,82.56077132094008
63217.0,75.96360004199842,True,80.05710163590618
63218.0,77.97655388103979,True,76.79607063524816
63219.0,74.92162501529276,True,76.38204484231893
63220.0,73.7531202659799,True,78.01141475067372
63221.0,79.29532500728381,True,77.58854891195526
63222.0,84.1104495837724,True,77.32810946937745
63223.0,75.86222468744741,True,76.44885245606008
63224.0,73.61942780240375,True,75.61221815906188
63225.0,69.356835199393,True,72.69869369402286
63226.0,75.11215352229287,True,72.29982888542114
63227.0,69.54282725857726,True,71.4099200431355
63228.0,73.8679006444388,True,72.31535618554501
63229.0,69.16988359097557,True,72.76004299586843
63230.0,73.88401591144056,True,75.45789688749748
63231.0,77.33558757390998,True,77.07037971308726
63232.0,83.03209671672255,True,79.14642987370533
63233.0,81.9303147723877,True,78.73095942577011
63234.0,79.55013439406585,True,76.45378345616737
63235.0,71.80666367176448,True,72.1404545609329
63236.0,65.94970772589623,True,67.76288235828403
63237.0,61.465452240550185,True,63.91563172762797
63238.0,60.04245375914345,True,61.99730286209731
63239.0,60.31388124078549,True,62.30618363379854
63240.0,62.21501934411117,True,64.86843043192974
63241.0,67.49411158440238,True,69.41319980198122
63242.0,74.27668623120616,True,73.30929061811784
63243.0,82.76630060940089,True,75.19470597800891
63244.0,79.79433532146864,True,74.80422462905531
63245.0,71.64209614356648,True,72.74709575224118
63246.0,65.54170483963432,True,68.9770677210732
63247.0,63.991041847135605,True,66.59752883292643
63248.0,63.91616045356092,True,66.37806198797871
63249.0,67.89664088073488,True,66.6116165369328
63250.0,70.54476191882779,True,66.81225961509736
63251.0,66.70947758440477,True,66.87740620686573
63252.0,64.99425723795844,True,66.34391796806608
63253.0,64.24189341240273,True,65.66447205586206
63254.0,65.22919968673672,True,65.46209676221787
63255.0,67.14753235780766,True,65.04292141205734
63256.0,65.69760111618378,True,64.589505711682
63257.0,62.898380487155826,True,64.18198330223892
63258.0,61.97481491052598,True,63.267844182713205
63259.0,63.19158763952134,True,62.7842747802581
63260.0,62.57683676017912,True,62.98783077344426
63261.0,63.27975410390826,True,63.37609988195637
63262.0,63.916160453086576,True,63.521014444695176
63263.0,63.916160453086576,True,63.70322221074222
63264.0,63.91616045321531,True,63.561382804970194
63265.0,63.48787559041439,True,63.346614298070925
63266.0,62.57055707504816,True,63.149737482291755
63267.0,62.84231791859018,True,63.3310417223816
63268.0,62.931776374190754,True,64.41710117130785
63269.0,64.8226816536645,True,66.8528732579193
63270.0,68.91817283504564,True,68.77132443541674
63271.0,74.74941750810538,True,69.0925525964881
63272.0,72.43457380607742,True,68.33191546794492
63273.0,64.53791717954755,True,66.69904648812712
63274.0,61.01949601094865,True,64.29152789906551
63275.0,60.75382793595662,True,62.02487054182443
63276.0,62.71182456279728,True,61.408381916186116
63277.0,61.101287019872025,True,62.06543148649952
63278.0,61.45547405135597,True,63.705021841610645
63279.0,64.30474386251568,True,64.93709336562067
63280.0,68.95177971151222,True,65.99146239346967
63281.0,68.87218218284748,True,66.78289724410706
63282.0,66.37313215911708,True,67.12736576089262
63283.0,65.41264830454284,True,67.63270576600628
63284.0,66.0270864464435,True,67.75466246761043
63285.0,71.47847973708046,True,69.12701165693778
63286.0,69.48196569086824,True,69.82239273944876
63287.0,73.23487810575381,True,69.3005020804224
63288.0,68.88955371709775,True,67.54836248613783
63289.0,63.41763315131181,True,66.06008788858134
63290.0,62.71778176565752,True,64.02427300638371
63291.0,62.040592703085785,True,62.893602522853165
63292.0,63.05580369476566,True,62.85731615247981
63293.0,63.23620129944505,True,62.9577229873513
63294.0,63.23620129944505,True,63.10245383782764
63295.0,63.219815940015025,True,63.77513107202748
63296.0,62.76424695546738,True,66.17041652134809
63297.0,66.41918986576488,True,68.75089832462734
63298.0,75.21262854604812,True,70.4841011929312
63299.0,76.13861031584125,True,71.13938125005055
63300.0,71.88583028153448,True,70.91972552339712
63301.0,66.04064724106398,True,69.05805278396375
63302.0,65.3209112324977,True,67.7895253345147
63303.0,65.90426484888137,True,67.46948784367848
63304.0,69.79597306859603,True,68.94404284814637
63305.0,70.28564282735329,True,69.443199814907
63306.0,73.41342226340348,True,70.51143079579928
63307.0,67.81669606630088,True,72.25202105701791
63308.0,71.24541975334276,True,73.05586786401754
63309.0,78.49892437468914,True,72.46513755928308
63310.0,74.30487686235148,True,72.88815816282873
63311.0,70.45977073973121,True,73.34194091521506
63312.0,69.93179908402908,True,73.28479530905575
63313.0,73.51433351527443,True,74.40776053693033
63314.0,78.21319634389262,True,76.02481684581747
63315.0,79.9197030017243,True,76.59670618560698
63316.0,78.54505228416691,True,75.88454350224467
63317.0,72.79124578297667,True,73.71345498838143
63318.0,69.95352009846286,True,71.20127305944567
63319.0,67.3577537745764,True,70.1139557123178
63320.0,67.35879335704549,True,71.8110315550168
63321.0,73.10846554852759,True,74.25858894106861
63322.0,81.27662499647164,True,76.05636418098564
63323.0,82.19130702872192,True,76.8299009936269
63324.0,76.3466299741615,True,75.9372901657274
63325.0,71.22647742025177,True,73.19151726216273
63326.0,68.6454114090302,True,70.84928132525165
63327.0,67.54776047864826,True,69.93970168701811
63328.0,70.48012734416648,True,69.54259248716082
63329.0,71.79873178299384,True,69.32306230110919
63330.0,69.2409314209653,True,69.46038109453458
63331.0,67.54776047877212,True,69.73077687340961
63332.0,68.2343544457752,True,69.54133969959727
63333.0,71.83210623854161,True,69.287888348593
63334.0,70.8515459139321,True,68.70050245008619
63335.0,67.97367466594397,True,67.83686365154847
63336.0,64.61083098623806,True,66.66723853945635
63337.0,63.916160453086576,True,66.76709771813144
63338.0,65.98398067808101,True,66.88013689437541
63339.0,71.35084180730756,True,66.9147250340873
63340.0,68.53887054716384,True,66.9147250340873
63341.0,64.78377168479743,True,66.57320386264607
63342.0,63.916160453086576,True,65.39997114203835
63343.0,64.27637482087489,True,65.485133129089
63344.0,65.48467820426903,True,67.56235058413951
63345.0,68.96468048241708,True,69.52583019278302
63346.0,75.16985896004995,True,70.04103789692176
63347.0,73.73355849630414,True,69.57286558960531
63348.0,66.85241334156865,True,68.39890191153576
63349.0,63.14381666768678,True,66.69054419512428
63350.0,63.094862092069285,True,66.35009529411539
63351.0,66.62807037799257,True,66.6297768807523
63352.0,72.03131399125958,True,66.819613723044
63353.0,68.25082127475328,True,66.98164338625207
63354.0,64.0930008791453,True,66.30326957054257
63355.0,63.90501040810968,True,64.56132865858206
63356.0,63.23620129944505,True,63.94566007282326
63357.0,63.32160943145699,True,64.94100161438205
63358.0,65.17247834595932,True,65.45963234551695
63359.0,69.06970858693916,True,65.7979149362512
63360.0,66.49816406378419,True,66.05577331548855
63361.0,64.92761425311629,True,66.26207576929548
63362.0,64.6109013276438,True,67.21794790238569
63363.0,66.20399061499393,True,67.96380707785235
63364.0,73.84906925239024,True,68.04629540226969
63365.0,70.22745994111757,True,67.54682556124183
63366.0,65.34005587520295,True,66.43705380996764
63367.0,62.113552122504544,True,63.977251947331865
63368.0,60.655131858622894,True,62.86456605804425
63369.0,61.55005993921137,True,62.762743583367026
63370.0,64.66403049467952,True,62.80285846808789
63371.0,64.83094350181679,True,63.70195839024742
63372.0,62.31412654610889,True,64.18724546284804
63373.0,65.15063146942052,True,63.67876531290316
63374.0,63.976495302214445,True,63.320179097350355
63375.0,62.121629744955136,True,63.217954433680426
63376.0,63.03801242405275,True,62.35056344929171
63377.0,61.80300322775928,True,61.6862907605734
63378.0,60.81367654747693,True,61.299798957952646
63379.0,60.655131858622894,True,60.89305456457764
63380.0,60.18917073185139,True,61.227447485294306
63381.0,61.00429045717769,True,62.10574779099777
63382.0,63.47496783134262,True,62.50867687288546
63383.0,65.2051780759943,True,62.730541196686566
63384.0,62.66977726806135,True,63.79904222547856
63385.0,61.29849235085686,True,63.487804746979975
63386.0,66.34679560113769,True,62.96677432680368
63387.0,61.9187804388497,True,64.01813498798268
63388.0,62.60002597511284,True,67.71197155844177
63389.0,67.92658057395623,True,70.18998960409535
63390.0,79.76767520315241,True,71.43058503102304
63391.0,78.73688582940554,True,71.91176271142818
63392.0,68.12175757348821,True,71.06199297797347
63393.0,65.00591437713854,True,68.36142008847833
63394.0,63.67773190668272,True,66.67936640084577
63395.0,66.26481075567668,True,67.4342000615177
63396.0,70.32661739124272,True,69.42245228103147
63397.0,71.89592587684787,True,71.88708860260331
63398.0,74.94717547470738,True,72.46521088740118
63399.0,76.00091351454198,True,71.48511293260756
63400.0,69.15542217966595,True,69.82693561481666
63401.0,65.42612761727466,True,67.35161193490141
63402.0,63.60503928789337,True,64.90937867910782
63403.0,62.5705570751311,True,64.09729154894805
63404.0,63.789747235574026,True,63.67027338084358
63405.0,65.09498652886714,True,63.79242216856137
63406.0,63.291036776752264,True,64.32728474948844
63407.0,64.21578322648233,True,66.52579838807286
63408.0,65.24486997976648,True,70.46873540321963
63409.0,74.78231542849608,True,76.06018190127708
63410.0,84.80967160460094,True,78.75775228378265
63411.0,91.24826926703956,True,79.0503824597242
63412.0,77.70363513901027,True,76.32224417595984
63413.0,66.70802085947425,True,71.30298964344743
63414.0,61.141624009674224,True,65.11786082196258
63415.0,59.71339894203891,True,61.767318989830095
63416.0,60.322625159615235,True,60.62060647414678
63417.0,60.95092597834787,True,60.5233080439365
63418.0,60.97445828105765,True,60.64965087580472
63419.0,60.655131858622894,True,60.59361659571035
63420.0,60.34511310137993,True,60.54014890390374
63421.0,60.04245375914345,True,60.98003871129926
63422.0,60.683587519314784,True,62.51455060182296
63423.0,63.1739073180352,True,65.4194466897716
63424.0,68.32769131124145,True,68.56811181585661
63425.0,74.86959354112314,True,70.02208126882404
63426.0,75.78577938956853,True,69.97133151912013
63427.0,67.95343478415184,True,68.61338103454082
63428.0,62.92015856951572,True,66.26782144565377
63429.0,61.53793888834488,True,64.8577834783603
63430.0,63.141795596687885,True,64.98995330631776
63431.0,68.73558955310119,True,65.32188107957568
63432.0,68.61428392393911,True,65.15523140839498
63433.0,64.57979743580526,True,64.74504341026028
63434.0,60.70469053244143,True,63.482745521106175
63435.0,61.09085560601435,True,63.74003559890224
63436.0,62.424100107330744,True,64.48752962453362
63437.0,69.90073431291938,True,65.10791053039819
63438.0,68.31726756396223,True,65.11329189594221
63439.0,63.806595061764234,True,64.9458019371107
63440.0,61.117762433734455,True,63.903401687067515
63441.0,61.58665031317328,True,63.44928800127701
63442.0,64.68873306270338,True,63.460645907530036
63443.0,66.0466991350097,True,63.54997977506988
63444.0,63.86338459302939,True,63.41738152090926
63445.0,61.56443177143364,True,62.684133221002796
63446.0,60.92365904237023,True,61.73088189328323
63447.0,61.02249156317098,True,61.214293473924116
63448.0,61.280442496411915,True,61.420466319507
63449.0,61.28044249623378,True,61.787309647380184
63450.0,62.59529599934806,True,62.915176646206035
63451.0,62.757875681736216,True,66.79752594045877
63452.0,66.66182655730017,True,68.12527212814247
63453.0,80.6921889676756,True,68.75673294475904
63454.0,67.91917343465224,True,68.98838989902913
63455.0,65.752600082431,True,68.73417889839212
63456.0,63.916160453086576,True,66.48126485950465
63457.0,65.39077155411518,True,66.30777749462513
63458.0,69.42761877323827,True,65.58142741737728
63459.0,67.05173661025465,True,64.75290691082003
63460.0,62.1208496961918,True,63.66145416792242
63461.0,59.77355792030029,True,62.33555790292545
63462.0,59.93350783962714,True,62.26043078047935
63463.0,62.79813744825335,True,62.72415685959761
63464.0,66.6761009980242,True,62.89389083065022
63465.0,64.43948009178307,True,62.922415568691086
63466.0,60.62222777556331,True,62.493814450765
63467.0,60.076131529831514,True,61.28962062288474
63468.0,60.655131858622894,True,60.53275097626054
63469.0,60.655131858622894,True,60.53933179295287
63470.0,60.65513185866203,True,60.641842164570235
63471.0,60.655131859025026,True,60.532819434189676
63472.0,60.588683387918294,True,60.598044804893235
63473.0,60.11001820672008,True,61.381251824560216
63474.0,60.98125871214071,True,63.430139403767086
63475.0,64.57116695699696,True,65.12189241934804
63476.0,70.89956975505942,True,65.81768453696627
63477.0,69.04744846582312,True,65.7768931393799
63478.0,63.588978794811155,True,64.72918753681222
63479.0,60.777301724208755,True,62.460167719160424
63480.0,59.33263894415866,True,60.65916877778867
63481.0,59.55447066680044,True,59.94986377065512
63482.0,60.04245375896433,True,59.95241693841159
63483.0,60.04245375914345,True,61.092695220906634
63484.0,60.7900675629911,True,63.52296613123828
63485.0,65.03403035663389,True,65.02641054380952
63486.0,71.70582521845864,True,66.71354725027258
63487.0,67.5596758218205,True,66.44393958200467
63488.0,68.47813729145876,True,65.32553935499793
63489.0,59.44202922165156,True,62.886205461259124
63490.0,59.44202922160015,True,61.41119163765204
63491.0,59.50915574976463,True,60.026614258349
63492.0,60.1846067037851,True,61.07340966612365
63493.0,61.55525039494356,True,63.05181438948249
63494.0,64.67600626052486,True,64.3339687485292
63495.0,69.3340528383943,True,64.62498815641166
63496.0,65.91992754499817,True,64.26291668627997
63497.0,61.63970374319737,True,63.15944893491553
63498.0,59.744893044285035,True,61.297017229116896
63499.0,59.15866750370279,True,61.06377454479841
63500.0,60.021894309401134,True,63.25587643613974
63501.0,64.75371412340573,True,67.32046420454111
63502.0,72.60021319990402,True,70.2189708342797
63503.0,80.06783188629184,True,71.16240252281894
63504.0,73.65120065239581,True,70.05208918754852
63505.0,64.73905275209727,True,67.11100764783984
63506.0,59.202147447053626,True,62.94015542726421
63507.0,57.89480550136063,True,61.349910998781
63508.0,59.21357078341372,True,62.796195106705156
63509.0,65.69997850997974,True,66.04980500002128
63510.0,71.9704732917181,True,68.5933317590669
63511.0,75.47019691363424,True,69.76774254622222
63512.0,70.61243929658875,True,69.21176098668604
63513.0,65.08562471919032,True,67.12196223942692
63514.0,62.920070712298894,True,64.74886322792588
63515.0,61.52147955542236,True,65.7735477166938
63516.0,63.60470185612907,True,67.62190871358288
63517.0,75.73586174042832,True,68.61230655276846
63518.0,74.32742970363576,True,69.13732532932353
63519.0,67.87205990822677,True,68.9356818839976
63520.0,64.14657343819772,True,66.18153404217934
63521.0,62.596484629499386,True,64.4624520676779
63522.0,61.96512253133704,True,64.94753235268541
63523.0,65.73201983112851,True,66.98551414044853
63524.0,70.29746133326444,True,69.37252932863116
63525.0,74.3364823770133,True,71.32495415476771
63526.0,74.53156057041251,True,71.18794304356308
63527.0,71.72724666201978,True,69.00833249119556
63528.0,65.0469642751054,True,65.79633586313108
63529.0,59.39940857142682,True,62.54532359638675
63530.0,58.276499236690896,True,59.96593435689765
63531.0,58.276499236690896,True,58.72724035758945
63532.0,58.83030046457423,True,58.727619328896296
63533.0,58.85349427856441,True,61.087712572551666
63534.0,59.401303427961096,True,64.02912683829427
63535.0,70.0769654549677,True,67.19594674985797
63536.0,72.98357056540391,True,69.17789836309912
63537.0,74.66440002239275,True,69.83277391746307
63538.0,68.76325234477011,True,67.88714468717336
63539.0,62.67568119978089,True,65.29892132592127
63540.0,60.34881930351913,True,62.46785986485387
63541.0,60.04245375914345,True,60.752526245844955
63542.0,60.50909271705578,True,61.10501222461181
63543.0,60.18658424972557,True,63.352189711300255
63544.0,64.43811109361515,True,64.90423295638418
63545.0,71.5847067369613,True,65.63872508022666
63546.0,67.80266998456307,True,66.34359676141464
63547.0,64.18155333626821,True,66.42609488598085
63548.0,63.71094265566545,True,64.3190444461287
63549.0,64.85060171644619,True,62.8434052939749
63550.0,61.04945453770058,True,62.32665666115197
63551.0,60.42447422379406,True,63.075523848864634
63552.0,61.59781017215359,True,64.14371047641382
63553.0,67.45527859422872,True,65.65205237598224
63554.0,70.19153485419207,True,67.55208452263328
63555.0,68.59116403554276,True,68.5784545934614
63556.0,69.92463495704922,True,69.47959058243188
63557.0,66.72966052629423,True,69.29565563772655
63558.0,71.9609585390811,True,69.71264246313129
63559.0,69.27186013066547,True,70.70644050814062
63560.0,70.67609816256638,True,73.16055780953567
63561.0,74.89362518209587,True,75.03814573966945
63562.0,79.00024703326963,True,76.26746573968356
63563.0,81.3488981897499,True,76.44835466143843
63564.0,75.41846013073595,True,75.3494739216186
63565.0,71.58054277134077,True,74.03555043595887
63566.0,69.39922148299671,True,73.81946308037308
63567.0,72.43062960497092,True,74.00122401396429
63568.0,80.26846141182111,True,74.03374798107322
63569.0,76.327264798692,True,73.67868891300967
63570.0,71.74316260688542,True,72.28722005863897
63571.0,67.62392614267895,True,69.37013061657436
63572.0,65.47328533311736,True,67.97245968584991
63573.0,65.68301420149804,True,68.06695605433009
63574.0,69.33891014506983,True,68.36565033676193
63575.0,72.21564444928623,True,68.02887430454297
63576.0,69.11739755483816,True,67.25239917274526
63577.0,63.78940517202253,True,65.52883606359545
63578.0,61.80063854250946,True,63.43086648037414
63579.0,60.72109459932092,True,62.73265054012704
63580.0,61.72579653317963,True,63.62864141298263
63581.0,65.62631785360271,True,64.36364290353838
63582.0,68.26935953630044,True,64.73863552624417
63583.0,65.4756459952882,True,64.46332380648826
63584.0,62.59605771284987,True,63.34956547851583
63585.0,60.34923793440008,True,61.82671994298032
63586.0,60.05752621374056,True,61.30861094645593
63587.0,60.655131858622894,True,62.214645138401366
63588.0,62.88510101266623,True,63.34097231258859
63589.0,67.12622867257703,True,63.833198477136
63590.0,65.98087380533624,True,63.97781485059827
63591.0,62.51865703647756,True,63.44626746600234
63592.0,61.37821372593433,True,62.02951248324117
63593.0,60.227364089686496,True,61.29078295704208
63594.0,60.04245375877126,True,61.98421066306239
63595.0,62.2872261743408,True,63.59758059211738
63596.0,65.98579556657913,True,63.828893393232974
63597.0,69.44506337120924,True,64.20415872925531
63598.0,61.38392809526449,True,64.80239220115534
63599.0,61.91878043888288,True,65.50571454755314
63600.0,65.27839353384098,True,64.02246227075511
63601.0,69.5024072985681,True,63.76288124095932
63602.0,62.02880198721912,True,63.44183361057975
63603.0,60.08602294628549,True,63.06896661224893
63604.0,60.31354228698508,True,62.84156114132742
63605.0,63.41405854218685,True,63.81613940017222
63606.0,68.36537994396055,True,64.42820719685811
63607.0,66.90169328144314,True,64.35818597089231
63608.0,63.14636192971493,True,64.35665236632629
63609.0,59.96343615715601,True,65.4114906233846
63610.0,63.406390519356755,True,68.67475501053683
63611.0,73.63957122925217,True,70.87442512429548
63612.0,83.21801521720425,True,72.13017770801828
63613.0,74.14471249850824,True,71.90527640657334
63614.0,66.24219907576996,True,69.22442513372842
63615.0,62.28188401213204,True,64.81622005153974
63616.0,60.2353148650276,True,62.127282579057784
63617.0,61.17698980626088,True,61.515288001582654
63618.0,60.700025136098475,True,62.61953404929022
63619.0,63.1822261883943,True,64.39515197483922
63620.0,67.80311425066986,True,65.31213887576905
63621.0,69.11340449277256,True,65.79177021881745
63622.0,65.76192431091005,True,65.48329622483922
63623.0,63.0981818513404,True,64.178761873952
63624.0,61.63985621850322,True,62.61216947464425
63625.0,61.28044249623378,True,61.918084712693236
63626.0,61.28044249623378,True,62.90758001859085
63627.0,62.29150050115499,True,65.17728028884146
63628.0,68.0456583808285,True,66.58829698627747
63629.0,72.98835756975627,True,66.58140343578596
63630.0,68.33552598341386,True,66.01384851935923
63631.0,61.245974743776145,True,64.56351647234385
63632.0,59.45372591902141,True,63.36625954864223
63633.0,60.793998145751594,True,63.071401505343104
63634.0,67.00207295124818,True,63.09867043232322
63635.0,66.86123576691821,True,62.922189622506075
63636.0,61.38231937867672,True,62.8122742015414
63637.0,58.57132186993566,True,62.41848581458826
63638.0,60.2444210409282,True,62.802293291285636
63639.0,65.03313101648249,True,63.54390641047826
63640.0,68.78027315040514,True,64.24039516815762
63641.0,65.09038497463976,True,64.44759945927574
63642.0,62.05376565833246,True,64.1516367858731
63643.0,61.28044249651882,True,63.54064784317497
63644.0,63.55331764946931,True,63.154317876360345
63645.0,65.72532843691451,True,62.93324361214095
63646.0,63.158735140566606,True,62.70413055823153
63647.0,60.94839433723551,True,62.21671881025473
63648.0,60.13487722697167,True,62.555648656351536
63649.0,61.11625890958537,True,62.96912475930344
63650.0,67.41997766739854,True,63.49558463000204
63651.0,65.22611565532608,True,63.72469768385447
63652.0,63.58069369072858,True,63.757534401199635
63653.0,61.28044249623378,True,62.529627367040334
63654.0,61.28044249631118,True,61.76792275730247
63655.0,61.280442496602056,True,61.574220210895376
63656.0,61.41759260663671,True,62.90686086410701
63657.0,62.61218095869315,True,65.2212176465747
63658.0,67.94364576229198,True,66.94641226822694
63659.0,72.85222640864961,True,68.073133068348
63660.0,69.90641560486324,True,68.76160933398683
63661.0,67.05119660724205,True,69.24108904964349
63662.0,66.05456228688723,True,68.93200678774207
63663.0,70.34104434057538,True,68.479159365007
63664.0,71.30681509914244,True,68.03850980840218
63665.0,67.64217849118793,True,68.4374010842661
63666.0,64.84794882421792,True,68.35555203295684
63667.0,68.0490186662068,True,67.91693650381502
63668.0,69.93179908402908,True,68.00983824391959
63669.0,69.11373745343336,True,68.32484968483102
63670.0,68.10668719171076,True,67.9915059603264
63671.0,66.4230060287751,True,68.10505330321149
63672.0,66.38230004368376,True,68.78036172022686
63673.0,70.49953579845447,True,69.19380254597063
63674.0,72.49027953851025,True,69.25736350745532
63675.0,70.17389132042959,True,68.87647570073716
63676.0,66.7408108361985,True,67.44452511393591
63677.0,64.47786101009295,True,65.97454688133828
63678.0,63.33978286444829,True,65.3043414096136
63679.0,65.14038837552202,True,64.52322679235962
63680.0,66.8228639618062,True,64.27489485023004
63681.0,62.835237749928645,True,64.2541785372294
63682.0,63.23620129944505,True,64.20177868107092
63683.0,63.23620129944505,True,64.4870296490846
63684.0,64.87838909472966,True,65.35246634350582
63685.0,68.24911880187462,True,65.30994003637525
63686.0,67.16242122203474,True,65.1768111915504
63687.0,63.02356976379217,True,64.46802774136366
63688.0,62.57055707532083,True,63.621781197534254
63689.0,61.33447184379586,True,63.88014134590203
63690.0,64.01788608272768,True,64.83312183918537
63691.0,68.45422196387365,True,65.24119068965024
63692.0,67.78847223020881,True,66.02821241511455
63693.0,64.61090132764517,True,67.10988877254562
63694.0,65.26958047111744,True,68.03246422307042
63695.0,69.42626786988302,True,68.31339999575573
63696.0,73.06709921649765,True,69.54657395517897
63697.0,69.19315109363536,True,71.39155197447545
63698.0,70.77677112476142,True,71.96727446941085
63699.0,74.49447056759978,True,72.64517979397097
63700.0,72.3048803445601,True,74.2213184727108
63701.0,76.45662583929818,True,73.92614323136232
63702.0,77.07384448733457,True,72.1211370066236
63703.0,69.30089491801897,True,70.45347486825533
63704.0,65.46943944390623,True,67.88122949741091
63705.0,63.96656965271873,True,65.54503462186881
63706.0,63.59539898507606,True,65.12292388509942
63707.0,65.39287010962404,True,65.82659846806217
63708.0,67.19034123417202,True,65.7708197365519
63709.0,68.98781235872,True,65.32176383536634
63710.0,63.68767599516734,True,64.60911349112052
63711.0,61.3501194791483,True,63.3880711777752
63712.0,61.82961838839489,True,61.63904624044716
63713.0,61.08512966744545,True,61.20583340808658
63714.0,60.24268767207982,True,61.61854474649173
63715.0,61.52161183336446,True,62.2358356402021
63716.0,63.413676171174,True,62.31411750673728
63717.0,64.91607285694678,True,62.00432929666353
63718.0,61.47653900012137,True,61.131166395664344
63719.0,58.69374662171105,True,59.87959062706462
63720.0,57.15579732836854,True,58.43979027784351
63721.0,57.155797328175375,True,58.41074675598777
63722.0,57.7170711108412,True,60.62099238019398
63723.0,61.331321390842696,True,66.06165214230633
63724.0,69.74497474274207,True,74.12905762526243
63725.0,84.3590961389303,True,79.06542304756593
63726.0,97.49282474295592,True,80.26015310974968
63727.0,82.39889822235867,True,78.74669733294768
63728.0,67.30497170176143,True,74.71603906437963
63729.0,62.17769585873208,True,67.32859587795316
63730.0,64.20580479609005,True,62.967276181211105
63731.0,60.55560881082358,True,62.40283415382517
63732.0,60.59229973864845,True,63.993413573869745
63733.0,64.48276156483168,True,64.23506066424082
63734.0,70.13059295895502,True,64.66540697576573
63735.0,65.4140402479454,True,64.80303552730938
63736.0,62.707340368448136,True,64.16257171365235
63737.0,61.28044249636664,True,62.91782769787578
63738.0,61.28044249654659,True,63.499853952060484
63739.0,63.90687288007213,True,64.08686267171187
63740.0,68.32417151886891,True,64.0533952021471
63741.0,65.64238396670504,True,63.76057798942435
63742.0,61.11310514854283,True,63.40757253646873
63743.0,59.81635643293283,True,62.48774699165615
63744.0,62.14184561529401,True,61.839023428106636
63745.0,63.725043794806,True,61.62368975659299
63746.0,62.39876614895752,True,61.73467798215272
63747.0,60.03643679097459,True,61.855471836075345
63748.0,60.37129756073147,True,61.14144890128286
63749.0,62.74581488490711,True,60.74885404473876
63750.0,60.154929120843576,True,60.977478612608834
63751.0,60.435791866237075,True,61.50643733484842
63752.0,61.17955963032491,True,62.46168312064067
63753.0,63.01609117192942,True,62.92151490390463
63754.0,67.52204381386838,True,62.82187989833706
63755.0,62.454088037163395,True,62.12888725510139
63756.0,59.937616838399165,True,61.17849608227343
63757.0,57.71459641414662,True,59.32938716683793
63758.0,58.264135307789594,True,60.21366330347409
63759.0,58.276499236690896,True,61.83238435876476
63760.0,66.87546872034417,True,63.442751833174746
63761.0,68.03122211485253,True,64.19341760604996
63762.0,65.76643378619656,True,64.46435804113959
63763.0,62.017464172165646,True,63.09775504883962
63764.0,59.63120141213903,True,61.5000013776978
63765.0,60.04245375884432,True,60.435359368465285
63766.0,60.04245375914345,True,60.28795503327891
63767.0,60.44322374003398,True,60.57244706383947
63768.0,61.28044249623378,True,60.69498268379518
63769.0,61.05366156494181,True,60.817518303691074
63770.0,60.655131858622894,True,61.07271037273968
63771.0,60.655131858622894,True,62.06334788748516
63772.0,61.719184085276986,True,64.41364687771849
63773.0,66.23363006996117,True,67.32400139472841
63774.0,72.80515651610845,True,69.63986678266097
63775.0,75.20690444367257,True,69.70599704470706
63776.0,72.23445879828573,True,69.04043696840871
63777.0,62.04983539550731,True,67.10372259153388
63778.0,62.90582968846947,True,64.20330096469881
63779.0,63.12158463173433,True,61.68166797883295
63780.0,60.70479630949723,True,61.35792258607935
63781.0,59.626293868956374,True,60.876548399397315
63782.0,60.43110843173934,True,60.022930328816905
63783.0,60.498958755059256,True,59.589068063908734
63784.0,58.85349427883231,True,59.35456865715713
63785.0,58.53548498495644,True,59.43264046383515
63786.0,58.453796835198325,True,60.04026229498087
63787.0,60.821467465129416,True,62.74180669712045
63788.0,63.53706791078787,True,67.56756397994452
63789.0,72.36121628953025,True,73.52898626005151
63790.0,82.66427139907674,True,78.0961249469156
63791.0,88.26090823573328,True,79.92055997201903
63792.0,83.65716089944983,True,77.78058174874505
63793.0,72.65924303630507,True,73.50381596818082
63794.0,61.6613251731603,True,67.98721282644883
63795.0,61.28044249625555,True,63.50993899728137
63796.0,60.677892527073354,True,61.776344029082246
63797.0,61.27079175361259,True,62.78642792185144
63798.0,63.99126819530944,True,64.41678363834096
63799.0,66.71174463700629,True,65.11158587878724
63800.0,69.43222107870314,True,65.22296777262142
63801.0,64.15190372930479,True,64.75783305472147
63802.0,61.82770122278344,True,64.5795356933546
63803.0,61.66559460580968,True,66.45261059947715
63804.0,65.82025783017194,True,68.56229327480203
63805.0,78.7975956093159,True,69.0681235126516
63806.0,74.7003171059292,True,68.90255569176473
63807.0,64.35685241203122,True,67.39380397306851
63808.0,60.83775550137538,True,63.40809682593946
63809.0,58.276499236690896,True,60.70182185805519
63810.0,58.86905987367063,True,60.62470774922033
63811.0,61.168942266507806,True,61.274885186025315
63812.0,63.97128186785691,True,61.58040985538751
63813.0,64.08864268540036,True,61.742023425879665
63814.0,59.80412258350182,True,61.56528218198498
63815.0,59.67712772613141,True,60.902052180138185
63816.0,60.28523604703442,True,60.215350014782686
63817.0,60.655131858622894,True,60.283544446106134
63818.0,60.655131858622894,True,60.28639524182673
63819.0,60.145094740119035,True,60.457033951465235
63820.0,59.691381704734454,True,61.18969657502295
63821.0,61.13842959522693,True,62.55242819034406
63822.0,64.31844497641143,True,64.7150350183852
63823.0,67.46878993522844,True,68.9531782485594
63824.0,70.9581288803247,True,73.84282180513189
63825.0,80.88209785560542,True,76.79707801181532
63826.0,85.58664737808947,True,77.69715349439161
63827.0,79.08972600982855,True,78.69498143878414
63828.0,71.9691673481099,True,76.94191674312509
63829.0,75.94726860228731,True,73.84896360738904
63830.0,72.1167743773102,True,71.88936418468252
63831.0,70.12188169940923,True,70.70465810820932
63832.0,69.29172889629592,True,67.9032069729147
63833.0,66.04563696574395,True,66.04930987007445
63834.0,61.9400129258142,True,65.48942103949945
63835.0,62.84728886310897,True,66.05904026104403
63836.0,67.3224375465342,True,66.49007530403533
63837.0,72.13982500401879,True,66.68768856625938
63838.0,68.20081218070044,True,66.37431929288434
63839.0,62.92807923693451,True,65.24782049269592
63840.0,61.28044249623378,True,63.796703052931775
63841.0,61.68994354559205,True,63.61739415164861
63842.0,64.88423780519813,True,63.65281851308534
63843.0,67.3042676742846,True,63.674457095455104
63844.0,63.105201044118154,True,63.25820343075615
63845.0,61.38863540808254,True,62.39258981320786
63846.0,59.60867522209729,True,61.5629158755673
63847.0,60.556169717456704,True,62.53288465910352
63848.0,63.1558979860818,True,63.08639166152496
63849.0,67.95504496179926,True,63.832393564741345
63850.0,64.15617042018974,True,65.17902884666498
63851.0,63.338684738179225,True,65.55117797294596
63852.0,67.28934612707484,True,64.68262864620615
63853.0,65.01664361748682,True,64.16784279808718
63854.0,63.61229832810012,True,63.567220833402374
63855.0,61.582241179594895,True,62.39303769419464
63856.0,60.33557491475516,True,62.24097100665345
63857.0,61.41843043103621,True,62.13016788959307
63858.0,64.25631017978091,True,62.024907721122666
63859.0,63.05828274279816,True,61.84627207820478
63860.0,61.05594033724288,True,61.18670616341037
63861.0,59.44239670016576,True,60.09270641552756
63862.0,58.12060085706417,True,59.29813668343083
63863.0,58.78631144036683,True,59.15421684379569
63864.0,59.08543408231452,True,59.603395364460845
63865.0,60.33634113906719,True,60.27826216322851
63866.0,61.68828930349152,True,60.53266615741926
63867.0,61.49493485090248,True,60.603985185286675
63868.0,60.058331411320566,True,60.50350125544533
63869.0,59.44202922165156,True,61.27772600863515
63870.0,59.833921489860494,True,63.96416676162853
63871.0,65.55941306944064,True,67.33895614461474
63872.0,74.92713861586938,True,71.97942470485692
63873.0,76.93227832625168,True,77.53241917162333
63874.0,82.6443720228624,True,82.27090361488497
63875.0,87.59889382369263,True,83.11924484516685
63876.0,89.25183528574873,True,82.346327173943
63877.0,79.16884476727878,True,79.97031686976611
63878.0,73.06768997013236,True,84.56607324121039
63879.0,70.76432050197795,True,96.79391235603069
63880.0,110.57767568091411,True,109.89137503988616
63881.0,150.39103085985028,True,124.18249013252736
63882.0,144.6561581865561,True,135.08550387108522
63883.0,144.52326543333842,True,134.1770713261416
63884.0,125.27938919476719,True,121.4571924976965
63885.0,106.03551295619597,True,106.03551295619597
63886.0,86.79163671762475,True,91.8061367509388
63887.0,67.54776047905352,True,82.5357472306325
63888.0,73.37638440705258,True,75.90241722196058
63889.0,78.92744159323568,True,71.42042685443343
63890.0,72.86886291283632,True,69.78674039669374
63891.0,64.38168487998904,True,66.78537091577641
63892.0,59.379328190355054,True,63.38351978521043
63893.0,58.36953700246595,True,62.47575970662541
63894.0,61.9181859404058,True,64.42100610968537
63895.0,68.33006251991122,True,66.24987000665047
63896.0,74.10791689528882,True,67.06679527213787
63897.0,68.52364767518058,True,66.22529968046051
63898.0,62.45416332990288,True,64.12469068435011
63899.0,57.710707982019024,True,61.23823808703135
63900.0,57.82701753935925,True,60.15094748244886
63901.0,59.67565390869501,True,59.97487797115008
63902.0,63.08719465226813,True,60.321142219002034
63903.0,61.573815773409,True,60.630080075264516
63904.0,59.44202922127877,True,60.51638016099023
63905.0,59.37170682067169,True,60.40354363379042
63906.0,59.10715433732355,True,62.99682255465852
63907.0,62.5230120162691,True,67.97963087726222
63908.0,74.54021037774952,True,72.16812624539241
63909.0,84.3560708342973,True,74.31738276262368
63910.0,80.31418366132252,True,74.55741813957059
63911.0,69.85343692347992,True,71.82504909734766
63912.0,63.72318890100371,True,77.41223960186149
63913.0,60.87836516663483,True,94.0905391790166
63914.0,112.29202335686645,True,111.24986399557338
63915.0,163.7056815470981,True,129.89842814621687
63916.0,155.65006100626383,True,148.80051315476732
63917.0,156.9660096542211,True,153.72082655161051
63918.0,155.388790209387,True,144.65936833674647
63919.0,136.8935903410825,True,133.50999425638844
63920.0,118.398390472778,True,118.398390472778
63921.0,99.90319060447351,True,99.90319060447351
63922.0,81.40799073616901,True,85.33129495056019
63923.0,62.91279086786451,True,75.5946336895233
63924.0,64.03411207151596,True,69.93737610386282
63925.0,69.71508416759353,True,66.73107074817293
63926.0,71.61690267617105,True,68.12862055317268
63927.0,65.37646395771957,True,71.06367051935078
63928.0,69.9005398928633,True,72.84773969692347
63929.0,78.70936190240647,True,74.10767514394045
63930.0,78.63543005545695,True,75.3667282642969
63931.0,77.916579911256,True,74.24014841577218
63932.0,71.67172955950177,True,71.34556625228296
63933.0,64.26764065023967,True,67.63315430345021
63934.0,64.23645108496038,True,63.63773103925986
63935.0,60.07337031129328,True,60.83718515885016
63936.0,57.93946359030419,True,59.30594830907471
63937.0,57.6690001574533,True,57.72863509679242
63938.0,56.61145640136242,True,56.86194831271665
63939.0,56.3498850235489,True,56.60952616631065
63940.0,55.73993639091446,True,59.65492779631937
63941.0,56.677352858274155,True,66.15556926739082
63942.0,72.89600830749691,True,72.88800917912373
63943.0,89.11466375671966,True,79.74243881738353
63944.0,90.01208458221345,True,86.40938516217139
63945.0,90.01208458221345,True,89.78772937584
63946.0,90.01208458221345,True,90.01208458221345
