LslMarkerSourceTimestamp,LslLocalTimestamp,LocalTimestamp,EmotiBitTimestamp,PacketNumber,DataLength,TypeTag,ProtocolVersion,DataReliability,EM
1032478.775411,1032478.775410,1760462408.588206,89582,11718,4,EM,1,100,RS,RB,2025-10-14_13-20-07-888827.csv,PS
1032478.976426,1032478.976425,1760462408.789221,89783,11749,4,EM,1,100,RS,RB,2025-10-14_13-20-07-888827.csv,PS
1032479.178441,1032479.178440,1760462408.991237,89985,11780,4,EM,1,100,RS,RB,2025-10-14_13-20-07-888827.csv,PS
1032479.379456,1032479.379455,1760462409.192252,90186,11813,4,EM,1,100,RS,RB,2025-10-14_13-20-07-888827.csv,PS
1032479.580472,1032479.580470,1760462409.393268,90387,11846,4,EM,1,100,RS,RB,2025-10-14_13-20-07-888827.csv,PS
1032479.781487,1032479.781485,1760462409.594283,90588,11878,4,EM,1,100,RS,RB,2025-10-14_13-20-07-888827.csv,PS
1032479.982502,1032479.982500,1760462409.795299,90789,11912,4,EM,1,100,RS,RB,2025-10-14_13-20-07-888827.csv,PS
1032480.186517,1032480.186515,1760462409.999315,90993,11943,4,EM,1,100,RS,RB,2025-10-14_13-20-07-888827.csv,PS
1032480.387532,1032480.387530,1760462410.200330,91194,11974,4,EM,1,100,RS,RB,2025-10-14_13-20-07-888827.csv,PS
1032480.588547,1032480.588545,1760462410.401345,91395,12006,4,EM,1,100,RS,RB,2025-10-14_13-20-07-888827.csv,PS
1032480.789562,1032480.789560,1760462410.602361,91596,12037,4,EM,1,100,RS,RB,2025-10-14_13-20-07-888827.csv,PS
1032480.990577,1032480.990575,1760462410.803376,91797,12075,4,EM,1,100,RS,RB,2025-10-14_13-20-07-888827.csv,PS
1032481.191592,1032481.191590,1760462411.004392,91998,12105,4,EM,1,100,RS,RB,2025-10-14_13-20-07-888827.csv,PS
1032481.392607,1032481.392605,1760462411.205408,92199,12137,4,EM,1,100,RS,RB,2025-10-14_13-20-07-888827.csv,PS
1032481.593622,1032481.593620,1760462411.406423,92400,12168,4,EM,1,100,RS,RB,2025-10-14_13-20-07-888827.csv,PS
1032481.794637,1032481.794635,1760462411.607439,92601,12200,4,EM,1,100,RS,RB,2025-10-14_13-20-07-888827.csv,PS
1032481.995652,1032481.995650,1760462411.808454,92802,12233,4,EM,1,100,RS,RB,2025-10-14_13-20-07-888827.csv,PS
1032482.200667,1032482.200666,1760462412.013470,93007,12264,4,EM,1,100,RS,RB,2025-10-14_13-20-07-888827.csv,PS
1032482.400682,1032482.400681,1760462412.213485,93207,12300,4,EM,1,100,RS,RB,2025-10-14_13-20-07-888827.csv,PS
1032482.601697,1032482.601696,1760462412.414501,93408,12332,4,EM,1,100,RS,RB,2025-10-14_13-20-07-888827.csv,PS
1032482.802712,1032482.802711,1760462412.615516,93609,12365,4,EM,1,100,RS,RB,2025-10-14_13-20-07-888827.csv,PS
1032483.013728,1032483.013727,1760462412.826533,93820,12401,4,EM,1,100,RS,RB,2025-10-14_13-20-07-888827.csv,PS
1032483.214743,1032483.214742,1760462413.027548,94021,12433,4,EM,1,100,RS,RB,2025-10-14_13-20-07-888827.csv,PS
1032483.415758,1032483.415757,1760462413.228564,94222,12465,4,EM,1,100,RS,RB,2025-10-14_13-20-07-888827.csv,PS
1032483.616773,1032483.616772,1760462413.429579,94423,12496,4,EM,1,100,RS,RB,2025-10-14_13-20-07-888827.csv,PS
1032483.819789,1032483.819787,1760462413.632595,94626,12530,4,EM,1,100,RS,RB,2025-10-14_13-20-07-888827.csv,PS
1032484.020804,1032484.020802,1760462413.833611,94827,12562,4,EM,1,100,RS,RB,2025-10-14_13-20-07-888827.csv,PS
1032484.221819,1032484.221817,1760462414.034626,95028,12592,4,EM,1,100,RS,RB,2025-10-14_13-20-07-888827.csv,PS
1032484.427834,1032484.427832,1760462414.240642,95234,12624,4,EM,1,100,RS,RB,2025-10-14_13-20-07-888827.csv,PS
1032484.630849,1032484.630848,1760462414.443658,95437,12655,4,EM,1,100,RS,RB,2025-10-14_13-20-07-888827.csv,PS
1032484.840865,1032484.840863,1760462414.653674,95647,12687,4,EM,1,100,RS,RB,2025-10-14_13-20-07-888827.csv,PS
1032485.041880,1032485.041878,1760462414.854689,95848,12720,4,EM,1,100,RS,RB,2025-10-14_13-20-07-888827.csv,PS
1032485.243895,1032485.243893,1760462415.056705,96050,12752,4,EM,1,100,RS,RB,2025-10-14_13-20-07-888827.csv,PS
1032485.444910,1032485.444908,1760462415.257720,96251,12783,4,EM,1,100,RS,RB,2025-10-14_13-20-07-888827.csv,PS
1032485.645925,1032485.645923,1760462415.458736,96452,12815,4,EM,1,100,RS,RB,2025-10-14_13-20-07-888827.csv,PS
1032485.846940,1032485.846938,1760462415.659751,96653,12845,4,EM,1,100,RS,RB,2025-10-14_13-20-07-888827.csv,PS
1032486.047955,1032486.047953,1760462415.860767,96854,12879,4,EM,1,100,RS,RB,2025-10-14_13-20-07-888827.csv,PS
1032486.248970,1032486.248969,1760462416.061783,97055,12912,4,EM,1,100,RS,RB,2025-10-14_13-20-07-888827.csv,PS
1032486.452985,1032486.452984,1760462416.265798,97259,12943,4,EM,1,100,RS,RB,2025-10-14_13-20-07-888827.csv,PS
1032486.654000,1032486.653999,1760462416.466814,97460,12974,4,EM,1,100,RS,RB,2025-10-14_13-20-07-888827.csv,PS
1032486.856016,1032486.856014,1760462416.668829,97662,13007,4,EM,1,100,RS,RB,2025-10-14_13-20-07-888827.csv,PS
1032487.057031,1032487.057029,1760462416.869845,97863,13038,4,EM,1,100,RS,RB,2025-10-14_13-20-07-888827.csv,PS
1032487.258046,1032487.258044,1760462417.070860,98064,13072,4,EM,1,100,RS,RB,2025-10-14_13-20-07-888827.csv,PS
1032487.459061,1032487.459059,1760462417.271876,98265,13102,4,EM,1,100,RS,RB,2025-10-14_13-20-07-888827.csv,PS
1032487.660076,1032487.660074,1760462417.472892,98466,13134,4,EM,1,100,RS,RB,2025-10-14_13-20-07-888827.csv,PS
1032487.862091,1032487.862089,1760462417.674907,98668,13166,4,EM,1,100,RS,RB,2025-10-14_13-20-07-888827.csv,PS
1032488.066106,1032488.066104,1760462417.878923,98872,13198,4,EM,1,100,RS,RB,2025-10-14_13-20-07-888827.csv,PS
1032488.269121,1032488.269120,1760462418.081939,99075,13233,4,EM,1,100,RS,RB,2025-10-14_13-20-07-888827.csv,PS
1032488.470136,1032488.470135,1760462418.282954,99276,13266,4,EM,1,100,RS,RB,2025-10-14_13-20-07-888827.csv,PS
1032488.671151,1032488.671150,1760462418.483970,99477,13298,4,EM,1,100,RS,RB,2025-10-14_13-20-07-888827.csv,PS
1032488.872166,1032488.872165,1760462418.684985,99678,13328,4,EM,1,100,RS,RB,2025-10-14_13-20-07-888827.csv,PS
1032489.074181,1032489.074180,1760462418.887001,99880,13360,4,EM,1,100,RS,RB,2025-10-14_13-20-07-888827.csv,PS
1032489.281197,1032489.281195,1760462419.094017,100087,13391,4,EM,1,100,RS,RB,2025-10-14_13-20-07-888827.csv,PS
1032489.486212,1032489.486211,1760462419.299032,100292,13426,4,EM,1,100,RS,RB,2025-10-14_13-20-07-888827.csv,PS
1032489.687227,1032489.687226,1760462419.500048,100493,13457,4,EM,1,100,RS,RB,2025-10-14_13-20-07-888827.csv,PS
1032489.888242,1032489.888241,1760462419.701064,100694,13489,4,EM,1,100,RS,RB,2025-10-14_13-20-07-888827.csv,PS
1032490.094258,1032490.094256,1760462419.907079,100900,13521,4,EM,1,100,RS,RB,2025-10-14_13-20-07-888827.csv,PS
1032490.296273,1032490.296271,1760462420.109095,101102,13553,4,EM,1,100,RS,RB,2025-10-14_13-20-07-888827.csv,PS
1032490.499288,1032490.499286,1760462420.312111,101305,13585,4,EM,1,100,RS,RB,2025-10-14_13-20-07-888827.csv,PS
1032490.701303,1032490.701301,1760462420.514126,101507,13617,4,EM,1,100,RS,RB,2025-10-14_13-20-07-888827.csv,PS
1032490.902318,1032490.902316,1760462420.715142,101708,13648,4,EM,1,100,RS,RB,2025-10-14_13-20-07-888827.csv,PS
1032491.109334,1032491.109332,1760462420.922158,101915,13681,4,EM,1,100,RS,RB,2025-10-14_13-20-07-888827.csv,PS
1032491.311349,1032491.311347,1760462421.124173,102117,13712,4,EM,1,100,RS,RB,2025-10-14_13-20-07-888827.csv,PS
1032491.512364,1032491.512362,1760462421.325189,102318,13745,4,EM,1,100,RS,RB,2025-10-14_13-20-07-888827.csv,PS
1032491.724380,1032491.724378,1760462421.537205,102530,13778,4,EM,1,100,RS,RB,2025-10-14_13-20-07-888827.csv,PS
1032491.925395,1032491.925393,1760462421.738221,102731,13810,4,EM,1,100,RS,RB,2025-10-14_13-20-07-888827.csv,PS
1032492.126410,1032492.126408,1760462421.939236,102932,13842,4,EM,1,100,RS,RB,2025-10-14_13-20-07-888827.csv,PS
1032492.327425,1032492.327423,1760462422.140252,103133,13876,4,EM,1,100,RS,RB,2025-10-14_13-20-07-888827.csv,PS
1032492.528440,1032492.528438,1760462422.341267,103334,13906,4,EM,1,100,RS,RB,2025-10-14_13-20-07-888827.csv,PS
1032492.729455,1032492.729453,1760462422.542283,103535,13940,4,EM,1,100,RS,RB,2025-10-14_13-20-07-888827.csv,PS
1032492.933470,1032492.933468,1760462422.746299,103739,13973,4,EM,1,100,RS,RB,2025-10-14_13-20-07-888827.csv,PS
1032493.134485,1032493.134483,1760462422.947314,103940,14004,4,EM,1,100,RS,RB,2025-10-14_13-20-07-888827.csv,PS
1032493.338500,1032493.338499,1760462423.151330,104144,14040,4,EM,1,100,RS,RB,2025-10-14_13-20-07-888827.csv,PS
1032493.539515,1032493.539514,1760462423.352345,104345,14070,4,EM,1,100,RS,RB,2025-10-14_13-20-07-888827.csv,PS
1032493.740530,1032493.740529,1760462423.553361,104546,14102,4,EM,1,100,RS,RB,2025-10-14_13-20-07-888827.csv,PS
1032493.942546,1032493.942544,1760462423.755377,104748,14135,4,EM,1,100,RS,RB,2025-10-14_13-20-07-888827.csv,PS
1032494.147561,1032494.147559,1760462423.960392,104953,14166,4,EM,1,100,RS,RB,2025-10-14_13-20-07-888827.csv,PS
1032494.350576,1032494.350574,1760462424.163408,105156,14199,4,EM,1,100,RS,RB,2025-10-14_13-20-07-888827.csv,PS
1032494.552591,1032494.552589,1760462424.365424,105358,14233,4,EM,1,100,RS,RB,2025-10-14_13-20-07-888827.csv,PS
1032494.753606,1032494.753604,1760462424.566439,105559,14265,4,EM,1,100,RS,RB,2025-10-14_13-20-07-888827.csv,PS
1032494.960622,1032494.960620,1760462424.773455,105766,14297,4,EM,1,100,RS,RB,2025-10-14_13-20-07-888827.csv,PS
1032495.162637,1032495.162635,1760462424.975471,105968,14331,4,EM,1,100,RS,RB,2025-10-14_13-20-07-888827.csv,PS
1032495.363652,1032495.363650,1760462425.176486,106169,14363,4,EM,1,100,RS,RB,2025-10-14_13-20-07-888827.csv,PS
1032495.565667,1032495.565665,1760462425.378502,106371,14396,4,EM,1,100,RS,RB,2025-10-14_13-20-07-888827.csv,PS
1032495.766682,1032495.766680,1760462425.579518,106572,14429,4,EM,1,100,RS,RB,2025-10-14_13-20-07-888827.csv,PS
1032495.981698,1032495.981696,1760462425.794534,106787,14460,4,EM,1,100,RS,RB,2025-10-14_13-20-07-888827.csv,PS
1032496.182713,1032496.182711,1760462425.995550,106988,14493,4,EM,1,100,RS,RB,2025-10-14_13-20-07-888827.csv,PS
1032496.386728,1032496.386727,1760462426.199565,107192,14524,4,EM,1,100,RS,RB,2025-10-14_13-20-07-888827.csv,PS
1032496.586743,1032496.586741,1760462426.399581,107392,14556,4,EM,1,100,RS,RB,2025-10-14_13-20-07-888827.csv,PS
1032496.787758,1032496.787757,1760462426.600596,107593,14588,4,EM,1,100,RS,RB,2025-10-14_13-20-07-888827.csv,PS
1032496.988773,1032496.988772,1760462426.801612,107794,14620,4,EM,1,100,RS,RB,2025-10-14_13-20-07-888827.csv,PS
1032497.189788,1032497.189787,1760462427.002627,107995,14650,4,EM,1,100,RS,RB,2025-10-14_13-20-07-888827.csv,PS
1032497.390803,1032497.390802,1760462427.203643,108196,14684,4,EM,1,100,RS,RB,2025-10-14_13-20-07-888827.csv,PS
1032497.591818,1032497.591817,1760462427.404658,108397,14715,4,EM,1,100,RS,RB,2025-10-14_13-20-07-888827.csv,PS
1032497.792833,1032497.792832,1760462427.605674,108598,14746,4,EM,1,100,RS,RB,2025-10-14_13-20-07-888827.csv,PS
1032498.003849,1032498.003847,1760462427.816690,108809,14779,4,EM,1,100,RS,RB,2025-10-14_13-20-07-888827.csv,PS
1032498.203864,1032498.203862,1760462428.016706,109009,14812,4,EM,1,100,RS,RB,2025-10-14_13-20-07-888827.csv,PS
1032498.404879,1032498.404877,1760462428.217721,109210,14846,4,EM,1,100,RS,RB,2025-10-14_13-20-07-888827.csv,PS
1032498.606894,1032498.606893,1760462428.419737,109412,14877,4,EM,1,100,RS,RB,2025-10-14_13-20-07-888827.csv,PS
1032498.815910,1032498.815908,1760462428.628753,109621,14910,4,EM,1,100,RS,RB,2025-10-14_13-20-07-888827.csv,PS
1032499.017925,1032499.017923,1760462428.830769,109823,14943,4,EM,1,100,RS,RB,2025-10-14_13-20-07-888827.csv,PS
1032499.219940,1032499.219938,1760462429.032784,110025,14975,4,EM,1,100,RS,RB,2025-10-14_13-20-07-888827.csv,PS
1032499.420955,1032499.420953,1760462429.233800,110226,15007,4,EM,1,100,RS,RB,2025-10-14_13-20-07-888827.csv,PS
1032499.621970,1032499.621968,1760462429.434815,110427,15041,4,EM,1,100,RS,RB,2025-10-14_13-20-07-888827.csv,PS
1032499.830986,1032499.830984,1760462429.643831,110636,15071,4,EM,1,100,RS,RB,2025-10-14_13-20-07-888827.csv,PS
1032500.032001,1032500.031999,1760462429.844847,110837,15105,4,EM,1,100,RS,RB,2025-10-14_13-20-07-888827.csv,PS
1032500.245017,1032500.245015,1760462430.057863,111050,15136,4,EM,1,100,RS,RB,2025-10-14_13-20-07-888827.csv,PS
1032500.446032,1032500.446030,1760462430.258879,111251,15167,4,EM,1,100,RS,RB,2025-10-14_13-20-07-888827.csv,PS
1032500.647047,1032500.647045,1760462430.459894,111452,15200,4,EM,1,100,RS,RB,2025-10-14_13-20-07-888827.csv,PS
1032500.848062,1032500.848060,1760462430.660910,111653,15231,4,EM,1,100,RS,RB,2025-10-14_13-20-07-888827.csv,PS
1032501.049077,1032501.049075,1760462430.861925,111854,15262,4,EM,1,100,RS,RB,2025-10-14_13-20-07-888827.csv,PS
1032501.253092,1032501.253090,1760462431.065941,112058,15296,4,EM,1,100,RS,RB,2025-10-14_13-20-07-888827.csv,PS
1032501.453107,1032501.453105,1760462431.265957,112258,15326,4,EM,1,100,RS,RB,2025-10-14_13-20-07-888827.csv,PS
1032501.656122,1032501.656121,1760462431.468972,112461,15358,4,EM,1,100,RS,RB,2025-10-14_13-20-07-888827.csv,PS
1032501.857137,1032501.857136,1760462431.669988,112662,15390,4,EM,1,100,RS,RB,2025-10-14_13-20-07-888827.csv,PS
1032502.060153,1032502.060151,1760462431.873003,112865,15422,4,EM,1,100,RS,RB,2025-10-14_13-20-07-888827.csv,PS
1032502.260168,1032502.260166,1760462432.073019,113065,15453,4,EM,1,100,RS,RB,2025-10-14_13-20-07-888827.csv,PS
1032502.461183,1032502.461181,1760462432.274035,113266,15486,4,EM,1,100,RS,RB,2025-10-14_13-20-07-888827.csv,PS
1032502.667198,1032502.667196,1760462432.480050,113472,15517,4,EM,1,100,RS,RB,2025-10-14_13-20-07-888827.csv,PS
1032502.870213,1032502.870211,1760462432.683066,113675,15550,4,EM,1,100,RS,RB,2025-10-14_13-20-07-888827.csv,PS
1032503.071228,1032503.071226,1760462432.884082,113876,15582,4,EM,1,100,RS,RB,2025-10-14_13-20-07-888827.csv,PS
1032503.273243,1032503.273241,1760462433.086097,114078,15615,4,EM,1,100,RS,RB,2025-10-14_13-20-07-888827.csv,PS
1032503.475258,1032503.475257,1760462433.288113,114280,15648,4,EM,1,100,RS,RB,2025-10-14_13-20-07-888827.csv,PS
1032503.681274,1032503.681272,1760462433.494129,114486,15679,4,EM,1,100,RS,RB,2025-10-14_13-20-07-888827.csv,PS
1032503.884289,1032503.884287,1760462433.697144,114689,15711,4,EM,1,100,RS,RB,2025-10-14_13-20-07-888827.csv,PS
1032504.085304,1032504.085302,1760462433.898160,114890,15743,4,EM,1,100,RS,RB,2025-10-14_13-20-07-888827.csv,PS
1032504.287319,1032504.287317,1760462434.100175,115092,15775,4,EM,1,100,RS,RB,2025-10-14_13-20-07-888827.csv,PS
1032504.493335,1032504.493333,1760462434.306191,115298,15805,4,EM,1,100,RS,RB,2025-10-14_13-20-07-888827.csv,PS
1032504.699350,1032504.699348,1760462434.512207,115504,15839,4,EM,1,100,RS,RB,2025-10-14_13-20-07-888827.csv,PS
1032504.906365,1032504.906364,1760462434.719223,115711,15870,4,EM,1,100,RS,RB,2025-10-14_13-20-07-888827.csv,PS
1032505.107380,1032505.107379,1760462434.920239,115912,15901,4,EM,1,100,RS,RB,2025-10-14_13-20-07-888827.csv,PS
1032505.311396,1032505.311394,1760462435.124254,116116,15934,4,EM,1,100,RS,RB,2025-10-14_13-20-07-888827.csv,PS
1032505.519411,1032505.519409,1760462435.332271,116324,15965,4,EM,1,100,RS,RB,2025-10-14_13-20-07-888827.csv,PS
1032505.720426,1032505.720424,1760462435.533286,116525,15996,4,EM,1,100,RS,RB,2025-10-14_13-20-07-888827.csv,PS
1032505.925442,1032505.925440,1760462435.738302,116730,16030,4,EM,1,100,RS,RB,2025-10-14_13-20-07-888827.csv,PS
1032506.126457,1032506.126455,1760462435.939317,116931,16060,4,EM,1,100,RS,RB,2025-10-14_13-20-07-888827.csv,PS
1032506.327472,1032506.327470,1760462436.140333,117132,16094,4,EM,1,100,RS,RB,2025-10-14_13-20-07-888827.csv,PS
1032506.528487,1032506.528485,1760462436.341348,117333,16124,4,EM,1,100,RS,RB,2025-10-14_13-20-07-888827.csv,PS
1032506.732502,1032506.732500,1760462436.545364,117537,16156,4,EM,1,100,RS,RB,2025-10-14_13-20-07-888827.csv,PS
1032506.939517,1032506.939516,1760462436.752380,117744,16189,4,EM,1,100,RS,RB,2025-10-14_13-20-07-888827.csv,PS
1032507.140532,1032507.140531,1760462436.953396,117945,16220,4,EM,1,100,RS,RB,2025-10-14_13-20-07-888827.csv,PS
1032507.341548,1032507.341546,1760462437.154411,118146,16252,4,EM,1,100,RS,RB,2025-10-14_13-20-07-888827.csv,PS
1032507.542563,1032507.542561,1760462437.355427,118347,16285,4,EM,1,100,RS,RB,2025-10-14_13-20-07-888827.csv,PS
1032507.745578,1032507.745576,1760462437.558443,118550,16316,4,EM,1,100,RS,RB,2025-10-14_13-20-07-888827.csv,PS
1032507.951593,1032507.951591,1760462437.764458,118756,16347,4,EM,1,100,RS,RB,2025-10-14_13-20-07-888827.csv,PS
1032508.155608,1032508.155606,1760462437.968474,118960,16366,4,EM,1,100,RS,RB,2025-10-14_13-20-07-888827.csv,PS
1032508.359624,1032508.359622,1760462438.172490,119164,16400,4,EM,1,100,RS,RB,2025-10-14_13-20-07-888827.csv,PS
1032508.560639,1032508.560637,1760462438.373505,119365,16432,4,EM,1,100,RS,RB,2025-10-14_13-20-07-888827.csv,PS
1032508.761654,1032508.761652,1760462438.574521,119566,16464,4,EM,1,100,RS,RB,2025-10-14_13-20-07-888827.csv,PS
1032508.963669,1032508.963667,1760462438.776536,119768,16498,4,EM,1,100,RS,RB,2025-10-14_13-20-07-888827.csv,PS
1032509.164684,1032509.164682,1760462438.977552,119969,16531,4,EM,1,100,RS,RB,2025-10-14_13-20-07-888827.csv,PS
1032509.365699,1032509.365697,1760462439.178568,120170,16562,4,EM,1,100,RS,RB,2025-10-14_13-20-07-888827.csv,PS
1032509.566714,1032509.566712,1760462439.379583,120371,16593,4,EM,1,100,RS,RB,2025-10-14_13-20-07-888827.csv,PS
1032509.767729,1032509.767727,1760462439.580599,120572,16626,4,EM,1,100,RS,RB,2025-10-14_13-20-07-888827.csv,PS
1032509.968744,1032509.968742,1760462439.781614,120773,16661,4,EM,1,100,RS,RB,2025-10-14_13-20-07-888827.csv,PS
1032510.172759,1032510.172757,1760462439.985630,120977,16694,4,EM,1,100,RS,RB,2025-10-14_13-20-07-888827.csv,PS
1032510.373774,1032510.373772,1760462440.186646,121178,16725,4,EM,1,100,RS,RB,2025-10-14_13-20-07-888827.csv,PS
1032510.574789,1032510.574787,1760462440.387661,121379,16757,4,EM,1,100,RS,RB,2025-10-14_13-20-07-888827.csv,PS
1032510.777804,1032510.777803,1760462440.590677,121582,16789,4,EM,1,100,RS,RB,2025-10-14_13-20-07-888827.csv,PS
1032510.979820,1032510.979818,1760462440.792692,121784,16824,4,EM,1,100,RS,RB,2025-10-14_13-20-07-888827.csv,PS
1032511.180835,1032511.180833,1760462440.993708,121985,16854,4,EM,1,100,RS,RB,2025-10-14_13-20-07-888827.csv,PS
1032511.381850,1032511.381848,1760462441.194723,122186,16888,4,EM,1,100,RS,RB,2025-10-14_13-20-07-888827.csv,PS
1032511.588865,1032511.588863,1760462441.401739,122393,16919,4,EM,1,100,RS,RB,2025-10-14_13-20-07-888827.csv,PS
1032511.788880,1032511.788878,1760462441.601755,122593,16950,4,EM,1,100,RS,RB,2025-10-14_13-20-07-888827.csv,PS
1032511.991895,1032511.991893,1760462441.804770,122796,16986,4,EM,1,100,RS,RB,2025-10-14_13-20-07-888827.csv,PS
1032512.192910,1032512.192908,1760462442.005786,122997,17017,4,EM,1,100,RS,RB,2025-10-14_13-20-07-888827.csv,PS
1032512.399926,1032512.399924,1760462442.212802,123204,17048,4,EM,1,100,RS,RB,2025-10-14_13-20-07-888827.csv,PS
1032512.600941,1032512.600939,1760462442.413817,123405,17082,4,EM,1,100,RS,RB,2025-10-14_13-20-07-888827.csv,PS
1032512.803956,1032512.803954,1760462442.616833,123608,17112,4,EM,1,100,RS,RB,2025-10-14_13-20-07-888827.csv,PS
1032513.012972,1032513.012970,1760462442.825849,123817,17149,4,EM,1,100,RS,RB,2025-10-14_13-20-07-888827.csv,PS
1032513.213987,1032513.213985,1760462443.026865,124018,17184,4,EM,1,100,RS,RB,2025-10-14_13-20-07-888827.csv,PS
1032513.415002,1032513.415000,1760462443.227880,124219,17216,4,EM,1,100,RS,RB,2025-10-14_13-20-07-888827.csv,PS
1032513.619017,1032513.619015,1760462443.431896,124423,17250,4,EM,1,100,RS,RB,2025-10-14_13-20-07-888827.csv,PS
1032513.821032,1032513.821030,1760462443.633912,124625,17280,4,EM,1,100,RS,RB,2025-10-14_13-20-07-888827.csv,PS
1032514.028048,1032514.028046,1760462443.840928,124832,17315,4,EM,1,100,RS,RB,2025-10-14_13-20-07-888827.csv,PS
1032514.231063,1032514.231061,1760462444.043943,125035,17348,4,EM,1,100,RS,RB,2025-10-14_13-20-07-888827.csv,PS
1032514.435078,1032514.435076,1760462444.247959,125239,17379,4,EM,1,100,RS,RB,2025-10-14_13-20-07-888827.csv,PS
1032514.639093,1032514.639091,1760462444.451975,125443,17410,4,EM,1,100,RS,RB,2025-10-14_13-20-07-888827.csv,PS
1032514.844109,1032514.844107,1760462444.656991,125648,17443,4,EM,1,100,RS,RB,2025-10-14_13-20-07-888827.csv,PS
1032515.055124,1032515.055122,1760462444.868007,125859,17477,4,EM,1,100,RS,RB,2025-10-14_13-20-07-888827.csv,PS
1032515.260140,1032515.260138,1760462445.073023,126064,17511,4,EM,1,100,RS,RB,2025-10-14_13-20-07-888827.csv,PS
1032515.467155,1032515.467153,1760462445.280039,126271,17541,4,EM,1,100,RS,RB,2025-10-14_13-20-07-888827.csv,PS
1032515.668170,1032515.668168,1760462445.481054,126472,17573,4,EM,1,100,RS,RB,2025-10-14_13-20-07-888827.csv,PS
1032515.871185,1032515.871183,1760462445.684070,126675,17605,4,EM,1,100,RS,RB,2025-10-14_13-20-07-888827.csv,PS
1032516.072200,1032516.072198,1760462445.885085,126876,17640,4,EM,1,100,RS,RB,2025-10-14_13-20-07-888827.csv,PS
1032516.273215,1032516.273213,1760462446.086101,127077,17671,4,EM,1,100,RS,RB,2025-10-14_13-20-07-888827.csv,PS
1032516.475231,1032516.475229,1760462446.288116,127279,17704,4,EM,1,100,RS,RB,2025-10-14_13-20-07-888827.csv,PS
1032516.680246,1032516.680244,1760462446.493132,127484,17736,4,EM,1,100,RS,RB,2025-10-14_13-20-07-888827.csv,PS
1032516.897262,1032516.897260,1760462446.710149,127701,17767,4,EM,1,100,RS,RB,2025-10-14_13-20-07-888827.csv,PS
1032517.106278,1032517.106276,1760462446.919165,127910,17803,4,EM,1,100,RS,RB,2025-10-14_13-20-07-888827.csv,PS
1032517.323294,1032517.323292,1760462447.136182,128127,17834,4,EM,1,100,RS,RB,2025-10-14_13-20-07-888827.csv,PS
1032517.524309,1032517.524307,1760462447.337198,128328,17865,4,EM,1,100,RS,RB,2025-10-14_13-20-07-888827.csv,PS
1032517.725324,1032517.725322,1760462447.538213,128529,17898,4,EM,1,100,RS,RB,2025-10-14_13-20-07-888827.csv,PS
1032517.926339,1032517.926337,1760462447.739228,128730,17931,4,EM,1,100,RS,RB,2025-10-14_13-20-07-888827.csv,PS
1032518.127354,1032518.127352,1760462447.940244,128931,17965,4,EM,1,100,RS,RB,2025-10-14_13-20-07-888827.csv,PS
1032518.328369,1032518.328367,1760462448.141260,129132,17999,4,EM,1,100,RS,RB,2025-10-14_13-20-07-888827.csv,PS
1032518.532384,1032518.532382,1760462448.345275,129336,18029,4,EM,1,100,RS,RB,2025-10-14_13-20-07-888827.csv,PS
1032518.733399,1032518.733397,1760462448.546291,129537,18063,4,EM,1,100,RS,RB,2025-10-14_13-20-07-888827.csv,PS
1032518.934414,1032518.934412,1760462448.747306,129738,18094,4,EM,1,100,RS,RB,2025-10-14_13-20-07-888827.csv,PS
1032519.135429,1032519.135427,1760462448.948322,129939,18125,4,EM,1,100,RS,RB,2025-10-14_13-20-07-888827.csv,PS
1032519.336445,1032519.336443,1760462449.149338,130140,18158,4,EM,1,100,RS,RB,2025-10-14_13-20-07-888827.csv,PS
1032519.537460,1032519.537458,1760462449.350353,130341,18189,4,EM,1,100,RS,RB,2025-10-14_13-20-07-888827.csv,PS
1032519.738475,1032519.738473,1760462449.551368,130542,18220,4,EM,1,100,RS,RB,2025-10-14_13-20-07-888827.csv,PS
1032519.939490,1032519.939488,1760462449.752384,130743,18254,4,EM,1,100,RS,RB,2025-10-14_13-20-07-888827.csv,PS
1032520.140505,1032520.140503,1760462449.953400,130944,18284,4,EM,1,100,RS,RB,2025-10-14_13-20-07-888827.csv,PS
1032520.341520,1032520.341518,1760462450.154415,131145,18318,4,EM,1,100,RS,RB,2025-10-14_13-20-07-888827.csv,PS
1032520.545535,1032520.545533,1760462450.358431,131349,18349,4,EM,1,100,RS,RB,2025-10-14_13-20-07-888827.csv,PS
1032520.746550,1032520.746548,1760462450.559446,131550,18380,4,EM,1,100,RS,RB,2025-10-14_13-20-07-888827.csv,PS
1032520.947565,1032520.947563,1760462450.760462,131751,18414,4,EM,1,100,RS,RB,2025-10-14_13-20-07-888827.csv,PS
1032521.148580,1032521.148578,1760462450.961478,131952,18444,4,EM,1,100,RS,RB,2025-10-14_13-20-07-888827.csv,PS
1032521.349595,1032521.349593,1760462451.162493,132153,18476,4,EM,1,100,RS,RB,2025-10-14_13-20-07-888827.csv,PS
1032521.561611,1032521.561609,1760462451.374509,132365,18509,4,EM,1,100,RS,RB,2025-10-14_13-20-07-888827.csv,PS
1032521.762626,1032521.762624,1760462451.575525,132566,18540,4,EM,1,100,RS,RB,2025-10-14_13-20-07-888827.csv,PS
1032521.963641,1032521.963639,1760462451.776540,132767,18571,4,EM,1,100,RS,RB,2025-10-14_13-20-07-888827.csv,PS
1032522.164656,1032522.164654,1760462451.977556,132968,18604,4,EM,1,100,RS,RB,2025-10-14_13-20-07-888827.csv,PS
1032522.365671,1032522.365669,1760462452.178571,133169,18635,4,EM,1,100,RS,RB,2025-10-14_13-20-07-888827.csv,PS
1032522.566686,1032522.566684,1760462452.379587,133370,18669,4,EM,1,100,RS,RB,2025-10-14_13-20-07-888827.csv,PS
1032522.767701,1032522.767699,1760462452.580602,133571,18699,4,EM,1,100,RS,RB,2025-10-14_13-20-07-888827.csv,PS
1032522.968716,1032522.968714,1760462452.781618,133772,18731,4,EM,1,100,RS,RB,2025-10-14_13-20-07-888827.csv,PS
1032523.172731,1032523.172729,1760462452.985634,133976,18763,4,EM,1,100,RS,RB,2025-10-14_13-20-07-888827.csv,PS
1032523.374747,1032523.374744,1760462453.187649,134178,18797,4,EM,1,100,RS,RB,2025-10-14_13-20-07-888827.csv,PS
1032523.577762,1032523.577760,1760462453.390665,134381,18828,4,EM,1,100,RS,RB,2025-10-14_13-20-07-888827.csv,PS
1032523.778777,1032523.778775,1760462453.591681,134582,18861,4,EM,1,100,RS,RB,2025-10-14_13-20-07-888827.csv,PS
1032523.985792,1032523.985790,1760462453.798697,134789,18892,4,EM,1,100,RS,RB,2025-10-14_13-20-07-888827.csv,PS
1032524.189807,1032524.189805,1760462454.002712,134993,18925,4,EM,1,100,RS,RB,2025-10-14_13-20-07-888827.csv,PS
1032524.391823,1032524.391820,1760462454.204728,135195,18956,4,EM,1,100,RS,RB,2025-10-14_13-20-07-888827.csv,PS
1032524.592838,1032524.592836,1760462454.405743,135396,18988,4,EM,1,100,RS,RB,2025-10-14_13-20-07-888827.csv,PS
1032524.793853,1032524.793851,1760462454.606759,135597,19020,4,EM,1,100,RS,RB,2025-10-14_13-20-07-888827.csv,PS
1032524.994868,1032524.994866,1760462454.807774,135798,19052,4,EM,1,100,RS,RB,2025-10-14_13-20-07-888827.csv,PS
1032525.198883,1032525.198881,1760462455.011790,136002,19082,4,EM,1,100,RS,RB,2025-10-14_13-20-07-888827.csv,PS
1032525.400898,1032525.400896,1760462455.213806,136204,19116,4,EM,1,100,RS,RB,2025-10-14_13-20-07-888827.csv,PS
1032525.605913,1032525.605911,1760462455.418822,136409,19148,4,EM,1,100,RS,RB,2025-10-14_13-20-07-888827.csv,PS
1032525.816929,1032525.816927,1760462455.629838,136620,19180,4,EM,1,100,RS,RB,2025-10-14_13-20-07-888827.csv,PS
1032526.017944,1032526.017942,1760462455.830853,136821,19212,4,EM,1,100,RS,RB,2025-10-14_13-20-07-888827.csv,PS
1032526.218959,1032526.218957,1760462456.031869,137022,19243,4,EM,1,100,RS,RB,2025-10-14_13-20-07-888827.csv,PS
1032526.419974,1032526.419972,1760462456.232884,137223,19276,4,EM,1,100,RS,RB,2025-10-14_13-20-07-888827.csv,PS
1032526.620989,1032526.620987,1760462456.433900,137424,19307,4,EM,1,100,RS,RB,2025-10-14_13-20-07-888827.csv,PS
1032526.822004,1032526.822002,1760462456.634916,137625,19338,4,EM,1,100,RS,RB,2025-10-14_13-20-07-888827.csv,PS
1032527.026020,1032527.026017,1760462456.838931,137829,19371,4,EM,1,100,RS,RB,2025-10-14_13-20-07-888827.csv,PS
1032527.230035,1032527.230033,1760462457.042947,138033,19403,4,EM,1,100,RS,RB,2025-10-14_13-20-07-888827.csv,PS
1032527.440051,1032527.440048,1760462457.252963,138243,19433,4,EM,1,100,RS,RB,2025-10-14_13-20-07-888827.csv,PS
1032527.641066,1032527.641063,1760462457.453979,138444,19467,4,EM,1,100,RS,RB,2025-10-14_13-20-07-888827.csv,PS
1032527.842081,1032527.842078,1760462457.654994,138645,19497,4,EM,1,100,RS,RB,2025-10-14_13-20-07-888827.csv,PS
1032528.043096,1032528.043094,1760462457.856010,138846,19529,4,EM,1,100,RS,RB,2025-10-14_13-20-07-888827.csv,PS
1032528.244111,1032528.244109,1760462458.057025,139047,19564,4,EM,1,100,RS,RB,2025-10-14_13-20-07-888827.csv,PS
1032528.447126,1032528.447124,1760462458.260041,139250,19595,4,EM,1,100,RS,RB,2025-10-14_13-20-07-888827.csv,PS
1032528.648141,1032528.648139,1760462458.461056,139451,19626,4,EM,1,100,RS,RB,2025-10-14_13-20-07-888827.csv,PS
1032528.852156,1032528.852154,1760462458.665072,139655,19659,4,EM,1,100,RS,RB,2025-10-14_13-20-07-888827.csv,PS
1032529.053171,1032529.053169,1760462458.866088,139856,19690,4,EM,1,100,RS,RB,2025-10-14_13-20-07-888827.csv,PS
1032529.256186,1032529.256184,1760462459.069103,140059,19724,4,EM,1,100,RS,RB,2025-10-14_13-20-07-888827.csv,PS
1032529.460202,1032529.460199,1760462459.273119,140263,19754,4,EM,1,100,RS,RB,2025-10-14_13-20-07-888827.csv,PS
1032529.661217,1032529.661214,1760462459.474135,140464,19786,4,EM,1,100,RS,RB,2025-10-14_13-20-07-888827.csv,PS
1032529.870232,1032529.870230,1760462459.683151,140673,19818,4,EM,1,100,RS,RB,2025-10-14_13-20-07-888827.csv,PS
1032530.071247,1032530.071245,1760462459.884166,140874,19850,4,EM,1,100,RS,RB,2025-10-14_13-20-07-888827.csv,PS
1032530.272262,1032530.272260,1760462460.085182,141075,19881,4,EM,1,100,RS,RB,2025-10-14_13-20-07-888827.csv,PS
1032530.473277,1032530.473275,1760462460.286197,141276,19914,4,EM,1,100,RS,RB,2025-10-14_13-20-07-888827.csv,PS
1032530.674292,1032530.674290,1760462460.487213,141477,19946,4,EM,1,100,RS,RB,2025-10-14_13-20-07-888827.csv,PS
1032530.878308,1032530.878306,1760462460.691229,141681,19976,4,EM,1,100,RS,RB,2025-10-14_13-20-07-888827.csv,PS
1032531.078323,1032531.078320,1760462460.891244,141881,20010,4,EM,1,100,RS,RB,2025-10-14_13-20-07-888827.csv,PS
1032531.279338,1032531.279335,1760462461.092260,142082,20041,4,EM,1,100,RS,RB,2025-10-14_13-20-07-888827.csv,PS
1032531.480353,1032531.480351,1760462461.293275,142283,20074,4,EM,1,100,RS,RB,2025-10-14_13-20-07-888827.csv,PS
1032531.682368,1032531.682366,1760462461.495291,142485,20105,4,EM,1,100,RS,RB,2025-10-14_13-20-07-888827.csv,PS
1032531.884383,1032531.884381,1760462461.697306,142687,20137,4,EM,1,100,RS,RB,2025-10-14_13-20-07-888827.csv,PS
1032532.085398,1032532.085396,1760462461.898322,142888,20169,4,EM,1,100,RS,RB,2025-10-14_13-20-07-888827.csv,PS
1032532.292413,1032532.292411,1760462462.105338,143095,20201,4,EM,1,100,RS,RB,2025-10-14_13-20-07-888827.csv,PS
1032532.496429,1032532.496426,1760462462.309354,143299,20231,4,EM,1,100,RS,RB,2025-10-14_13-20-07-888827.csv,PS
1032532.697444,1032532.697442,1760462462.510369,143500,20265,4,EM,1,100,RS,RB,2025-10-14_13-20-07-888827.csv,PS
1032532.901459,1032532.901457,1760462462.714385,143704,20296,4,EM,1,100,RS,RB,2025-10-14_13-20-07-888827.csv,PS
1032533.107474,1032533.107472,1760462462.920401,143910,20329,4,EM,1,100,RS,RB,2025-10-14_13-20-07-888827.csv,PS
1032533.310490,1032533.310487,1760462463.123416,144113,20362,4,EM,1,100,RS,RB,2025-10-14_13-20-07-888827.csv,PS
1032533.511505,1032533.511502,1760462463.324432,144314,20393,4,EM,1,100,RS,RB,2025-10-14_13-20-07-888827.csv,PS
1032533.714520,1032533.714518,1760462463.527448,144517,20426,4,EM,1,100,RS,RB,2025-10-14_13-20-07-888827.csv,PS
1032533.919535,1032533.919533,1760462463.732464,144722,20458,4,EM,1,100,RS,RB,2025-10-14_13-20-07-888827.csv,PS
1032534.120550,1032534.120548,1760462463.933479,144923,20488,4,EM,1,100,RS,RB,2025-10-14_13-20-07-888827.csv,PS
1032534.321565,1032534.321563,1760462464.134495,145124,20522,4,EM,1,100,RS,RB,2025-10-14_13-20-07-888827.csv,PS
1032534.524580,1032534.524578,1760462464.337510,145327,20552,4,EM,1,100,RS,RB,2025-10-14_13-20-07-888827.csv,PS
1032534.725595,1032534.725593,1760462464.538526,145528,20584,4,EM,1,100,RS,RB,2025-10-14_13-20-07-888827.csv,PS
1032534.933611,1032534.933609,1760462464.746542,145736,20617,4,EM,1,100,RS,RB,2025-10-14_13-20-07-888827.csv,PS
1032535.134626,1032535.134624,1760462464.947557,145937,20650,4,EM,1,100,RS,RB,2025-10-14_13-20-07-888827.csv,PS
1032535.335641,1032535.335639,1760462465.148573,146138,20684,4,EM,1,100,RS,RB,2025-10-14_13-20-07-888827.csv,PS
1032535.536656,1032535.536654,1760462465.349588,146339,20716,4,EM,1,100,RS,RB,2025-10-14_13-20-07-888827.csv,PS
1032535.737671,1032535.737669,1760462465.550604,146540,20750,4,EM,1,100,RS,RB,2025-10-14_13-20-07-888827.csv,PS
1032535.945687,1032535.945684,1760462465.758620,146748,20781,4,EM,1,100,RS,RB,2025-10-14_13-20-07-888827.csv,PS
1032536.147702,1032536.147699,1760462465.960636,146950,20814,4,EM,1,100,RS,RB,2025-10-14_13-20-07-888827.csv,PS
1032536.349717,1032536.349715,1760462466.162651,147152,20845,4,EM,1,100,RS,RB,2025-10-14_13-20-07-888827.csv,PS
1032536.552732,1032536.552730,1760462466.365667,147355,20879,4,EM,1,100,RS,RB,2025-10-14_13-20-07-888827.csv,PS
1032536.758747,1032536.758745,1760462466.571683,147561,20909,4,EM,1,100,RS,RB,2025-10-14_13-20-07-888827.csv,PS
1032536.962763,1032536.962760,1760462466.775698,147765,20941,4,EM,1,100,RS,RB,2025-10-14_13-20-07-888827.csv,PS
1032537.164778,1032537.164776,1760462466.977714,147967,20973,4,EM,1,100,RS,RB,2025-10-14_13-20-07-888827.csv,PS
1032537.365793,1032537.365791,1760462467.178730,148168,21005,4,EM,1,100,RS,RB,2025-10-14_13-20-07-888827.csv,PS
1032537.571808,1032537.571806,1760462467.384746,148374,21036,4,EM,1,100,RS,RB,2025-10-14_13-20-07-888827.csv,PS
1032537.775823,1032537.775821,1760462467.588761,148578,21069,4,EM,1,100,RS,RB,2025-10-14_13-20-07-888827.csv,PS
1032537.980839,1032537.980837,1760462467.793777,148783,21100,4,EM,1,100,RS,RB,2025-10-14_13-20-07-888827.csv,PS
1032538.280861,1032538.280859,1760462468.093800,149083,21117,4,EM,1,100,RS,RB,2025-10-14_13-20-07-888827.csv,PS
1032538.482876,1032538.482874,1760462468.295816,149285,21153,4,EM,1,100,RS,RB,2025-10-14_13-20-07-888827.csv,PS
1032538.682891,1032538.682889,1760462468.495831,149485,21184,4,EM,1,100,RS,RB,2025-10-14_13-20-07-888827.csv,PS
1032538.883906,1032538.883904,1760462468.696847,149686,21217,4,EM,1,100,RS,RB,2025-10-14_13-20-07-888827.csv,PS
1032539.084921,1032539.084919,1760462468.897862,149887,21249,4,EM,1,100,RS,RB,2025-10-14_13-20-07-888827.csv,PS
1032539.285936,1032539.285934,1760462469.098878,150088,21283,4,EM,1,100,RS,RB,2025-10-14_13-20-07-888827.csv,PS
1032539.486951,1032539.486949,1760462469.299893,150289,21315,4,EM,1,100,RS,RB,2025-10-14_13-20-07-888827.csv,PS
1032539.687966,1032539.687964,1760462469.500909,150490,21347,4,EM,1,100,RS,RB,2025-10-14_13-20-07-888827.csv,PS
1032539.892982,1032539.892980,1760462469.705925,150695,21377,4,EM,1,100,RS,RB,2025-10-14_13-20-07-888827.csv,PS
1032540.093997,1032540.093995,1760462469.906940,150896,21412,4,EM,1,100,RS,RB,2025-10-14_13-20-07-888827.csv,PS
1032540.296012,1032540.296010,1760462470.108956,151098,21445,4,EM,1,100,RS,RB,2025-10-14_13-20-07-888827.csv,PS
1032540.497027,1032540.497025,1760462470.309971,151299,21476,4,EM,1,100,RS,RB,2025-10-14_13-20-07-888827.csv,PS
1032540.698042,1032540.698040,1760462470.510987,151500,21509,4,EM,1,100,RS,RB,2025-10-14_13-20-07-888827.csv,PS
1032540.899057,1032540.899055,1760462470.712003,151701,21540,4,EM,1,100,RS,RB,2025-10-14_13-20-07-888827.csv,PS
1032541.100072,1032541.100070,1760462470.913018,151902,21572,4,EM,1,100,RS,RB,2025-10-14_13-20-07-888827.csv,PS
1032541.301087,1032541.301085,1760462471.114033,152103,21608,4,EM,1,100,RS,RB,2025-10-14_13-20-07-888827.csv,PS
1032541.505102,1032541.505100,1760462471.318049,152307,21638,4,EM,1,100,RS,RB,2025-10-14_13-20-07-888827.csv,PS
1032541.706117,1032541.706115,1760462471.519065,152508,21672,4,EM,1,100,RS,RB,2025-10-14_13-20-07-888827.csv,PS
1032541.907132,1032541.907130,1760462471.720080,152709,21703,4,EM,1,100,RS,RB,2025-10-14_13-20-07-888827.csv,PS
1032542.108147,1032542.108145,1760462471.921096,152910,21737,4,EM,1,100,RS,RB,2025-10-14_13-20-07-888827.csv,PS
1032542.309162,1032542.309160,1760462472.122111,153111,21773,4,EM,1,100,RS,RB,2025-10-14_13-20-07-888827.csv,PS
1032542.510177,1032542.510175,1760462472.323127,153312,21803,4,EM,1,100,RS,RB,2025-10-14_13-20-07-888827.csv,PS
1032542.711193,1032542.711190,1760462472.524143,153513,21837,4,EM,1,100,RS,RB,2025-10-14_13-20-07-888827.csv,PS
1032542.912208,1032542.912205,1760462472.725158,153714,21868,4,EM,1,100,RS,RB,2025-10-14_13-20-07-888827.csv,PS
1032543.113223,1032543.113220,1760462472.926173,153915,21900,4,EM,1,100,RS,RB,2025-10-14_13-20-07-888827.csv,PS
1032543.321238,1032543.321236,1760462473.134190,154123,21942,4,EM,1,100,RS,RB,2025-10-14_13-20-07-888827.csv,PS
1032543.522253,1032543.522251,1760462473.335205,154324,21973,4,EM,1,100,RS,RB,2025-10-14_13-20-07-888827.csv,PS
1032543.723268,1032543.723266,1760462473.536221,154525,22006,4,EM,1,100,RS,RB,2025-10-14_13-20-07-888827.csv,PS
1032543.924283,1032543.924281,1760462473.737236,154726,22040,4,EM,1,100,RS,RB,2025-10-14_13-20-07-888827.csv,PS
1032544.125298,1032544.125296,1760462473.938251,154927,22071,4,EM,1,100,RS,RB,2025-10-14_13-20-07-888827.csv,PS
1032544.326313,1032544.326311,1760462474.139267,155128,22109,4,EM,1,100,RS,RB,2025-10-14_13-20-07-888827.csv,PS
1032544.527328,1032544.527326,1760462474.340283,155329,22139,4,EM,1,100,RS,RB,2025-10-14_13-20-07-888827.csv,PS
1032544.732344,1032544.732341,1760462474.545299,155534,22171,4,EM,1,100,RS,RB,2025-10-14_13-20-07-888827.csv,PS
1032544.932359,1032544.932356,1760462474.745314,155734,22204,4,EM,1,100,RS,RB,2025-10-14_13-20-07-888827.csv,PS
1032545.133374,1032545.133371,1760462474.946329,155935,22238,4,EM,1,100,RS,RB,2025-10-14_13-20-07-888827.csv,PS
1032545.336389,1032545.336387,1760462475.149345,156138,22271,4,EM,1,100,RS,RB,2025-10-14_13-20-07-888827.csv,PS
1032545.536404,1032545.536402,1760462475.349360,156338,22302,4,EM,1,100,RS,RB,2025-10-14_13-20-07-888827.csv,PS
1032545.737419,1032545.737417,1760462475.550376,156539,22333,4,EM,1,100,RS,RB,2025-10-14_13-20-07-888827.csv,PS
1032545.939434,1032545.939432,1760462475.752392,156741,22367,4,EM,1,100,RS,RB,2025-10-14_13-20-07-888827.csv,PS
1032546.145449,1032546.145447,1760462475.958408,156947,22398,4,EM,1,100,RS,RB,2025-10-14_13-20-07-888827.csv,PS
1032546.349465,1032546.349462,1760462476.162423,157151,22432,4,EM,1,100,RS,RB,2025-10-14_13-20-07-888827.csv,PS
1032546.550480,1032546.550477,1760462476.363439,157352,22464,4,EM,1,100,RS,RB,2025-10-14_13-20-07-888827.csv,PS
1032546.752495,1032546.752492,1760462476.565454,157554,22496,4,EM,1,100,RS,RB,2025-10-14_13-20-07-888827.csv,PS
1032546.953510,1032546.953507,1760462476.766470,157755,22528,4,EM,1,100,RS,RB,2025-10-14_13-20-07-888827.csv,PS
1032547.176526,1032547.176524,1760462476.989487,157978,22561,4,EM,1,100,RS,RB,2025-10-14_13-20-07-888827.csv,PS
1032547.377541,1032547.377539,1760462477.190503,158179,22595,4,EM,1,100,RS,RB,2025-10-14_13-20-07-888827.csv,PS
1032547.578557,1032547.578554,1760462477.391518,158380,22626,4,EM,1,100,RS,RB,2025-10-14_13-20-07-888827.csv,PS
1032547.779572,1032547.779569,1760462477.592534,158581,22659,4,EM,1,100,RS,RB,2025-10-14_13-20-07-888827.csv,PS
1032547.980587,1032547.980584,1760462477.793549,158782,22690,4,EM,1,100,RS,RB,2025-10-14_13-20-07-888827.csv,PS
1032548.185602,1032548.185600,1760462477.998565,158987,22722,4,EM,1,100,RS,RB,2025-10-14_13-20-07-888827.csv,PS
1032548.388617,1032548.388615,1760462478.201581,159190,22757,4,EM,1,100,RS,RB,2025-10-14_13-20-07-888827.csv,PS
1032548.589632,1032548.589630,1760462478.402596,159391,22794,4,EM,1,100,RS,RB,2025-10-14_13-20-07-888827.csv,PS
1032548.790647,1032548.790645,1760462478.603612,159592,22824,4,EM,1,100,RS,RB,2025-10-14_13-20-07-888827.csv,PS
1032548.991662,1032548.991660,1760462478.804627,159793,22856,4,EM,1,100,RS,RB,2025-10-14_13-20-07-888827.csv,PS
1032549.192677,1032549.192675,1760462479.005643,159994,22889,4,EM,1,100,RS,RB,2025-10-14_13-20-07-888827.csv,PS
1032549.407693,1032549.407691,1760462479.220659,160209,22923,4,EM,1,100,RS,RB,2025-10-14_13-20-07-888827.csv,PS
1032549.616709,1032549.616707,1760462479.429676,160418,22955,4,EM,1,100,RS,RB,2025-10-14_13-20-07-888827.csv,PS
1032549.817724,1032549.817722,1760462479.630691,160619,22987,4,EM,1,100,RS,RB,2025-10-14_13-20-07-888827.csv,PS
1032550.039741,1032550.039738,1760462479.852708,160841,23020,4,EM,1,100,RS,RB,2025-10-14_13-20-07-888827.csv,PS
1032550.239756,1032550.239753,1760462480.052724,161041,23051,4,EM,1,100,RS,RB,2025-10-14_13-20-07-888827.csv,PS
1032550.440771,1032550.440768,1760462480.253739,161242,23086,4,EM,1,100,RS,RB,2025-10-14_13-20-07-888827.csv,PS
1032550.643786,1032550.643783,1760462480.456755,161445,23119,4,EM,1,100,RS,RB,2025-10-14_13-20-07-888827.csv,PS
1032550.843801,1032550.843798,1760462480.656770,161645,23150,4,EM,1,100,RS,RB,2025-10-14_13-20-07-888827.csv,PS
1032551.052816,1032551.052814,1760462480.865787,161854,23182,4,EM,1,100,RS,RB,2025-10-14_13-20-07-888827.csv,PS
1032551.252831,1032551.252829,1760462481.065802,162054,23214,4,EM,1,100,RS,RB,2025-10-14_13-20-07-888827.csv,PS
1032551.453846,1032551.453844,1760462481.266818,162255,23246,4,EM,1,100,RS,RB,2025-10-14_13-20-07-888827.csv,PS
1032551.654861,1032551.654859,1760462481.467833,162456,23278,4,EM,1,100,RS,RB,2025-10-14_13-20-07-888827.csv,PS
1032551.855876,1032551.855874,1760462481.668849,162657,23308,4,EM,1,100,RS,RB,2025-10-14_13-20-07-888827.csv,PS
1032552.067892,1032552.067890,1760462481.880865,162869,23341,4,EM,1,100,RS,RB,2025-10-14_13-20-07-888827.csv,PS
1032552.277908,1032552.277906,1760462482.090881,163079,23374,4,EM,1,100,RS,RB,2025-10-14_13-20-07-888827.csv,PS
1032552.478923,1032552.478921,1760462482.291897,163280,23405,4,EM,1,100,RS,RB,2025-10-14_13-20-07-888827.csv,PS
1032552.679938,1032552.679936,1760462482.492912,163481,23436,4,EM,1,100,RS,RB,2025-10-14_13-20-07-888827.csv,PS
1032552.880953,1032552.880951,1760462482.693928,163682,23469,4,EM,1,100,RS,RB,2025-10-14_13-20-07-888827.csv,PS
1032553.082968,1032553.082966,1760462482.895943,163884,23501,4,EM,1,100,RS,RB,2025-10-14_13-20-07-888827.csv,PS
1032553.295984,1032553.295982,1760462483.108960,164097,23541,4,EM,1,100,RS,RB,2025-10-14_13-20-07-888827.csv,PS
1032553.496999,1032553.496997,1760462483.309975,164298,23571,4,EM,1,100,RS,RB,2025-10-14_13-20-07-888827.csv,PS
1032553.698014,1032553.698012,1760462483.510991,164499,23608,4,EM,1,100,RS,RB,2025-10-14_13-20-07-888827.csv,PS
1032553.899029,1032553.899027,1760462483.712006,164700,23641,4,EM,1,100,RS,RB,2025-10-14_13-20-07-888827.csv,PS
1032554.100044,1032554.100042,1760462483.913022,164901,23673,4,EM,1,100,RS,RB,2025-10-14_13-20-07-888827.csv,PS
1032554.313060,1032554.313058,1760462484.126038,165114,23707,4,EM,1,100,RS,RB,2025-10-14_13-20-07-888827.csv,PS
1032554.514075,1032554.514073,1760462484.327054,165315,23739,4,EM,1,100,RS,RB,2025-10-14_13-20-07-888827.csv,PS
1032554.719091,1032554.719088,1760462484.532070,165520,23771,4,EM,1,100,RS,RB,2025-10-14_13-20-07-888827.csv,PS
1032554.920106,1032554.920103,1760462484.733085,165721,23802,4,EM,1,100,RS,RB,2025-10-14_13-20-07-888827.csv,PS
1032555.121121,1032555.121118,1760462484.934101,165922,23836,4,EM,1,100,RS,RB,2025-10-14_13-20-07-888827.csv,PS
1032555.338137,1032555.338134,1760462485.151117,166139,23869,4,EM,1,100,RS,RB,2025-10-14_13-20-07-888827.csv,PS
1032555.539152,1032555.539149,1760462485.352133,166340,23902,4,EM,1,100,RS,RB,2025-10-14_13-20-07-888827.csv,PS
1032555.740167,1032555.740164,1760462485.553149,166541,23933,4,EM,1,100,RS,RB,2025-10-14_13-20-07-888827.csv,PS
1032555.944182,1032555.944180,1760462485.757164,166745,23965,4,EM,1,100,RS,RB,2025-10-14_13-20-07-888827.csv,PS
1032556.146197,1032556.146195,1760462485.959180,166947,23998,4,EM,1,100,RS,RB,2025-10-14_13-20-07-888827.csv,PS
1032556.349212,1032556.349210,1760462486.162195,167150,24032,4,EM,1,100,RS,RB,2025-10-14_13-20-07-888827.csv,PS
1032556.552228,1032556.552225,1760462486.365211,167353,24063,4,EM,1,100,RS,RB,2025-10-14_13-20-07-888827.csv,PS
1032556.759243,1032556.759241,1760462486.572227,167560,24096,4,EM,1,100,RS,RB,2025-10-14_13-20-07-888827.csv,PS
1032556.959258,1032556.959256,1760462486.772243,167760,24128,4,EM,1,100,RS,RB,2025-10-14_13-20-07-888827.csv,PS
1032557.162273,1032557.162271,1760462486.975258,167963,24161,4,EM,1,100,RS,RB,2025-10-14_13-20-07-888827.csv,PS
1032557.367289,1032557.367286,1760462487.180274,168168,24195,4,EM,1,100,RS,RB,2025-10-14_13-20-07-888827.csv,PS
1032557.571304,1032557.571301,1760462487.384290,168372,24226,4,EM,1,100,RS,RB,2025-10-14_13-20-07-888827.csv,PS
1032557.772319,1032557.772316,1760462487.585305,168573,24259,4,EM,1,100,RS,RB,2025-10-14_13-20-07-888827.csv,PS
1032557.973334,1032557.973331,1760462487.786321,168774,24290,4,EM,1,100,RS,RB,2025-10-14_13-20-07-888827.csv,PS
1032558.185350,1032558.185347,1760462487.998337,168986,24324,4,EM,1,100,RS,RB,2025-10-14_13-20-07-888827.csv,PS
1032558.386365,1032558.386362,1760462488.199353,169187,24359,4,EM,1,100,RS,RB,2025-10-14_13-20-07-888827.csv,PS
1032558.587380,1032558.587377,1760462488.400368,169388,24391,4,EM,1,100,RS,RB,2025-10-14_13-20-07-888827.csv,PS
1032558.789395,1032558.789392,1760462488.602384,169590,24428,4,EM,1,100,RS,RB,2025-10-14_13-20-07-888827.csv,PS
1032558.990410,1032558.990407,1760462488.803400,169791,24462,4,EM,1,100,RS,RB,2025-10-14_13-20-07-888827.csv,PS
1032559.198425,1032559.198423,1760462489.011415,169999,24495,4,EM,1,100,RS,RB,2025-10-14_13-20-07-888827.csv,PS
1032559.402441,1032559.402438,1760462489.215431,170203,24531,4,EM,1,100,RS,RB,2025-10-14_13-20-07-888827.csv,PS
1032559.616457,1032559.616454,1760462489.429448,170417,24564,4,EM,1,100,RS,RB,2025-10-14_13-20-07-888827.csv,PS
1032559.816472,1032559.816469,1760462489.629463,170617,24595,4,EM,1,100,RS,RB,2025-10-14_13-20-07-888827.csv,PS
1032560.017487,1032560.017484,1760462489.830479,170818,24628,4,EM,1,100,RS,RB,2025-10-14_13-20-07-888827.csv,PS
1032560.218502,1032560.218499,1760462490.031494,171019,24662,4,EM,1,100,RS,RB,2025-10-14_13-20-07-888827.csv,PS
1032560.419517,1032560.419514,1760462490.232510,171220,24696,4,EM,1,100,RS,RB,2025-10-14_13-20-07-888827.csv,PS
1032560.620532,1032560.620529,1760462490.433525,171421,24729,4,EM,1,100,RS,RB,2025-10-14_13-20-07-888827.csv,PS
1032560.829547,1032560.829545,1760462490.642541,171630,24760,4,EM,1,100,RS,RB,2025-10-14_13-20-07-888827.csv,PS
1032561.030562,1032561.030560,1760462490.843557,171831,24791,4,EM,1,100,RS,RB,2025-10-14_13-20-07-888827.csv,PS
1032561.232578,1032561.232575,1760462491.045573,172033,24826,4,EM,1,100,RS,RB,2025-10-14_13-20-07-888827.csv,PS
1032561.433593,1032561.433590,1760462491.246588,172234,24858,4,EM,1,100,RS,RB,2025-10-14_13-20-07-888827.csv,PS
1032561.640608,1032561.640606,1760462491.453604,172441,24894,4,EM,1,100,RS,RB,2025-10-14_13-20-07-888827.csv,PS
1032561.843623,1032561.843621,1760462491.656620,172644,24924,4,EM,1,100,RS,RB,2025-10-14_13-20-07-888827.csv,PS
1032562.044638,1032562.044636,1760462491.857635,172845,24956,4,EM,1,100,RS,RB,2025-10-14_13-20-07-888827.csv,PS
1032562.251654,1032562.251651,1760462492.064651,173052,24990,4,EM,1,100,RS,RB,2025-10-14_13-20-07-888827.csv,PS
1032562.456669,1032562.456667,1760462492.269667,173257,25023,4,EM,1,100,RS,RB,2025-10-14_13-20-07-888827.csv,PS
1032562.665685,1032562.665682,1760462492.478683,173466,25054,4,EM,1,100,RS,RB,2025-10-14_13-20-07-888827.csv,PS
1032562.866700,1032562.866697,1760462492.679699,173667,25087,4,EM,1,100,RS,RB,2025-10-14_13-20-07-888827.csv,PS
1032563.070715,1032563.070713,1760462492.883714,173871,25118,4,EM,1,100,RS,RB,2025-10-14_13-20-07-888827.csv,PS
1032563.277731,1032563.277728,1760462493.090730,174078,25155,4,EM,1,100,RS,RB,2025-10-14_13-20-07-888827.csv,PS
1032563.479746,1032563.479743,1760462493.292746,174280,25189,4,EM,1,100,RS,RB,2025-10-14_13-20-07-888827.csv,PS
1032563.680761,1032563.680758,1760462493.493762,174481,25221,4,EM,1,100,RS,RB,2025-10-14_13-20-07-888827.csv,PS
1032563.921779,1032563.921776,1760462493.734780,174722,25260,4,EM,1,100,RS,RB,2025-10-14_13-20-07-888827.csv,PS
1032564.134795,1032564.134792,1760462493.947797,174935,25291,4,EM,1,100,RS,RB,2025-10-14_13-20-07-888827.csv,PS
1032564.346810,1032564.346808,1760462494.159813,175147,25325,4,EM,1,100,RS,RB,2025-10-14_13-20-07-888827.csv,PS
1032564.547826,1032564.547823,1760462494.360829,175348,25357,4,EM,1,100,RS,RB,2025-10-14_13-20-07-888827.csv,PS
1032564.748841,1032564.748838,1760462494.561844,175549,25389,4,EM,1,100,RS,RB,2025-10-14_13-20-07-888827.csv,PS
1032564.949856,1032564.949853,1760462494.762860,175750,25420,4,EM,1,100,RS,RB,2025-10-14_13-20-07-888827.csv,PS
1032565.150871,1032565.150868,1760462494.963875,175951,25456,4,EM,1,100,RS,RB,2025-10-14_13-20-07-888827.csv,PS
1032565.374887,1032565.374885,1760462495.187892,176175,25489,4,EM,1,100,RS,RB,2025-10-14_13-20-07-888827.csv,PS
1032565.575902,1032565.575900,1760462495.388908,176376,25522,4,EM,1,100,RS,RB,2025-10-14_13-20-07-888827.csv,PS
1032565.776917,1032565.776915,1760462495.589923,176577,25554,4,EM,1,100,RS,RB,2025-10-14_13-20-07-888827.csv,PS
1032565.977932,1032565.977930,1760462495.790939,176778,25585,4,EM,1,100,RS,RB,2025-10-14_13-20-07-888827.csv,PS
1032566.178947,1032566.178945,1760462495.991955,176979,25619,4,EM,1,100,RS,RB,2025-10-14_13-20-07-888827.csv,PS
1032566.397964,1032566.397961,1760462496.210971,177198,25654,4,EM,1,100,RS,RB,2025-10-14_13-20-07-888827.csv,PS
1032566.598979,1032566.598976,1760462496.411987,177399,25686,4,EM,1,100,RS,RB,2025-10-14_13-20-07-888827.csv,PS
1032566.799994,1032566.799991,1760462496.613003,177600,25718,4,EM,1,100,RS,RB,2025-10-14_13-20-07-888827.csv,PS
1032567.001009,1032567.001006,1760462496.814018,177801,25752,4,EM,1,100,RS,RB,2025-10-14_13-20-07-888827.csv,PS
1032567.205024,1032567.205022,1760462497.018034,178005,25785,4,EM,1,100,RS,RB,2025-10-14_13-20-07-888827.csv,PS
1032567.406039,1032567.406037,1760462497.219049,178206,25819,4,EM,1,100,RS,RB,2025-10-14_13-20-07-888827.csv,PS
1032567.607054,1032567.607052,1760462497.420065,178407,25850,4,EM,1,100,RS,RB,2025-10-14_13-20-07-888827.csv,PS
1032567.812070,1032567.812067,1760462497.625081,178612,25881,4,EM,1,100,RS,RB,2025-10-14_13-20-07-888827.csv,PS
1032568.012085,1032568.012082,1760462497.825096,178812,25914,4,EM,1,100,RS,RB,2025-10-14_13-20-07-888827.csv,PS
1032568.219100,1032568.219098,1760462498.032112,179019,25950,4,EM,1,100,RS,RB,2025-10-14_13-20-07-888827.csv,PS
1032568.420115,1032568.420113,1760462498.233128,179220,25987,4,EM,1,100,RS,RB,2025-10-14_13-20-07-888827.csv,PS
1032568.624130,1032568.624128,1760462498.437143,179424,26019,4,EM,1,100,RS,RB,2025-10-14_13-20-07-888827.csv,PS
1032568.826145,1032568.826143,1760462498.639159,179626,26049,4,EM,1,100,RS,RB,2025-10-14_13-20-07-888827.csv,PS
1032569.027160,1032569.027158,1760462498.840174,179827,26092,4,EM,1,100,RS,RB,2025-10-14_13-20-07-888827.csv,PS
1032569.229176,1032569.229173,1760462499.042190,180029,26124,4,EM,1,100,RS,RB,2025-10-14_13-20-07-888827.csv,PS
1032569.430191,1032569.430188,1760462499.243206,180230,26157,4,EM,1,100,RS,RB,2025-10-14_13-20-07-888827.csv,PS
1032569.631206,1032569.631203,1760462499.444221,180431,26191,4,EM,1,100,RS,RB,2025-10-14_13-20-07-888827.csv,PS
1032569.832221,1032569.832218,1760462499.645237,180632,26223,4,EM,1,100,RS,RB,2025-10-14_13-20-07-888827.csv,PS
1032570.033236,1032570.033233,1760462499.846252,180833,26255,4,EM,1,100,RS,RB,2025-10-14_13-20-07-888827.csv,PS
1032570.242251,1032570.242249,1760462500.055268,181042,26289,4,EM,1,100,RS,RB,2025-10-14_13-20-07-888827.csv,PS
1032570.443266,1032570.443264,1760462500.256284,181243,26324,4,EM,1,100,RS,RB,2025-10-14_13-20-07-888827.csv,PS
1032570.644281,1032570.644279,1760462500.457299,181444,26355,4,EM,1,100,RS,RB,2025-10-14_13-20-07-888827.csv,PS
1032570.845296,1032570.845294,1760462500.658315,181645,26388,4,EM,1,100,RS,RB,2025-10-14_13-20-07-888827.csv,PS
1032571.052312,1032571.052309,1760462500.865331,181852,26419,4,EM,1,100,RS,RB,2025-10-14_13-20-07-888827.csv,PS
1032571.271328,1032571.271326,1760462501.084348,182071,26458,4,EM,1,100,RS,RB,2025-10-14_13-20-07-888827.csv,PS
1032571.472343,1032571.472341,1760462501.285363,182272,26488,4,EM,1,100,RS,RB,2025-10-14_13-20-07-888827.csv,PS
1032571.673358,1032571.673356,1760462501.486379,182473,26522,4,EM,1,100,RS,RB,2025-10-14_13-20-07-888827.csv,PS
1032571.877374,1032571.877371,1760462501.690395,182677,26554,4,EM,1,100,RS,RB,2025-10-14_13-20-07-888827.csv,PS
1032572.078389,1032572.078386,1760462501.891410,182878,26588,4,EM,1,100,RS,RB,2025-10-14_13-20-07-888827.csv,PS
1032572.278404,1032572.278401,1760462502.091425,183078,26622,4,EM,1,100,RS,RB,2025-10-14_13-20-07-888827.csv,PS
1032572.479419,1032572.479416,1760462502.292441,183279,26657,4,EM,1,100,RS,RB,2025-10-14_13-20-07-888827.csv,PS
1032572.680434,1032572.680431,1760462502.493457,183480,26690,4,EM,1,100,RS,RB,2025-10-14_13-20-07-888827.csv,PS
1032572.891449,1032572.891447,1760462502.704473,183691,26721,4,EM,1,100,RS,RB,2025-10-14_13-20-07-888827.csv,PS
1032573.092464,1032573.092462,1760462502.905488,183892,26756,4,EM,1,100,RS,RB,2025-10-14_13-20-07-888827.csv,PS
1032573.293480,1032573.293477,1760462503.106504,184093,26791,4,EM,1,100,RS,RB,2025-10-14_13-20-07-888827.csv,PS
1032573.495495,1032573.495492,1760462503.308520,184295,26824,4,EM,1,100,RS,RB,2025-10-14_13-20-07-888827.csv,PS
1032573.697510,1032573.697507,1760462503.510535,184497,26857,4,EM,1,100,RS,RB,2025-10-14_13-20-07-888827.csv,PS
1032573.904525,1032573.904523,1760462503.717551,184704,26889,4,EM,1,100,RS,RB,2025-10-14_13-20-07-888827.csv,PS
1032574.140543,1032574.140540,1760462503.953569,184940,26927,4,EM,1,100,RS,RB,2025-10-14_13-20-07-888827.csv,PS
1032574.361559,1032574.361557,1760462504.174586,185161,26961,4,EM,1,100,RS,RB,2025-10-14_13-20-07-888827.csv,PS
1032574.562574,1032574.562572,1760462504.375602,185362,26991,4,EM,1,100,RS,RB,2025-10-14_13-20-07-888827.csv,PS
1032574.762589,1032574.762587,1760462504.575617,185562,27025,4,EM,1,100,RS,RB,2025-10-14_13-20-07-888827.csv,PS
1032574.963604,1032574.963602,1760462504.776633,185763,27056,4,EM,1,100,RS,RB,2025-10-14_13-20-07-888827.csv,PS
1032575.164619,1032575.164617,1760462504.977648,185964,27088,4,EM,1,100,RS,RB,2025-10-14_13-20-07-888827.csv,PS
1032575.370635,1032575.370632,1760462505.183664,186170,27123,4,EM,1,100,RS,RB,2025-10-14_13-20-07-888827.csv,PS
1032575.571650,1032575.571647,1760462505.384680,186371,27154,4,EM,1,100,RS,RB,2025-10-14_13-20-07-888827.csv,PS
1032575.772665,1032575.772662,1760462505.585695,186572,27187,4,EM,1,100,RS,RB,2025-10-14_13-20-07-888827.csv,PS
1032575.973680,1032575.973677,1760462505.786711,186773,27219,4,EM,1,100,RS,RB,2025-10-14_13-20-07-888827.csv,PS
1032576.178695,1032576.178693,1760462505.991727,186978,27251,4,EM,1,100,RS,RB,2025-10-14_13-20-07-888827.csv,PS
1032576.389711,1032576.389708,1760462506.202743,187189,27286,4,EM,1,100,RS,RB,2025-10-14_13-20-07-888827.csv,PS
1032576.589726,1032576.589723,1760462506.402758,187389,27318,4,EM,1,100,RS,RB,2025-10-14_13-20-07-888827.csv,PS
1032576.790741,1032576.790738,1760462506.603774,187590,27348,4,EM,1,100,RS,RB,2025-10-14_13-20-07-888827.csv,PS
1032576.991756,1032576.991753,1760462506.804790,187791,27384,4,EM,1,100,RS,RB,2025-10-14_13-20-07-888827.csv,PS
1032577.192771,1032577.192768,1760462507.005805,187992,27415,4,EM,1,100,RS,RB,2025-10-14_13-20-07-888827.csv,PS
1032577.402787,1032577.402784,1760462507.215821,188202,27451,4,EM,1,100,RS,RB,2025-10-14_13-20-07-888827.csv,PS
1032577.603802,1032577.603799,1760462507.416837,188403,27482,4,EM,1,100,RS,RB,2025-10-14_13-20-07-888827.csv,PS
1032577.804817,1032577.804814,1760462507.617852,188604,27513,4,EM,1,100,RS,RB,2025-10-14_13-20-07-888827.csv,PS
1032578.005832,1032578.005829,1760462507.818868,188805,27548,4,EM,1,100,RS,RB,2025-10-14_13-20-07-888827.csv,PS
1032578.206847,1032578.206844,1760462508.019883,189006,27580,4,EM,1,100,RS,RB,2025-10-14_13-20-07-888827.csv,PS
1032578.419863,1032578.419860,1760462508.232900,189219,27615,4,EM,1,100,RS,RB,2025-10-14_13-20-07-888827.csv,PS
1032578.623878,1032578.623875,1760462508.436915,189423,27649,4,EM,1,100,RS,RB,2025-10-14_13-20-07-888827.csv,PS
1032578.824893,1032578.824891,1760462508.637931,189624,27681,4,EM,1,100,RS,RB,2025-10-14_13-20-07-888827.csv,PS
1032579.025908,1032579.025906,1760462508.838947,189825,27713,4,EM,1,100,RS,RB,2025-10-14_13-20-07-888827.csv,PS
1032579.230924,1032579.230921,1760462509.043962,190030,27755,4,EM,1,100,RS,RB,2025-10-14_13-20-07-888827.csv,PS
1032579.431939,1032579.431936,1760462509.244978,190231,27789,4,EM,1,100,RS,RB,2025-10-14_13-20-07-888827.csv,PS
1032579.632954,1032579.632951,1760462509.445993,190432,27823,4,EM,1,100,RS,RB,2025-10-14_13-20-07-888827.csv,PS
1032579.837969,1032579.837966,1760462509.651009,190637,27855,4,EM,1,100,RS,RB,2025-10-14_13-20-07-888827.csv,PS
1032580.038984,1032580.038981,1760462509.852025,190838,27887,4,EM,1,100,RS,RB,2025-10-14_13-20-07-888827.csv,PS
1032580.257000,1032580.256998,1760462510.070042,191056,27923,4,EM,1,100,RS,RB,2025-10-14_13-20-07-888827.csv,PS
1032580.458015,1032580.458013,1760462510.271057,191257,27957,4,EM,1,100,RS,RB,2025-10-14_13-20-07-888827.csv,PS
1032580.659030,1032580.659028,1760462510.472073,191458,27990,4,EM,1,100,RS,RB,2025-10-14_13-20-07-888827.csv,PS
1032580.867046,1032580.867043,1760462510.680089,191666,28023,4,EM,1,100,RS,RB,2025-10-14_13-20-07-888827.csv,PS
1032581.068061,1032581.068058,1760462510.881104,191867,28054,4,EM,1,100,RS,RB,2025-10-14_13-20-07-888827.csv,PS
1032581.269076,1032581.269073,1760462511.082120,192068,28086,4,EM,1,100,RS,RB,2025-10-14_13-20-07-888827.csv,PS
1032581.470091,1032581.470088,1760462511.283135,192269,28118,4,EM,1,100,RS,RB,2025-10-14_13-20-07-888827.csv,PS
1032581.671106,1032581.671103,1760462511.484151,192470,28152,4,EM,1,100,RS,RB,2025-10-14_13-20-07-888827.csv,PS
1032581.872121,1032581.872118,1760462511.685166,192671,28184,4,EM,1,100,RS,RB,2025-10-14_13-20-07-888827.csv,PS
1032582.073136,1032582.073133,1760462511.886182,192872,28216,4,EM,1,100,RS,RB,2025-10-14_13-20-07-888827.csv,PS
1032582.277151,1032582.277149,1760462512.090198,193076,28249,4,EM,1,100,RS,RB,2025-10-14_13-20-07-888827.csv,PS
1032582.478166,1032582.478164,1760462512.291213,193277,28282,4,EM,1,100,RS,RB,2025-10-14_13-20-07-888827.csv,PS
1032582.679181,1032582.679179,1760462512.492229,193478,28315,4,EM,1,100,RS,RB,2025-10-14_13-20-07-888827.csv,PS
1032582.880196,1032582.880194,1760462512.693244,193679,28348,4,EM,1,100,RS,RB,2025-10-14_13-20-07-888827.csv,PS
1032583.081211,1032583.081209,1760462512.894260,193880,28380,4,EM,1,100,RS,RB,2025-10-14_13-20-07-888827.csv,PS
1032583.282227,1032583.282224,1760462513.095275,194081,28413,4,EM,1,100,RS,RB,2025-10-14_13-20-07-888827.csv,PS
1032583.483242,1032583.483239,1760462513.296291,194282,28446,4,EM,1,100,RS,RB,2025-10-14_13-20-07-888827.csv,PS
1032583.684257,1032583.684254,1760462513.497306,194483,28477,4,EM,1,100,RS,RB,2025-10-14_13-20-07-888827.csv,PS
1032583.885272,1032583.885269,1760462513.698322,194684,28511,4,EM,1,100,RS,RB,2025-10-14_13-20-07-888827.csv,PS
1032584.086287,1032584.086284,1760462513.899337,194885,28543,4,EM,1,100,RS,RB,2025-10-14_13-20-07-888827.csv,PS
1032584.287302,1032584.287299,1760462514.100353,195086,28575,4,EM,1,100,RS,RB,2025-10-14_13-20-07-888827.csv,PS
1032584.500318,1032584.500315,1760462514.313369,195299,28607,4,EM,1,100,RS,RB,2025-10-14_13-20-07-888827.csv,PS
1032584.704333,1032584.704330,1760462514.517385,195503,28639,4,EM,1,100,RS,RB,2025-10-14_13-20-07-888827.csv,PS
1032584.905348,1032584.905345,1760462514.718400,195704,28670,4,EM,1,100,RS,RB,2025-10-14_13-20-07-888827.csv,PS
1032585.106363,1032585.106360,1760462514.919416,195905,28703,4,EM,1,100,RS,RB,2025-10-14_13-20-07-888827.csv,PS
1032585.308378,1032585.308375,1760462515.121432,196107,28736,4,EM,1,100,RS,RB,2025-10-14_13-20-07-888827.csv,PS
1032585.509393,1032585.509390,1760462515.322447,196308,28767,4,EM,1,100,RS,RB,2025-10-14_13-20-07-888827.csv,PS
1032585.710408,1032585.710405,1760462515.523463,196509,28802,4,EM,1,100,RS,RB,2025-10-14_13-20-07-888827.csv,PS
1032585.911423,1032585.911420,1760462515.724478,196710,28834,4,EM,1,100,RS,RB,2025-10-14_13-20-07-888827.csv,PS
1032586.112438,1032586.112435,1760462515.925494,196911,28864,4,EM,1,100,RS,RB,2025-10-14_13-20-07-888827.csv,PS
1032586.313453,1032586.313450,1760462516.126509,197112,28898,4,EM,1,100,RS,RB,2025-10-14_13-20-07-888827.csv,PS
1032586.523469,1032586.523466,1760462516.336525,197322,28930,4,EM,1,100,RS,RB,2025-10-14_13-20-07-888827.csv,PS
1032586.724484,1032586.724481,1760462516.537541,197523,28962,4,EM,1,100,RS,RB,2025-10-14_13-20-07-888827.csv,PS
1032586.933500,1032586.933497,1760462516.746557,197732,28995,4,EM,1,100,RS,RB,2025-10-14_13-20-07-888827.csv,PS
1032587.134515,1032587.134512,1760462516.947573,197933,29026,4,EM,1,100,RS,RB,2025-10-14_13-20-07-888827.csv,PS
1032587.336530,1032587.336527,1760462517.149588,198135,29060,4,EM,1,100,RS,RB,2025-10-14_13-20-07-888827.csv,PS
1032587.537545,1032587.537542,1760462517.350604,198336,29090,4,EM,1,100,RS,RB,2025-10-14_13-20-07-888827.csv,PS
1032587.738560,1032587.738557,1760462517.551619,198537,29122,4,EM,1,100,RS,RB,2025-10-14_13-20-07-888827.csv,PS
1032587.946575,1032587.946573,1760462517.759635,198745,29157,4,EM,1,100,RS,RB,2025-10-14_13-20-07-888827.csv,PS
1032588.148590,1032588.148588,1760462517.961651,198947,29188,4,EM,1,100,RS,RB,2025-10-14_13-20-07-888827.csv,PS
1032588.349605,1032588.349603,1760462518.162667,199148,29223,4,EM,1,100,RS,RB,2025-10-14_13-20-07-888827.csv,PS
1032588.550620,1032588.550618,1760462518.363682,199349,29257,4,EM,1,100,RS,RB,2025-10-14_13-20-07-888827.csv,PS
1032588.765637,1032588.765634,1760462518.578699,199564,29287,4,EM,1,100,RS,RB,2025-10-14_13-20-07-888827.csv,PS
1032588.966652,1032588.966649,1760462518.779714,199765,29319,4,EM,1,100,RS,RB,2025-10-14_13-20-07-888827.csv,PS
1032589.170667,1032589.170664,1760462518.983730,199969,29353,4,EM,1,100,RS,RB,2025-10-14_13-20-07-888827.csv,PS
1032589.371682,1032589.371679,1760462519.184745,200170,29387,4,EM,1,100,RS,RB,2025-10-14_13-20-07-888827.csv,PS
1032589.572697,1032589.572694,1760462519.385761,200371,29420,4,EM,1,100,RS,RB,2025-10-14_13-20-07-888827.csv,PS
1032589.773712,1032589.773709,1760462519.586776,200572,29451,4,EM,1,100,RS,RB,2025-10-14_13-20-07-888827.csv,PS
1032589.975727,1032589.975724,1760462519.788792,200774,29482,4,EM,1,100,RS,RB,2025-10-14_13-20-07-888827.csv,PS
1032590.176742,1032590.176739,1760462519.989808,200975,29515,4,EM,1,100,RS,RB,2025-10-14_13-20-07-888827.csv,PS
1032590.383758,1032590.383755,1760462520.196824,201182,29548,4,EM,1,100,RS,RB,2025-10-14_13-20-07-888827.csv,PS
1032590.586773,1032590.586770,1760462520.399839,201385,29582,4,EM,1,100,RS,RB,2025-10-14_13-20-07-888827.csv,PS
1032590.787788,1032590.787785,1760462520.600855,201586,29612,4,EM,1,100,RS,RB,2025-10-14_13-20-07-888827.csv,PS
1032590.989803,1032590.989800,1760462520.802870,201788,29644,4,EM,1,100,RS,RB,2025-10-14_13-20-07-888827.csv,PS
1032591.191818,1032591.191815,1760462521.004886,201990,29676,4,EM,1,100,RS,RB,2025-10-14_13-20-07-888827.csv,PS
1032591.392833,1032591.392830,1760462521.205901,202191,29710,4,EM,1,100,RS,RB,2025-10-14_13-20-07-888827.csv,PS
1032591.600849,1032591.600846,1760462521.413918,202399,29741,4,EM,1,100,RS,RB,2025-10-14_13-20-07-888827.csv,PS
1032591.801864,1032591.801861,1760462521.614933,202600,29774,4,EM,1,100,RS,RB,2025-10-14_13-20-07-888827.csv,PS
1032592.002879,1032592.002876,1760462521.815948,202801,29808,4,EM,1,100,RS,RB,2025-10-14_13-20-07-888827.csv,PS
1032592.203894,1032592.203891,1760462522.016964,203002,29838,4,EM,1,100,RS,RB,2025-10-14_13-20-07-888827.csv,PS
1032592.404909,1032592.404906,1760462522.217980,203203,29872,4,EM,1,100,RS,RB,2025-10-14_13-20-07-888827.csv,PS
1032592.672929,1032592.672926,1760462522.486000,203471,29888,4,EM,1,100,RS,RB,2025-10-14_13-20-07-888827.csv,PS
1032592.876944,1032592.876941,1760462522.690016,203675,29922,4,EM,1,100,RS,RB,2025-10-14_13-20-07-888827.csv,PS
1032593.076959,1032593.076956,1760462522.890032,203875,29953,4,EM,1,100,RS,RB,2025-10-14_13-20-07-888827.csv,PS
1032593.277974,1032593.277971,1760462523.091047,204076,29988,4,EM,1,100,RS,RB,2025-10-14_13-20-07-888827.csv,PS
1032593.478989,1032593.478986,1760462523.292063,204277,30022,4,EM,1,100,RS,RB,2025-10-14_13-20-07-888827.csv,PS
1032593.680004,1032593.680001,1760462523.493078,204478,30054,4,EM,1,100,RS,RB,2025-10-14_13-20-07-888827.csv,PS
1032593.881019,1032593.881016,1760462523.694094,204679,30084,4,EM,1,100,RS,RB,2025-10-14_13-20-07-888827.csv,PS
